version 2
JvmtiExport can_access_local_variables 0
JvmtiExport can_hotswap_or_post_breakpoint 1
JvmtiExport can_post_on_exceptions 0
# 447 ciObject found
instanceKlass org/eclipse/jdt/internal/compiler/lookup/Scope
ciInstanceKlass java/lang/Cloneable 1 0 7 100 1 100 1 1 1
# instanceKlass java/lang/invoke/LambdaForm$MH+0x000001d2aa67b000
# instanceKlass java/lang/invoke/LambdaForm$MH+0x000001d2aa67ac00
# instanceKlass java/lang/invoke/LambdaForm$MH+0x000001d2aa67a800
# instanceKlass java/lang/invoke/LambdaForm$MH+0x000001d2aa67a400
# instanceKlass java/lang/invoke/LambdaForm$MH+0x000001d2aa67a000
instanceKlass  @bci org/eclipse/jdt/internal/compiler/ClassFile getNestMembers ()Ljava/util/List; 18 <appendix> argL0 ; # org/eclipse/jdt/internal/compiler/ClassFile$$Lambda+0x000001d2aa67ec28
instanceKlass  @bci org/eclipse/jdt/internal/compiler/ast/LambdaExpression generateCode (Lorg/eclipse/jdt/internal/compiler/ClassFile;)V 456 <appendix> argL0 ; # org/eclipse/jdt/internal/compiler/ast/LambdaExpression$$Lambda+0x000001d2aa67e9e8
instanceKlass  @bci org/eclipse/jdt/internal/compiler/lookup/SyntheticMethodBinding <init> (Lorg/eclipse/jdt/internal/compiler/ast/LambdaExpression;[CLorg/eclipse/jdt/internal/compiler/lookup/SourceTypeBinding;)V 145 <appendix> argL0 ; # org/eclipse/jdt/internal/compiler/lookup/SyntheticMethodBinding$$Lambda+0x000001d2aa67e7d8
instanceKlass  @bci org/eclipse/jdt/internal/compiler/lookup/SyntheticMethodBinding <init> (Lorg/eclipse/jdt/internal/compiler/ast/LambdaExpression;[CLorg/eclipse/jdt/internal/compiler/lookup/SourceTypeBinding;)V 135 <appendix> argL0 ; # org/eclipse/jdt/internal/compiler/lookup/SyntheticMethodBinding$$Lambda+0x000001d2aa67e598
instanceKlass  @bci org/eclipse/jdt/internal/compiler/lookup/SyntheticMethodBinding <init> (Lorg/eclipse/jdt/internal/compiler/ast/LambdaExpression;[CLorg/eclipse/jdt/internal/compiler/lookup/SourceTypeBinding;)V 103 <appendix> argL0 ; # org/eclipse/jdt/internal/compiler/lookup/SyntheticMethodBinding$$Lambda+0x000001d2aa67e358
instanceKlass org/eclipse/jdt/internal/compiler/ast/FunctionalExpression$1BridgeCollector
instanceKlass org/eclipse/jdt/internal/compiler/lookup/InnerEmulationDependency
# instanceKlass java/lang/invoke/LambdaForm$MH+0x000001d2aa679c00
instanceKlass  @bci org/eclipse/jdt/internal/compiler/problem/ProblemReporter deprecatedMethod (Lorg/eclipse/jdt/internal/compiler/lookup/MethodBinding;Lorg/eclipse/jdt/internal/compiler/ast/ASTNode;)V 193 <appendix> member <vmtarget> ; # org/eclipse/jdt/internal/compiler/problem/ProblemReporter$$Lambda+0x000001d2aa67d6f0
instanceKlass  @bci org/eclipse/jdt/internal/compiler/lookup/ParameterizedTypeBinding capture (Lorg/eclipse/jdt/internal/compiler/lookup/Scope;II)Lorg/eclipse/jdt/internal/compiler/lookup/ParameterizedTypeBinding; 185 <appendix> member <vmtarget> ; # org/eclipse/jdt/internal/compiler/lookup/ParameterizedTypeBinding$$Lambda+0x000001d2aa67d4d8
# instanceKlass java/lang/invoke/LambdaForm$MH+0x000001d2aa679800
# instanceKlass java/lang/invoke/LambdaForm$MH+0x000001d2aa679400
# instanceKlass java/lang/invoke/LambdaForm$MH+0x000001d2aa679000
# instanceKlass java/lang/invoke/LambdaForm$MH+0x000001d2aa678c00
instanceKlass org/eclipse/jdt/internal/compiler/codegen/IntegerCache
instanceKlass org/eclipse/jdt/internal/compiler/lookup/InferenceContext18$SuspendedInferenceRecord
instanceKlass org/eclipse/jdt/internal/compiler/lookup/InferenceContext18$2
instanceKlass org/eclipse/jdt/internal/compiler/lookup/ParameterizedGenericMethodBinding$LingeringTypeVariableEliminator
instanceKlass org/eclipse/jdt/internal/compiler/ClassFile$1
instanceKlass org/eclipse/jdt/internal/compiler/lookup/InferenceContext18$3
# instanceKlass java/lang/invoke/LambdaForm$MH+0x000001d2aa678800
# instanceKlass java/lang/invoke/LambdaForm$DMH+0x000001d2aa678400
instanceKlass lombok/eclipse/agent/PatchExtensionMethod$PostponedInvalidMethodError
# instanceKlass java/lang/invoke/LambdaForm$MH+0x000001d2aa678000
# instanceKlass java/lang/invoke/LambdaForm$MH+0x000001d2aa673c00
# instanceKlass java/lang/invoke/LambdaForm$MH+0x000001d2aa673800
# instanceKlass java/lang/invoke/LambdaForm$MH+0x000001d2aa673400
# instanceKlass java/lang/invoke/LambdaForm$MH+0x000001d2aa673000
# instanceKlass java/lang/invoke/LambdaForm$MH+0x000001d2aa672c00
# instanceKlass java/lang/invoke/LambdaForm$MH+0x000001d2aa672800
# instanceKlass java/lang/invoke/LambdaForm$MH+0x000001d2aa672400
# instanceKlass java/lang/invoke/LambdaForm$MH+0x000001d2aa672000
instanceKlass org/eclipse/jdt/internal/compiler/lookup/BoundSet$ThreeSets
instanceKlass org/eclipse/jdt/internal/compiler/lookup/InferenceVariable$InferenceVarKey
instanceKlass org/eclipse/jdt/internal/compiler/lookup/BoundSet
instanceKlass org/eclipse/jdt/internal/compiler/lookup/Scope$3
instanceKlass  @bci org/eclipse/jdt/internal/compiler/ast/TypeDeclaration addMissingAbstractMethodFor (Lorg/eclipse/jdt/internal/compiler/lookup/MethodBinding;)Lorg/eclipse/jdt/internal/compiler/ast/MethodDeclaration; 99 <appendix> form vmentry <vmtarget> ; # java/lang/invoke/LambdaForm$MH+0x000001d2aa671c00
# instanceKlass java/lang/invoke/LambdaForm$MH+0x000001d2aa671800
instanceKlass  @bci org/eclipse/jdt/internal/compiler/ast/TypeDeclaration addMissingAbstractMethodFor (Lorg/eclipse/jdt/internal/compiler/lookup/MethodBinding;)Lorg/eclipse/jdt/internal/compiler/ast/MethodDeclaration; 99 <appendix> argL3 form vmentry <vmtarget> ; # java/lang/invoke/LambdaForm$MH+0x000001d2aa671400
# instanceKlass java/lang/invoke/LambdaForm$MH+0x000001d2aa671000
# instanceKlass java/lang/invoke/LambdaForm$MH+0x000001d2aa670c00
# instanceKlass java/lang/invoke/LambdaForm$MH+0x000001d2aa670800
instanceKlass  @bci org/eclipse/jdt/internal/compiler/lookup/MethodVerifier checkForRedundantSuperinterfaces (Lorg/eclipse/jdt/internal/compiler/lookup/ReferenceBinding;[Lorg/eclipse/jdt/internal/compiler/lookup/ReferenceBinding;)V 475 <appendix> argL0 ; # org/eclipse/jdt/internal/compiler/lookup/MethodVerifier$$Lambda+0x000001d2aa674ae8
instanceKlass org/eclipse/jdt/internal/compiler/codegen/StackMapFrameCodeStream$ExceptionMarker
instanceKlass  @bci org/eclipse/jdt/internal/compiler/ast/SwitchStatement$SwitchTranslator initializeLabels (Lorg/eclipse/jdt/internal/compiler/codegen/CodeStream;)V 27 <appendix> argL0 ; # org/eclipse/jdt/internal/compiler/ast/SwitchStatement$SwitchTranslator$$Lambda+0x000001d2aa66f8e8
# instanceKlass java/lang/invoke/LambdaForm$MH+0x000001d2aa670400
# instanceKlass java/lang/invoke/LambdaForm$MH+0x000001d2aa670000
instanceKlass org/eclipse/jdt/internal/compiler/ClassFile$3
instanceKlass org/eclipse/jdt/internal/compiler/codegen/VerificationTypeInfo
instanceKlass org/eclipse/jdt/internal/compiler/codegen/StackMapFrame
instanceKlass org/eclipse/jdt/internal/compiler/codegen/DoubleCache
instanceKlass org/eclipse/jdt/internal/compiler/codegen/LongCache
instanceKlass org/eclipse/jdt/internal/compiler/codegen/FloatCache
instanceKlass org/eclipse/jdt/internal/compiler/ast/UnlikelyArgumentCheck
instanceKlass org/eclipse/jdt/internal/compiler/ast/NullAnnotationMatching
instanceKlass org/eclipse/jdt/internal/compiler/ClassFile$2
instanceKlass  @bci org/eclipse/jdt/internal/compiler/ast/CaseStatement peeledLabelExpressions ()[Lorg/eclipse/jdt/internal/compiler/ast/Expression; 80 <appendix> argL0 ; # org/eclipse/jdt/internal/compiler/ast/CaseStatement$$Lambda+0x000001d2aa66a9b0
instanceKlass org/eclipse/jdt/internal/compiler/lookup/Substitution$NullSubstitution
# instanceKlass java/lang/invoke/LambdaForm$MH+0x000001d2aa66dc00
# instanceKlass java/lang/invoke/LambdaForm$MH+0x000001d2aa66d800
# instanceKlass java/lang/invoke/LambdaForm$MH+0x000001d2aa66d400
# instanceKlass java/lang/invoke/LambdaForm$MH+0x000001d2aa66d000
instanceKlass lombok/launch/PatchFixesHider$Val
instanceKlass lombok/eclipse/agent/PatchExtensionMethod$Reflection
# instanceKlass java/lang/invoke/LambdaForm$MH+0x000001d2aa66cc00
# instanceKlass java/lang/invoke/LambdaForm$MH+0x000001d2aa66c800
# instanceKlass java/lang/invoke/LambdaForm$MH+0x000001d2aa66c400
# instanceKlass java/lang/invoke/LambdaForm$MH+0x000001d2aa66c000
instanceKlass lombok/eclipse/agent/PatchExtensionMethod$PostponedError
instanceKlass lombok/eclipse/agent/PatchExtensionMethod
instanceKlass lombok/launch/PatchFixesHider$ExtensionMethod
instanceKlass lombok/var
instanceKlass lombok/val
instanceKlass org/eclipse/jdt/internal/compiler/ast/CaseStatement$LabelExpression
instanceKlass org/eclipse/jdt/internal/compiler/ast/SwitchStatement$SwitchTranslator
instanceKlass  @bci org/eclipse/jdt/internal/compiler/ast/AbstractMethodDeclaration generateCode (Lorg/eclipse/jdt/internal/compiler/ClassFile;)V 295 <appendix> argL0 ; # org/eclipse/jdt/internal/compiler/ast/AbstractMethodDeclaration$$Lambda+0x000001d2aa668928
instanceKlass  @bci org/eclipse/jdt/internal/compiler/ast/NameReference checkEffectiveFinality (Lorg/eclipse/jdt/internal/compiler/lookup/VariableBinding;Lorg/eclipse/jdt/internal/compiler/lookup/Scope;)Z 1 <appendix> member <vmtarget> ; # org/eclipse/jdt/internal/compiler/ast/NameReference$$Lambda+0x000001d2aa6686e0
instanceKlass  @bci org/eclipse/jdt/internal/compiler/ast/MethodDeclaration analyseCode (Lorg/eclipse/jdt/internal/compiler/lookup/ClassScope;Lorg/eclipse/jdt/internal/compiler/flow/FlowContext;Lorg/eclipse/jdt/internal/compiler/flow/FlowInfo;)V 273 <appendix> argL0 ; # org/eclipse/jdt/internal/compiler/ast/MethodDeclaration$$Lambda+0x000001d2aa665ba8
instanceKlass org/eclipse/core/runtime/SlicedProgressMonitor
instanceKlass  @bci org/eclipse/core/internal/resources/File internalSetMultipleContents (Ljava/util/concurrent/ConcurrentMap;IZLorg/eclipse/core/runtime/IProgressMonitor;Ljava/util/concurrent/ExecutorService;)V 63 <adapter> ; # java/lang/invoke/LambdaForm$MH+0x000001d2aa664c00
# instanceKlass java/lang/invoke/LambdaForm$DMH+0x000001d2aa664800
instanceKlass  @bci org/eclipse/core/internal/resources/File internalSetMultipleContents (Ljava/util/concurrent/ConcurrentMap;IZLorg/eclipse/core/runtime/IProgressMonitor;Ljava/util/concurrent/ExecutorService;)V 63 <appendix> form vmentry <vmtarget> ; # java/lang/invoke/LambdaForm$DMH+0x000001d2aa664400
instanceKlass  @bci org/eclipse/core/internal/resources/File internalSetMultipleContents (Ljava/util/concurrent/ConcurrentMap;IZLorg/eclipse/core/runtime/IProgressMonitor;Ljava/util/concurrent/ExecutorService;)V 63 <appendix> member <vmtarget> ; # org/eclipse/core/internal/resources/File$$Lambda+0x000001d2aa666000
instanceKlass  @cpi org/eclipse/core/internal/resources/File 783 form vmentry <vmtarget> ; # java/lang/invoke/LambdaForm$DMH+0x000001d2aa664000
instanceKlass  @bci org/eclipse/core/internal/resources/Workspace createMultiple (Ljava/util/concurrent/ConcurrentMap;ILorg/eclipse/core/runtime/IProgressMonitor;Ljava/util/concurrent/ExecutorService;)V 125 <appendix> argL0 ; # org/eclipse/core/internal/resources/Workspace$$Lambda+0x000001d2aa5dbc38
instanceKlass  @bci org/eclipse/core/internal/resources/Workspace createMultiple (Ljava/util/concurrent/ConcurrentMap;ILorg/eclipse/core/runtime/IProgressMonitor;Ljava/util/concurrent/ExecutorService;)V 115 <appendix> member <vmtarget> ; # org/eclipse/core/internal/resources/Workspace$$Lambda+0x000001d2aa5dba00
instanceKlass org/eclipse/jdt/internal/core/builder/NameSet
instanceKlass org/eclipse/jdt/internal/core/builder/QualifiedNameSet
instanceKlass  @bci org/eclipse/jdt/internal/compiler/ClassFile completeMethodInfo (Lorg/eclipse/jdt/internal/compiler/lookup/MethodBinding;II)V 394 <appendix> member <vmtarget> ; # org/eclipse/jdt/internal/compiler/ClassFile$$Lambda+0x000001d2aa662400
instanceKlass  @bci org/eclipse/jdt/internal/compiler/ClassFile completeMethodInfo (Lorg/eclipse/jdt/internal/compiler/lookup/MethodBinding;II)V 387 <appendix> member <vmtarget> ; # org/eclipse/jdt/internal/compiler/ClassFile$$Lambda+0x000001d2aa6621c0
instanceKlass  @bci org/eclipse/jdt/internal/compiler/codegen/CodeStream exitUserScope (Lorg/eclipse/jdt/internal/compiler/lookup/BlockScope;)V 2 <appendix> argL0 ; # org/eclipse/jdt/internal/compiler/codegen/CodeStream$$Lambda+0x000001d2aa661f80
instanceKlass  @bci org/eclipse/jdt/internal/compiler/ast/ConstructorDeclaration internalGenerateCode (Lorg/eclipse/jdt/internal/compiler/lookup/ClassScope;Lorg/eclipse/jdt/internal/compiler/ClassFile;)V 660 <appendix> argL0 ; # org/eclipse/jdt/internal/compiler/ast/ConstructorDeclaration$$Lambda+0x000001d2aa661d40
instanceKlass  @bci org/eclipse/jdt/internal/compiler/ClassFile generateTypeAnnotationsOnCodeAttribute ()I 245 <appendix> member <vmtarget> ; # org/eclipse/jdt/internal/compiler/ClassFile$$Lambda+0x000001d2aa661b28
instanceKlass  @bci org/eclipse/jdt/internal/compiler/ClassFile generateTypeAnnotationsOnCodeAttribute ()I 239 <appendix> member <vmtarget> ; # org/eclipse/jdt/internal/compiler/ClassFile$$Lambda+0x000001d2aa6618e8
instanceKlass org/eclipse/jdt/internal/compiler/codegen/StackMapFrameCodeStream$FramePosition
instanceKlass org/eclipse/jdt/internal/compiler/codegen/CachedIndexEntry
instanceKlass  @bci org/eclipse/jdt/internal/compiler/lookup/Scope initializeCommonTypeBindings ()Ljava/util/Map; 515 <appendix> member <vmtarget> ; # org/eclipse/jdt/internal/compiler/lookup/Scope$$Lambda+0x000001d2aa6612d8
instanceKlass  @bci org/eclipse/jdt/internal/compiler/lookup/Scope initializeCommonTypeBindings ()Ljava/util/Map; 492 <appendix> member <vmtarget> ; # org/eclipse/jdt/internal/compiler/lookup/Scope$$Lambda+0x000001d2aa6610c0
instanceKlass  @bci org/eclipse/jdt/internal/compiler/lookup/Scope initializeCommonTypeBindings ()Ljava/util/Map; 469 <appendix> member <vmtarget> ; # org/eclipse/jdt/internal/compiler/lookup/Scope$$Lambda+0x000001d2aa660ea8
instanceKlass  @bci org/eclipse/jdt/internal/compiler/lookup/Scope initializeCommonTypeBindings ()Ljava/util/Map; 446 <appendix> member <vmtarget> ; # org/eclipse/jdt/internal/compiler/lookup/Scope$$Lambda+0x000001d2aa660c90
instanceKlass  @bci org/eclipse/jdt/internal/compiler/lookup/Scope initializeCommonTypeBindings ()Ljava/util/Map; 423 <appendix> member <vmtarget> ; # org/eclipse/jdt/internal/compiler/lookup/Scope$$Lambda+0x000001d2aa660a78
instanceKlass  @bci org/eclipse/jdt/internal/compiler/lookup/Scope initializeCommonTypeBindings ()Ljava/util/Map; 400 <appendix> member <vmtarget> ; # org/eclipse/jdt/internal/compiler/lookup/Scope$$Lambda+0x000001d2aa660860
instanceKlass  @bci org/eclipse/jdt/internal/compiler/lookup/Scope initializeCommonTypeBindings ()Ljava/util/Map; 377 <appendix> member <vmtarget> ; # org/eclipse/jdt/internal/compiler/lookup/Scope$$Lambda+0x000001d2aa660648
instanceKlass  @bci org/eclipse/jdt/internal/compiler/lookup/Scope initializeCommonTypeBindings ()Ljava/util/Map; 354 <appendix> member <vmtarget> ; # org/eclipse/jdt/internal/compiler/lookup/Scope$$Lambda+0x000001d2aa660430
instanceKlass  @bci org/eclipse/jdt/internal/compiler/lookup/Scope initializeCommonTypeBindings ()Ljava/util/Map; 331 <appendix> member <vmtarget> ; # org/eclipse/jdt/internal/compiler/lookup/Scope$$Lambda+0x000001d2aa660218
instanceKlass  @bci org/eclipse/jdt/internal/compiler/lookup/Scope initializeCommonTypeBindings ()Ljava/util/Map; 308 <appendix> member <vmtarget> ; # org/eclipse/jdt/internal/compiler/lookup/Scope$$Lambda+0x000001d2aa660000
instanceKlass  @bci org/eclipse/jdt/internal/compiler/lookup/Scope initializeCommonTypeBindings ()Ljava/util/Map; 285 <appendix> member <vmtarget> ; # org/eclipse/jdt/internal/compiler/lookup/Scope$$Lambda+0x000001d2aa658400
instanceKlass  @bci org/eclipse/jdt/internal/compiler/lookup/Scope initializeCommonTypeBindings ()Ljava/util/Map; 262 <appendix> member <vmtarget> ; # org/eclipse/jdt/internal/compiler/lookup/Scope$$Lambda+0x000001d2aa658c30
instanceKlass  @bci org/eclipse/jdt/internal/compiler/lookup/Scope initializeCommonTypeBindings ()Ljava/util/Map; 239 <appendix> member <vmtarget> ; # org/eclipse/jdt/internal/compiler/lookup/Scope$$Lambda+0x000001d2aa658a18
instanceKlass  @bci org/eclipse/jdt/internal/compiler/lookup/Scope initializeCommonTypeBindings ()Ljava/util/Map; 216 <appendix> member <vmtarget> ; # org/eclipse/jdt/internal/compiler/lookup/Scope$$Lambda+0x000001d2aa658800
instanceKlass  @bci org/eclipse/jdt/internal/compiler/lookup/Scope initializeCommonTypeBindings ()Ljava/util/Map; 193 <appendix> member <vmtarget> ; # org/eclipse/jdt/internal/compiler/lookup/Scope$$Lambda+0x000001d2aa659c90
instanceKlass  @bci org/eclipse/jdt/internal/compiler/lookup/Scope initializeCommonTypeBindings ()Ljava/util/Map; 170 <appendix> member <vmtarget> ; # org/eclipse/jdt/internal/compiler/lookup/Scope$$Lambda+0x000001d2aa659a78
instanceKlass  @bci org/eclipse/jdt/internal/compiler/lookup/Scope initializeCommonTypeBindings ()Ljava/util/Map; 147 <appendix> member <vmtarget> ; # org/eclipse/jdt/internal/compiler/lookup/Scope$$Lambda+0x000001d2aa659860
instanceKlass  @bci org/eclipse/jdt/internal/compiler/lookup/Scope initializeCommonTypeBindings ()Ljava/util/Map; 124 <appendix> member <vmtarget> ; # org/eclipse/jdt/internal/compiler/lookup/Scope$$Lambda+0x000001d2aa659648
instanceKlass  @bci org/eclipse/jdt/internal/compiler/lookup/Scope initializeCommonTypeBindings ()Ljava/util/Map; 101 <appendix> member <vmtarget> ; # org/eclipse/jdt/internal/compiler/lookup/Scope$$Lambda+0x000001d2aa659430
instanceKlass  @bci org/eclipse/jdt/internal/compiler/lookup/Scope initializeCommonTypeBindings ()Ljava/util/Map; 78 <appendix> member <vmtarget> ; # org/eclipse/jdt/internal/compiler/lookup/Scope$$Lambda+0x000001d2aa659218
instanceKlass  @bci org/eclipse/jdt/internal/compiler/lookup/Scope initializeCommonTypeBindings ()Ljava/util/Map; 55 <appendix> member <vmtarget> ; # org/eclipse/jdt/internal/compiler/lookup/Scope$$Lambda+0x000001d2aa659000
instanceKlass  @bci org/eclipse/jdt/internal/compiler/lookup/Scope initializeCommonTypeBindings ()Ljava/util/Map; 32 <appendix> member <vmtarget> ; # org/eclipse/jdt/internal/compiler/lookup/Scope$$Lambda+0x000001d2aa65bd60
instanceKlass  @bci org/eclipse/jdt/internal/compiler/ClassFile addFieldAttributes (Lorg/eclipse/jdt/internal/compiler/lookup/FieldBinding;I)I 279 <appendix> member <vmtarget> ; # org/eclipse/jdt/internal/compiler/ClassFile$$Lambda+0x000001d2aa65bb48
instanceKlass  @bci org/eclipse/jdt/internal/compiler/ClassFile addFieldAttributes (Lorg/eclipse/jdt/internal/compiler/lookup/FieldBinding;I)I 272 <appendix> member <vmtarget> ; # org/eclipse/jdt/internal/compiler/ClassFile$$Lambda+0x000001d2aa65b908
instanceKlass org/eclipse/jdt/internal/compiler/util/HashtableOfInteger
instanceKlass org/eclipse/jdt/internal/compiler/codegen/CharArrayCache
instanceKlass org/eclipse/jdt/internal/compiler/codegen/OperandStack
instanceKlass org/eclipse/jdt/internal/compiler/util/Sorting
instanceKlass org/eclipse/jdt/internal/compiler/lookup/ParameterizedMethodBinding$1
instanceKlass  @bci org/eclipse/jdt/internal/compiler/ProcessTaskManager <init> (Lorg/eclipse/jdt/internal/compiler/Compiler;I)V 37 <appendix> member <vmtarget> ; # org/eclipse/jdt/internal/compiler/ProcessTaskManager$$Lambda+0x000001d2aa65cfa8
instanceKlass  @bci org/eclipse/jdt/internal/compiler/ProcessTaskManager <clinit> ()V 10 <appendix> argL0 ; # org/eclipse/jdt/internal/compiler/ProcessTaskManager$$Lambda+0x000001d2aa65cd98
instanceKlass org/eclipse/jdt/internal/compiler/ProcessTaskManager
instanceKlass  @bci org/eclipse/jdt/internal/compiler/ast/ArrayTypeReference internalResolveType (Lorg/eclipse/jdt/internal/compiler/lookup/Scope;I)Lorg/eclipse/jdt/internal/compiler/lookup/TypeBinding; 18 <appendix> member <vmtarget> ; # org/eclipse/jdt/internal/compiler/ast/ArrayTypeReference$$Lambda+0x000001d2aa65c940
instanceKlass  @bci org/eclipse/jdt/internal/compiler/ast/ParameterizedSingleTypeReference internalResolveType (Lorg/eclipse/jdt/internal/compiler/lookup/Scope;Lorg/eclipse/jdt/internal/compiler/lookup/ReferenceBinding;ZI)Lorg/eclipse/jdt/internal/compiler/lookup/TypeBinding; 218 <appendix> member <vmtarget> ; # org/eclipse/jdt/internal/compiler/ast/ParameterizedSingleTypeReference$$Lambda+0x000001d2aa65c440
# instanceKlass java/lang/invoke/LambdaForm$MH+0x000001d2aa658000
# instanceKlass java/lang/invoke/LambdaForm$MH+0x000001d2aa655c00
instanceKlass org/eclipse/jdt/internal/compiler/lookup/SourceTypeBinding$1
instanceKlass lombok/eclipse/agent/PatchDelegate$EclipseOnlyMethods
# instanceKlass java/lang/invoke/LambdaForm$MH+0x000001d2aa655800
# instanceKlass java/lang/invoke/LambdaForm$MH+0x000001d2aa655400
instanceKlass lombok/eclipse/agent/PatchDelegatePortal$Reflection
instanceKlass lombok/eclipse/agent/PatchDelegate$BindingTuple
instanceKlass lombok/eclipse/agent/PatchDelegate
instanceKlass lombok/eclipse/agent/PatchDelegatePortal
instanceKlass lombok/launch/PatchFixesHider$Delegate
instanceKlass  @bci org/eclipse/jdt/internal/compiler/problem/ProblemReporter deprecatedType (Lorg/eclipse/jdt/internal/compiler/lookup/TypeBinding;Lorg/eclipse/jdt/internal/compiler/ast/ASTNode;I)V 75 <appendix> member <vmtarget> ; # org/eclipse/jdt/internal/compiler/problem/ProblemReporter$$Lambda+0x000001d2aa6578d8
instanceKlass org/eclipse/jdt/internal/compiler/lookup/ElementValuePair$UnresolvedEnumConstant
instanceKlass org/eclipse/jdt/internal/core/index/DiskIndex$IntList
instanceKlass  @bci org/eclipse/jdt/internal/compiler/problem/ProblemReporter scheduleProblemForContext (Ljava/lang/Runnable;)Z 30 <appendix> member <vmtarget> ; # org/eclipse/jdt/internal/compiler/problem/ProblemReporter$$Lambda+0x000001d2aa656218
instanceKlass  @bci org/eclipse/jdt/internal/compiler/problem/ProblemReporter deprecatedType (Lorg/eclipse/jdt/internal/compiler/lookup/TypeBinding;Lorg/eclipse/jdt/internal/compiler/ast/ASTNode;I)V 24 <adapter> ; # java/lang/invoke/LambdaForm$MH+0x000001d2aa655000
# instanceKlass java/lang/invoke/LambdaForm$DMH+0x000001d2aa654c00
instanceKlass  @bci org/eclipse/jdt/internal/compiler/problem/ProblemReporter deprecatedType (Lorg/eclipse/jdt/internal/compiler/lookup/TypeBinding;Lorg/eclipse/jdt/internal/compiler/ast/ASTNode;I)V 24 <appendix> form vmentry <vmtarget> ; # java/lang/invoke/LambdaForm$DMH+0x000001d2aa654800
instanceKlass  @bci org/eclipse/jdt/internal/compiler/problem/ProblemReporter deprecatedType (Lorg/eclipse/jdt/internal/compiler/lookup/TypeBinding;Lorg/eclipse/jdt/internal/compiler/ast/ASTNode;I)V 24 <appendix> member <vmtarget> ; # org/eclipse/jdt/internal/compiler/problem/ProblemReporter$$Lambda+0x000001d2aa656000
instanceKlass org/eclipse/jdt/internal/compiler/lookup/ReferenceBindingSetWrapper
instanceKlass  @bci org/eclipse/jdt/internal/compiler/lookup/LookupEnvironment askForType ([[CLorg/eclipse/jdt/internal/compiler/lookup/ModuleBinding;)Lorg/eclipse/jdt/internal/compiler/lookup/ReferenceBinding; 48 <appendix> member <vmtarget> ; # org/eclipse/jdt/internal/compiler/lookup/LookupEnvironment$$Lambda+0x000001d2aa6537a0
instanceKlass org/eclipse/jdt/internal/compiler/lookup/AnnotationHolder
instanceKlass org/eclipse/jdt/internal/compiler/classfmt/TypeAnnotationWalker
instanceKlass  @bci org/eclipse/jdt/internal/compiler/lookup/TypeSystem$HashedParameterizedTypes$PTBKey <init> (Lorg/eclipse/jdt/internal/compiler/lookup/TypeSystem$HashedParameterizedTypes;Lorg/eclipse/jdt/internal/compiler/lookup/ReferenceBinding;[Lorg/eclipse/jdt/internal/compiler/lookup/TypeBinding;Lorg/eclipse/jdt/internal/compiler/lookup/ReferenceBinding;Lorg/eclipse/jdt/internal/compiler/lookup/LookupEnvironment;)V 138 <appendix> member <vmtarget> ; # org/eclipse/jdt/internal/compiler/lookup/TypeSystem$HashedParameterizedTypes$PTBKey$$Lambda+0x000001d2aa6524e8
instanceKlass  @cpi org/eclipse/jdt/internal/compiler/lookup/TypeSystem$HashedParameterizedTypes$PTBKey 190 form vmentry <vmtarget> ; # java/lang/invoke/LambdaForm$DMH+0x000001d2aa654400
instanceKlass org/eclipse/jdt/internal/compiler/lookup/SignatureWrapper
instanceKlass org/eclipse/jdt/internal/compiler/env/ITypeAnnotationWalker$1
instanceKlass org/eclipse/jdt/internal/compiler/env/ITypeAnnotationWalker
instanceKlass org/eclipse/jdt/internal/compiler/lookup/BinaryTypeBinding$VariableBindingInitialization
instanceKlass  @bci org/eclipse/jdt/internal/compiler/lookup/CompilationUnitScope checkAndSetImports ()V 300 <appendix> member <vmtarget> ; # org/eclipse/jdt/internal/compiler/lookup/CompilationUnitScope$$Lambda+0x000001d2aa650890
instanceKlass  @bci java/util/function/Predicate negate ()Ljava/util/function/Predicate; 1 <appendix> member <vmtarget> ; # java/util/function/Predicate$$Lambda+0x000001d2aa548ad8
instanceKlass  @cpi java/util/function/Predicate 75 form vmentry <vmtarget> ; # java/lang/invoke/LambdaForm$DMH+0x000001d2aa654000
instanceKlass  @bci org/eclipse/jdt/internal/compiler/lookup/CompilationUnitScope checkAndSetImports ()V 285 <appendix> argL0 ; # org/eclipse/jdt/internal/compiler/lookup/CompilationUnitScope$$Lambda+0x000001d2aa650650
instanceKlass  @bci org/eclipse/jdt/internal/compiler/util/JrtFileSystem hasClassFile (Ljava/lang/String;Ljava/lang/String;)Z 92 <appendix> argL0 ; # org/eclipse/jdt/internal/compiler/util/JrtFileSystem$$Lambda+0x000001d2aa650228
instanceKlass  @bci java/nio/file/Files asUncheckedRunnable (Ljava/io/Closeable;)Ljava/lang/Runnable; 1 <appendix> member <vmtarget> ; # java/nio/file/Files$$Lambda+0x000001d2aa5488c0
instanceKlass java/nio/file/Files$2
instanceKlass  @bci org/eclipse/jdt/internal/compiler/lookup/ModuleBinding collectTransitiveDependencies (Ljava/util/Set;)V 6 <appendix> member <vmtarget> ; # org/eclipse/jdt/internal/compiler/lookup/ModuleBinding$$Lambda+0x000001d2aa650000
instanceKlass  @bci org/eclipse/jdt/internal/compiler/lookup/ModuleBinding lambda$6 ()Ljava/util/Collection; 15 <appendix> argL0 ; # org/eclipse/jdt/internal/compiler/lookup/ModuleBinding$$Lambda+0x000001d2aa64fd20
instanceKlass  @bci org/eclipse/jdt/internal/compiler/lookup/ModuleBinding lambda$6 ()Ljava/util/Collection; 10 <appendix> argL0 ; # org/eclipse/jdt/internal/compiler/lookup/ModuleBinding$$Lambda+0x000001d2aa64fb00
instanceKlass  @bci org/eclipse/jdt/internal/compiler/lookup/ModuleBinding lambda$6 ()Ljava/util/Collection; 5 <appendix> argL0 ; # org/eclipse/jdt/internal/compiler/lookup/ModuleBinding$$Lambda+0x000001d2aa64f8f0
instanceKlass  @bci org/eclipse/jdt/internal/compiler/lookup/ModuleBinding dependencyCollector ()Ljava/util/function/Supplier; 1 <appendix> member <vmtarget> ; # org/eclipse/jdt/internal/compiler/lookup/ModuleBinding$$Lambda+0x000001d2aa64f6d8
instanceKlass org/eclipse/jdt/internal/core/builder/ModulePathEntry
instanceKlass  @bci org/eclipse/jdt/internal/compiler/lookup/LookupEnvironment askForType (Lorg/eclipse/jdt/internal/compiler/lookup/PackageBinding;[CLorg/eclipse/jdt/internal/compiler/lookup/ModuleBinding;)Lorg/eclipse/jdt/internal/compiler/lookup/ReferenceBinding; 63 <appendix> member <vmtarget> ; # org/eclipse/jdt/internal/compiler/lookup/LookupEnvironment$$Lambda+0x000001d2aa64f2b8
instanceKlass org/eclipse/jdt/internal/compiler/env/NameEnvironmentAnswer
# instanceKlass java/lang/invoke/LambdaForm$MH+0x000001d2aa64bc00
# instanceKlass java/lang/invoke/LambdaForm$MH+0x000001d2aa64b800
instanceKlass lombok/core/configuration/ConfigurationSource
# instanceKlass java/lang/invoke/LambdaForm$MH+0x000001d2aa64b400
# instanceKlass java/lang/invoke/LambdaForm$MH+0x000001d2aa64b000
# instanceKlass java/lang/invoke/LambdaForm$MH+0x000001d2aa64ac00
# instanceKlass java/lang/invoke/LambdaForm$MH+0x000001d2aa64a800
instanceKlass org/eclipse/jdt/internal/compiler/DefaultErrorHandlingPolicies$5
# instanceKlass java/lang/invoke/LambdaForm$MH+0x000001d2aa64a400
# instanceKlass java/lang/invoke/LambdaForm$MH+0x000001d2aa64a000
# instanceKlass java/lang/invoke/LambdaForm$MH+0x000001d2aa649c00
# instanceKlass java/lang/invoke/LambdaForm$MH+0x000001d2aa649800
# instanceKlass java/lang/invoke/LambdaForm$MH+0x000001d2aa649400
# instanceKlass java/lang/invoke/LambdaForm$MH+0x000001d2aa649000
# instanceKlass java/lang/invoke/LambdaForm$MH+0x000001d2aa648c00
# instanceKlass java/lang/invoke/LambdaForm$MH+0x000001d2aa648800
# instanceKlass java/lang/invoke/LambdaForm$MH+0x000001d2aa648400
# instanceKlass java/lang/invoke/LambdaForm$MH+0x000001d2aa648000
instanceKlass lombok/eclipse/agent/PatchVal
instanceKlass  @bci org/eclipse/jdt/internal/compiler/parser/Scanner$Goal <clinit> ()V 456 <appendix> argL0 ; # org/eclipse/jdt/internal/compiler/parser/Scanner$Goal$$Lambda+0x000001d2aa6468b0
instanceKlass java/util/stream/Nodes$IntArrayNode
instanceKlass java/util/stream/Node$Builder$OfInt
instanceKlass java/util/stream/Sink$OfInt
instanceKlass java/util/function/IntConsumer
instanceKlass  @bci java/util/stream/IntPipeline toArray ()[I 1 <appendix> argL0 ; # java/util/stream/IntPipeline$$Lambda+0x000001d2aa546d18
instanceKlass java/util/stream/IntStream
instanceKlass  @bci org/eclipse/jdt/internal/compiler/parser/Scanner$Goal <clinit> ()V 432 <appendix> argL0 ; # org/eclipse/jdt/internal/compiler/parser/Scanner$Goal$$Lambda+0x000001d2aa6466a0
instanceKlass org/eclipse/jdt/internal/compiler/parser/Scanner$Goal
instanceKlass org/eclipse/jdt/internal/compiler/SourceElementNotifier
instanceKlass org/eclipse/jdt/internal/compiler/util/HashtableOfObjectToInt
instanceKlass org/eclipse/jdt/internal/compiler/DefaultErrorHandlingPolicies$1
# instanceKlass java/lang/invoke/LambdaForm$MH+0x000001d2aa641c00
# instanceKlass java/lang/invoke/LambdaForm$MH+0x000001d2aa641800
# instanceKlass java/lang/invoke/LambdaForm$MH+0x000001d2aa641400
# instanceKlass java/lang/invoke/LambdaForm$MH+0x000001d2aa641000
instanceKlass org/eclipse/jdt/apt/core/internal/generatedfile/GeneratedResourceChangeListener$PostChangeVisitor
instanceKlass org/eclipse/jdt/internal/core/DeltaProcessingState$1
# instanceKlass java/lang/invoke/LambdaForm$MH+0x000001d2aa640c00
# instanceKlass java/lang/invoke/LambdaForm$MH+0x000001d2aa640800
# instanceKlass java/lang/invoke/LambdaForm$MH+0x000001d2aa640400
instanceKlass org/eclipse/jdt/internal/compiler/parser/NullMarkdownHelper
instanceKlass org/eclipse/jdt/internal/compiler/parser/IMarkdownCommentHelper
# instanceKlass java/lang/invoke/LambdaForm$MH+0x000001d2aa640000
instanceKlass org/eclipse/jdt/core/dom/ModuleModifier$ModuleModifierKeyword
instanceKlass org/eclipse/jdt/core/dom/PrimitiveType$Code
instanceKlass org/eclipse/jdt/core/dom/InfixExpression$Operator
instanceKlass org/eclipse/jdt/core/dom/ASTConverter$ISetJavaDoc
instanceKlass org/eclipse/jdt/core/dom/ASTConverter$IGetJavaDoc
instanceKlass org/eclipse/jdt/core/dom/ASTConverter
instanceKlass lombok/eclipse/agent/PatchValEclipse$Reflection
# instanceKlass java/lang/invoke/LambdaForm$MH+0x000001d2aa620c00
# instanceKlass java/lang/invoke/LambdaForm$MH+0x000001d2aa620800
instanceKlass org/eclipse/jdt/core/dom/IExtendedModifier
instanceKlass org/eclipse/jdt/core/dom/Modifier$ModifierKeyword
instanceKlass org/eclipse/jdt/core/dom/AST
instanceKlass lombok/eclipse/agent/PatchValEclipse
instanceKlass lombok/eclipse/agent/PatchValEclipsePortal$Reflection
# instanceKlass java/lang/invoke/LambdaForm$MH+0x000001d2aa620400
# instanceKlass java/lang/invoke/LambdaForm$MH+0x000001d2aa620000
instanceKlass lombok/eclipse/agent/PatchValEclipsePortal
instanceKlass lombok/launch/PatchFixesHider$ValPortal
instanceKlass lombok/core/TypeResolver
instanceKlass org/eclipse/jdt/internal/compiler/codegen/AnnotationContext
instanceKlass lombok/eclipse/EclipseAstProblemView
instanceKlass lombok/eclipse/EclipseAST$EcjReflectionCheck
instanceKlass org/eclipse/jdt/internal/compiler/util/HashtableOfType
instanceKlass  @bci org/eclipse/jdt/internal/compiler/util/SortedCharArrays <clinit> ()V 8 <appendix> argL0 ; # org/eclipse/jdt/internal/compiler/util/SortedCharArrays$$Lambda+0x000001d2aa619d68
instanceKlass  @bci org/eclipse/jdt/internal/compiler/util/SortedCharArrays <clinit> ()V 0 <appendix> argL0 ; # org/eclipse/jdt/internal/compiler/util/SortedCharArrays$$Lambda+0x000001d2aa619ae0
instanceKlass org/eclipse/jdt/internal/compiler/util/SortedCharArrays
instanceKlass  @bci org/eclipse/jdt/internal/core/builder/NameEnvironment findClass (Ljava/lang/String;[CLorg/eclipse/jdt/internal/compiler/env/IModuleAwareNameEnvironment$LookupStrategy;Ljava/lang/String;)Lorg/eclipse/jdt/internal/compiler/env/NameEnvironmentAnswer; 376 <appendix> member <vmtarget> ; # org/eclipse/jdt/internal/core/builder/NameEnvironment$$Lambda+0x000001d2aa5b3c20
instanceKlass  @bci org/eclipse/jdt/internal/core/builder/NameEnvironment findClass (Ljava/lang/String;[CLorg/eclipse/jdt/internal/compiler/env/IModuleAwareNameEnvironment$LookupStrategy;Ljava/lang/String;)Lorg/eclipse/jdt/internal/compiler/env/NameEnvironmentAnswer; 335 <appendix> argL0 ; # org/eclipse/jdt/internal/core/builder/NameEnvironment$$Lambda+0x000001d2aa5b39e0
instanceKlass org/eclipse/jdt/internal/compiler/env/INameEnvironmentExtension
instanceKlass org/eclipse/jdt/internal/compiler/util/CharArray
instanceKlass org/eclipse/jdt/internal/compiler/util/CharArrayHashMap
instanceKlass  @bci org/eclipse/jdt/internal/compiler/lookup/ModuleBinding combineWithPackagesFromOtherRelevantModules (Lorg/eclipse/jdt/internal/compiler/lookup/PackageBinding;[[C[[C)Lorg/eclipse/jdt/internal/compiler/lookup/PackageBinding; 20 <appendix> member <vmtarget> ; # org/eclipse/jdt/internal/compiler/lookup/ModuleBinding$$Lambda+0x000001d2aa618cd8
instanceKlass org/eclipse/jdt/internal/compiler/env/ISourceModule
instanceKlass  @bci org/eclipse/jdt/internal/compiler/lookup/ModuleBinding otherRelevantModules ([[C)Ljava/util/List; 43 <appendix> argL0 ; # org/eclipse/jdt/internal/compiler/lookup/ModuleBinding$$Lambda+0x000001d2aa618000
instanceKlass  @bci org/eclipse/jdt/internal/compiler/lookup/ModuleBinding otherRelevantModules ([[C)Ljava/util/List; 33 <appendix> member <vmtarget> ; # org/eclipse/jdt/internal/compiler/lookup/ModuleBinding$$Lambda+0x000001d2aa617dc0
instanceKlass  @bci org/eclipse/jdt/internal/compiler/lookup/ModuleBinding otherRelevantModules ([[C)Ljava/util/List; 22 <appendix> argL0 ; # org/eclipse/jdt/internal/compiler/lookup/ModuleBinding$$Lambda+0x000001d2aa617b80
instanceKlass  @bci org/eclipse/jdt/internal/core/builder/NameEnvironment getModulesDeclaringPackage ([[C[C)[[C 167 <appendix> argL0 ; # org/eclipse/jdt/internal/core/builder/NameEnvironment$$Lambda+0x000001d2aa5b37a0
instanceKlass  @bci org/eclipse/jdt/internal/compiler/env/IModuleAwareNameEnvironment$LookupStrategy matches (Ljava/lang/Object;Ljava/util/function/Predicate;)Z 3 <appendix> argL0 ; # org/eclipse/jdt/internal/compiler/env/IModuleAwareNameEnvironment$LookupStrategy$$Lambda+0x000001d2aa617940
instanceKlass  @bci org/eclipse/jdt/internal/core/builder/NameEnvironment getModulesDeclaringPackage ([[C[C)[[C 96 <appendix> argL0 ; # org/eclipse/jdt/internal/core/builder/NameEnvironment$$Lambda+0x000001d2aa5b3560
instanceKlass org/eclipse/jdt/internal/compiler/lookup/SortedSimpleNameVector
instanceKlass org/eclipse/jdt/internal/compiler/lookup/SortedCompoundNameVector
instanceKlass lombok/core/LombokImmutableList$1
instanceKlass lombok/core/AST$FieldAccess
instanceKlass org/eclipse/jdt/internal/compiler/lookup/InferenceContext18
instanceKlass org/eclipse/jdt/internal/compiler/codegen/CodeStream
instanceKlass lombok/eclipse/handlers/EclipseHandlerUtil
instanceKlass lombok/eclipse/EclipseImportList
instanceKlass lombok/core/debug/DebugSnapshotStore
instanceKlass lombok/core/configuration/FileSystemSourceCache$Content
instanceKlass lombok/core/configuration/ConfigurationFile
instanceKlass lombok/core/configuration/BubblingConfigurationResolver
instanceKlass lombok/core/LombokConfiguration$3
instanceKlass lombok/core/configuration/FileSystemSourceCache$1
instanceKlass lombok/core/configuration/ConfigurationProblemReporter$1
instanceKlass lombok/core/configuration/ConfigurationProblemReporter
instanceKlass lombok/core/configuration/ConfigurationParser
instanceKlass lombok/core/configuration/ConfigurationFileToSource
instanceKlass lombok/core/configuration/FileSystemSourceCache
instanceKlass lombok/core/LombokConfiguration$1
instanceKlass lombok/core/configuration/ConfigurationResolverFactory
instanceKlass lombok/core/configuration/ConfigurationResolver
instanceKlass lombok/core/LombokConfiguration
instanceKlass lombok/eclipse/EclipseAST$EclipseWorkspaceBasedFileResolver
instanceKlass lombok/core/ImportList
instanceKlass lombok/core/FieldAugment
instanceKlass lombok/eclipse/EcjAugments
instanceKlass lombok/patcher/Symbols
# instanceKlass java/lang/invoke/LambdaForm$MH+0x000001d2aa60c800
# instanceKlass java/lang/invoke/LambdaForm$MH+0x000001d2aa60c400
# instanceKlass java/lang/invoke/LambdaForm$MH+0x000001d2aa60c000
instanceKlass lombok/core/AST
instanceKlass org/eclipse/jdt/internal/compiler/util/HashSetOfInt
instanceKlass org/eclipse/jdt/internal/compiler/parser/NLSTag
instanceKlass lombok/eclipse/HandlerLibrary$VisitorContainer
instanceKlass lombok/experimental/WithBy
instanceKlass lombok/With
instanceKlass lombok/Value
instanceKlass lombok/eclipse/EclipseASTAdapter
instanceKlass lombok/experimental/UtilityClass
instanceKlass lombok/ToString
instanceKlass lombok/Synchronized
instanceKlass lombok/experimental/SuperBuilder
instanceKlass lombok/eclipse/handlers/EclipseSingularsRecipes$StatementMaker
instanceKlass lombok/eclipse/handlers/EclipseSingularsRecipes$TypeReferenceMaker
instanceKlass lombok/eclipse/handlers/HandleBuilder$BuilderJob
instanceKlass lombok/experimental/StandardException
instanceKlass lombok/SneakyThrows
instanceKlass lombok/Setter
instanceKlass lombok/core/PrintAST
instanceKlass lombok/NonNull
instanceKlass lombok/extern/slf4j/XSlf4j
instanceKlass lombok/extern/slf4j/Slf4j
instanceKlass lombok/extern/log4j/Log4j
instanceKlass lombok/extern/log4j/Log4j2
instanceKlass lombok/extern/java/Log
instanceKlass lombok/extern/jbosslog/JBossLog
instanceKlass lombok/extern/flogger/Flogger
instanceKlass lombok/CustomLog
instanceKlass lombok/extern/apachecommons/CommonsLog
instanceKlass lombok/Locked$Write
instanceKlass lombok/Locked$Read
instanceKlass lombok/Locked
instanceKlass lombok/extern/jackson/Jacksonized
instanceKlass lombok/experimental/Helper
instanceKlass lombok/Getter
instanceKlass lombok/experimental/FieldNameConstants
instanceKlass lombok/core/LombokImmutableList
instanceKlass lombok/core/JavaIdentifiers
instanceKlass lombok/experimental/ExtensionMethod
instanceKlass lombok/EqualsAndHashCode
instanceKlass lombok/experimental/Delegate
instanceKlass lombok/Data
# instanceKlass java/lang/invoke/LambdaForm$MH+0x000001d2aa600000
instanceKlass org/eclipse/jdt/internal/compiler/codegen/Label
instanceKlass lombok/eclipse/Eclipse
instanceKlass lombok/RequiredArgsConstructor
instanceKlass lombok/NoArgsConstructor
instanceKlass lombok/AllArgsConstructor
instanceKlass lombok/Cleanup
instanceKlass lombok/Builder$Default
instanceKlass lombok/Builder
instanceKlass lombok/eclipse/handlers/HandleConstructor
instanceKlass lombok/core/LombokInternalAliasing
instanceKlass lombok/core/HandlerPriority
instanceKlass lombok/eclipse/DeferUntilPostDiet
instanceKlass lombok/eclipse/HandlerLibrary$AnnotationHandlerContainer
instanceKlass lombok/experimental/Accessors
instanceKlass lombok/eclipse/EclipseAnnotationHandler
instanceKlass lombok/core/SpiLoadUtil$1$1
instanceKlass lombok/core/SpiLoadUtil$1
instanceKlass java/util/Vector$1
instanceKlass lombok/core/SpiLoadUtil
instanceKlass lombok/core/configuration/ConfigurationKeysLoader
instanceKlass lombok/core/configuration/CheckerFrameworkVersion
instanceKlass lombok/core/configuration/TypeName
instanceKlass lombok/core/configuration/LogDeclaration
instanceKlass lombok/core/configuration/IdentifierName
instanceKlass lombok/core/configuration/ConfigurationDataType$6
instanceKlass lombok/core/configuration/ConfigurationDataType$7
instanceKlass lombok/core/configuration/NullAnnotationLibrary
instanceKlass lombok/core/configuration/ConfigurationValueType
instanceKlass lombok/core/configuration/ConfigurationDataType$5
instanceKlass lombok/core/configuration/ConfigurationDataType$4
instanceKlass lombok/core/configuration/ConfigurationDataType$3
instanceKlass lombok/core/configuration/ConfigurationDataType$2
instanceKlass lombok/core/configuration/ConfigurationDataType$1
instanceKlass lombok/core/configuration/ConfigurationValueParser
instanceKlass lombok/core/configuration/ConfigurationDataType
instanceKlass lombok/core/configuration/ConfigurationKey
instanceKlass lombok/ConfigurationKeys
instanceKlass lombok/core/configuration/ConfigurationKeysLoader$LoaderLoader
instanceKlass lombok/core/TypeLibrary
instanceKlass lombok/eclipse/HandlerLibrary
instanceKlass lombok/eclipse/EclipseASTVisitor
instanceKlass lombok/eclipse/TransformEclipseAST
instanceKlass lombok/core/LombokNode
instanceKlass lombok/core/DiagnosticsReceiver
instanceKlass lombok/launch/PackageShader
instanceKlass lombok/launch/Main
instanceKlass lombok/launch/PatchFixesHider$Transform
instanceKlass org/eclipse/core/internal/content/TextContentDescriber
instanceKlass org/eclipse/core/runtime/content/ITextContentDescriber
instanceKlass org/eclipse/core/runtime/content/IContentDescriber
instanceKlass org/eclipse/core/internal/content/ContentTypeCatalog$1
instanceKlass  @bci org/eclipse/core/internal/content/ContentTypeCatalog selectMatchingByName (Lorg/eclipse/core/runtime/preferences/IScopeContext;Ljava/util/Collection;Ljava/util/Collection;Ljava/lang/String;I)Ljava/util/Set; 61 <adapter> ; # java/lang/invoke/LambdaForm$MH+0x000001d2aa5e0c00
# instanceKlass java/lang/invoke/LambdaForm$DMH+0x000001d2aa5e0800
instanceKlass  @bci org/eclipse/core/internal/content/ContentTypeCatalog selectMatchingByName (Lorg/eclipse/core/runtime/preferences/IScopeContext;Ljava/util/Collection;Ljava/util/Collection;Ljava/lang/String;I)Ljava/util/Set; 61 <appendix> form vmentry <vmtarget> ; # java/lang/invoke/LambdaForm$DMH+0x000001d2aa5e0400
instanceKlass  @bci org/eclipse/core/internal/content/ContentTypeCatalog selectMatchingByName (Lorg/eclipse/core/runtime/preferences/IScopeContext;Ljava/util/Collection;Ljava/util/Collection;Ljava/lang/String;I)Ljava/util/Set; 61 <appendix> member <vmtarget> ; # org/eclipse/core/internal/content/ContentTypeCatalog$$Lambda+0x000001d2aa5176c0
instanceKlass  @cpi org/eclipse/core/internal/content/ContentTypeCatalog 769 form vmentry <vmtarget> ; # java/lang/invoke/LambdaForm$DMH+0x000001d2aa5e0000
instanceKlass org/eclipse/core/internal/content/ContentTypeVisitor
instanceKlass org/eclipse/jdt/internal/compiler/ast/CompilationUnitDeclaration$1
instanceKlass org/eclipse/core/internal/resources/ProjectContentTypes$ProjectContentTypeSelectionPolicy
instanceKlass org/eclipse/jdt/internal/compiler/lookup/Scope$Substitutor
instanceKlass org/eclipse/jdt/internal/compiler/CompilationResult$1
instanceKlass  @bci org/eclipse/jdt/internal/compiler/ReadManager queueNextReadAhead ()Z 46 <appendix> member <vmtarget> ; # org/eclipse/jdt/internal/compiler/ReadManager$$Lambda+0x000001d2aa5de4f8
instanceKlass  @bci org/eclipse/jdt/internal/compiler/ReadManager createExecutor (I)Ljava/util/concurrent/ExecutorService; 25 <appendix> argL0 ; # org/eclipse/jdt/internal/compiler/ReadManager$$Lambda+0x000001d2aa5de2e8
instanceKlass org/eclipse/jdt/internal/compiler/ReadManager
instanceKlass  @bci org/eclipse/jdt/internal/compiler/Compiler sortModuleDeclarationsFirst ([Lorg/eclipse/jdt/internal/compiler/env/ICompilationUnit;)V 1 <appendix> argL0 ; # org/eclipse/jdt/internal/compiler/Compiler$$Lambda+0x000001d2aa5dde50
instanceKlass org/eclipse/jdt/internal/compiler/util/Messages
instanceKlass org/eclipse/jdt/internal/core/builder/SourceFile
instanceKlass org/eclipse/core/internal/utils/BitMask
instanceKlass org/eclipse/jdt/internal/core/builder/AbstractImageBuilder$1
instanceKlass org/eclipse/jdt/internal/core/builder/BatchImageBuilder$3
instanceKlass java/util/TreeMap$NavigableSubMap$SubMapIterator
instanceKlass  @bci org/eclipse/core/internal/resources/AliasManager computeDeepAliases (Lorg/eclipse/core/resources/IResource;Lorg/eclipse/core/filesystem/IFileStore;)V 25 <appendix> member <vmtarget> ; # org/eclipse/core/internal/resources/AliasManager$$Lambda+0x000001d2aa5db198
instanceKlass org/eclipse/core/internal/resources/AliasManager$FindAliasesDoit
instanceKlass  @bci org/eclipse/core/internal/filesystem/local/LocalFile lambda$2 (Lorg/eclipse/core/internal/filesystem/local/InfiniteProgress;Ljava/util/concurrent/ExecutorService;Ljava/util/List;Ljava/nio/file/Path;)V 6 <appendix> member <vmtarget> ; # org/eclipse/core/internal/filesystem/local/LocalFile$$Lambda+0x000001d2aa5d9800
instanceKlass  @bci org/eclipse/core/internal/filesystem/local/LocalFile internalDelete (Ljava/io/File;Lorg/eclipse/core/internal/filesystem/local/InfiniteProgress;Ljava/util/concurrent/ExecutorService;)Lorg/eclipse/core/runtime/IStatus; 95 <appendix> member <vmtarget> ; # org/eclipse/core/internal/filesystem/local/LocalFile$$Lambda+0x000001d2aa1bbda0
instanceKlass org/eclipse/core/internal/filesystem/local/InfiniteProgress
instanceKlass org/eclipse/core/internal/localstore/DeleteVisitor
instanceKlass org/eclipse/core/internal/localstore/UnifiedTreeNode
instanceKlass org/eclipse/core/internal/localstore/UnifiedTree
instanceKlass  @bci org/eclipse/core/internal/resources/Workspace countResources (Lorg/eclipse/core/runtime/IPath;IZ)I 61 <appendix> member <vmtarget> ; # org/eclipse/core/internal/resources/Workspace$$Lambda+0x000001d2aa5da5a8
instanceKlass  @cpi org/eclipse/core/internal/resources/Workspace 2642 form vmentry <vmtarget> ; # java/lang/invoke/LambdaForm$DMH+0x000001d2aa5d9400
instanceKlass org/eclipse/core/internal/resources/MoveDeleteHook
instanceKlass org/eclipse/core/internal/resources/ResourceTree
instanceKlass org/eclipse/core/internal/resources/MarkerDelta
instanceKlass org/eclipse/buildship/core/internal/configuration/GradleProjectValidationResourceDeltaVisitor$GradleProjectValidator
instanceKlass org/eclipse/buildship/core/internal/configuration/GradleProjectValidationResourceDeltaVisitor
instanceKlass  @bci org/eclipse/core/internal/resources/MarkerManager visitorRemoveMarkers (Lorg/eclipse/core/runtime/IPath;Ljava/lang/String;Z)V 3 <appendix> member <vmtarget> ; # org/eclipse/core/internal/resources/MarkerManager$$Lambda+0x000001d2aa5adaf0
instanceKlass  @cpi org/eclipse/core/internal/resources/MarkerManager 677 form vmentry <vmtarget> ; # java/lang/invoke/LambdaForm$DMH+0x000001d2aa5d9000
instanceKlass org/eclipse/jdt/internal/core/builder/WorkQueue
instanceKlass org/eclipse/jdt/internal/compiler/ast/IJavadocTypeReference
instanceKlass org/eclipse/jdt/internal/compiler/parser/AbstractCommentParser
instanceKlass org/eclipse/jdt/internal/compiler/parser/JavadocTagConstants
# instanceKlass java/lang/invoke/LambdaForm$MH+0x000001d2aa5d8c00
# instanceKlass java/lang/invoke/LambdaForm$MH+0x000001d2aa5d8800
instanceKlass lombok/permit/Permit$Fake
instanceKlass lombok/permit/Permit
instanceKlass lombok/launch/PatchFixesHider$Util
instanceKlass lombok/launch/PatchFixesHider$ModuleClassLoading
instanceKlass org/eclipse/jdt/internal/compiler/parser/RecoveredElement
instanceKlass org/eclipse/jdt/internal/compiler/impl/CompilerStats
instanceKlass org/eclipse/jdt/internal/compiler/util/HashtableOfModule
instanceKlass org/eclipse/jdt/internal/compiler/lookup/TypeSystem$HashedParameterizedTypes
instanceKlass org/eclipse/jdt/internal/compiler/ClassFile
instanceKlass org/eclipse/jdt/internal/compiler/ClassFilePool
instanceKlass org/eclipse/jdt/internal/compiler/util/CharArrayMap
instanceKlass org/eclipse/jdt/internal/compiler/util/CharDelegateMap
instanceKlass org/eclipse/jdt/internal/compiler/util/CharArrayMapper
instanceKlass org/eclipse/jdt/internal/compiler/lookup/ImplicitNullAnnotationVerifier
instanceKlass org/eclipse/jdt/internal/compiler/lookup/TypeSystem
instanceKlass org/eclipse/jdt/internal/compiler/lookup/LookupEnvironment
instanceKlass org/eclipse/jdt/internal/compiler/lookup/ProblemReasons
instanceKlass org/eclipse/jdt/internal/compiler/util/HashtableOfInt
instanceKlass org/eclipse/jdt/core/compiler/CategorizedProblem
instanceKlass org/eclipse/jdt/internal/compiler/problem/DefaultProblemFactory
instanceKlass org/eclipse/jdt/internal/compiler/DefaultErrorHandlingPolicies$4
instanceKlass org/eclipse/jdt/internal/compiler/IErrorHandlingPolicy
instanceKlass org/eclipse/jdt/internal/compiler/DefaultErrorHandlingPolicies
instanceKlass org/eclipse/jdt/internal/compiler/DefaultCompilerFactory
instanceKlass org/eclipse/jdt/internal/core/builder/ReferenceCollection
instanceKlass org/eclipse/jdt/internal/core/builder/State
instanceKlass  @bci org/eclipse/jdt/internal/core/builder/BatchImageBuilder createExecutor (I)Ljava/util/concurrent/ThreadPoolExecutor; 19 <appendix> argL0 ; # org/eclipse/jdt/internal/core/builder/BatchImageBuilder$$Lambda+0x000001d2aa5b75b0
instanceKlass org/eclipse/core/resources/IResourceVisitor
instanceKlass org/eclipse/jdt/internal/compiler/ICompilerFactory
instanceKlass org/eclipse/jdt/core/compiler/BuildContext
instanceKlass org/eclipse/jdt/internal/core/builder/AbstractImageBuilder
instanceKlass org/eclipse/jdt/internal/core/builder/ICompilationUnitLocator
instanceKlass lombok/patcher/scripts/WrapMethodCallScript$1
instanceKlass  @bci org/eclipse/jdt/internal/core/builder/ClasspathJrt selectModules (Ljava/util/Set;Ljava/util/Collection;)Ljava/util/Collection; 55 <appendix> member <vmtarget> ; # org/eclipse/jdt/internal/core/builder/ClasspathJrt$$Lambda+0x000001d2aa5b5eb0
instanceKlass  @bci org/eclipse/jdt/internal/core/builder/ClasspathJrt selectModules (Ljava/util/Set;Ljava/util/Collection;)Ljava/util/Collection; 49 <appendix> argL0 ; # org/eclipse/jdt/internal/core/builder/ClasspathJrt$$Lambda+0x000001d2aa5b5c80
instanceKlass org/eclipse/jdt/internal/compiler/env/IUpdatableModule$UpdatesByKind
instanceKlass org/eclipse/jdt/internal/core/builder/ClasspathJrt$1
instanceKlass  @bci org/eclipse/jdt/internal/core/builder/ClasspathJrt loadModules (Lorg/eclipse/jdt/internal/core/builder/ClasspathJrt;)V 15 <appendix> member <vmtarget> ; # org/eclipse/jdt/internal/core/builder/ClasspathJrt$$Lambda+0x000001d2aa5b5800
instanceKlass org/eclipse/jdt/internal/core/builder/ModuleEntryProcessor
instanceKlass org/eclipse/jdt/internal/core/ModuleUpdater
instanceKlass org/eclipse/jdt/internal/compiler/env/IMultiModuleEntry
instanceKlass org/eclipse/jdt/internal/core/builder/NameEnvironment
instanceKlass org/eclipse/jdt/internal/compiler/env/IModuleAwareNameEnvironment
instanceKlass org/eclipse/jdt/apt/core/util/AptPreferenceConstants
instanceKlass org/eclipse/jdt/apt/core/internal/generatedfile/GeneratedResourceChangeListener
instanceKlass org/eclipse/jdt/apt/core/util/IFactoryPath
instanceKlass org/eclipse/jdt/apt/core/util/AptConfig
instanceKlass javax/annotation/processing/Processor
instanceKlass org/eclipse/jdt/apt/core/internal/AptCompilationParticipantExtensionFactory
instanceKlass org/eclipse/jdt/internal/core/JavaModelManager$CompilationParticipants$1
instanceKlass org/eclipse/jdt/core/compiler/CompilationParticipant
instanceKlass org/eclipse/jdt/internal/core/JavaModelManager$CompilationParticipants$2
instanceKlass  @bci org/eclipse/jdt/internal/core/builder/JavaBuilder build (ILjava/util/Map;Lorg/eclipse/core/runtime/IProgressMonitor;)[Lorg/eclipse/core/resources/IProject; 82 <appendix> member <vmtarget> ; # org/eclipse/jdt/internal/core/builder/JavaBuilder$$Lambda+0x000001d2aa593028
instanceKlass org/eclipse/jdt/internal/core/builder/BuildNotifier
instanceKlass org/eclipse/core/internal/events/BuildManager$2
instanceKlass  @bci org/eclipse/core/internal/events/BuildManager$DeltaCache computeIfAbsent (Lorg/eclipse/core/runtime/IPath;Lorg/eclipse/core/internal/watson/ElementTree;Lorg/eclipse/core/internal/watson/ElementTree;Ljava/util/function/Supplier;)Ljava/lang/Object; 48 <appendix> member <vmtarget> ; # org/eclipse/core/internal/events/BuildManager$DeltaCache$$Lambda+0x000001d2aa5ad688
instanceKlass  @bci org/eclipse/core/internal/events/BuildManager getDeltaCached (Lorg/eclipse/core/resources/IProject;Lorg/eclipse/core/internal/watson/ElementTree;Lorg/eclipse/core/internal/watson/ElementTree;)Lorg/eclipse/core/resources/IResourceDelta; 22 <appendix> member <vmtarget> ; # org/eclipse/core/internal/events/BuildManager$$Lambda+0x000001d2aa5ad470
instanceKlass org/gradle/tooling/IntermediateResultHandler
instanceKlass org/eclipse/core/internal/events/BuildManager$1
instanceKlass org/eclipse/core/internal/events/BuildContext
instanceKlass org/eclipse/core/internal/resources/Workspace$ProjectBuildConfigOrder
instanceKlass org/eclipse/core/internal/resources/ComputeProjectOrder$VertexOrder
instanceKlass org/eclipse/core/internal/resources/ComputeProjectOrder$Digraph$Vertex
instanceKlass org/eclipse/core/internal/resources/ComputeProjectOrder$Digraph
instanceKlass org/eclipse/core/internal/resources/ComputeProjectOrder
instanceKlass  @bci org/eclipse/jdt/internal/core/DynamicProjectReferences getDependentProjects (Lorg/eclipse/core/resources/IBuildConfiguration;)Ljava/util/List; 62 <appendix> member <vmtarget> ; # org/eclipse/jdt/internal/core/DynamicProjectReferences$$Lambda+0x000001d2aa592b80
instanceKlass org/eclipse/jdt/internal/core/DynamicProjectReferences
instanceKlass org/eclipse/core/resources/IDynamicReferenceProvider
instanceKlass org/eclipse/core/internal/resources/Workspace$BuildConfigurationComparator
instanceKlass org/eclipse/jdt/internal/core/JavaModelManager$InvalidArchiveInfo
instanceKlass org/eclipse/jdt/ls/core/internal/JobHelpers$InitializeJobMatcher
instanceKlass  @bci org/eclipse/lsp4j/jsonrpc/RemoteEndpoint handleRequest (Lorg/eclipse/lsp4j/jsonrpc/messages/RequestMessage;)V 142 <appendix> member <vmtarget> ; # org/eclipse/lsp4j/jsonrpc/RemoteEndpoint$$Lambda+0x000001d2aa5a46b8
instanceKlass  @bci org/eclipse/lsp4j/jsonrpc/RemoteEndpoint handleRequest (Lorg/eclipse/lsp4j/jsonrpc/messages/RequestMessage;)V 132 <appendix> member <vmtarget> ; # org/eclipse/lsp4j/jsonrpc/RemoteEndpoint$$Lambda+0x000001d2aa5a4480
# instanceKlass java/lang/invoke/LambdaForm$MH+0x000001d2aa5ac400
instanceKlass org/eclipse/lsp4j/FileOperationPatternOptions
instanceKlass org/eclipse/lsp4j/FileOperationPattern
instanceKlass org/eclipse/lsp4j/FileOperationFilter
instanceKlass org/eclipse/lsp4j/FileOperationOptions
instanceKlass org/eclipse/lsp4j/FileOperationsServerCapabilities
instanceKlass org/eclipse/jdt/internal/core/UserLibraryClasspathContainer
instanceKlass jdk/internal/math/DoubleToDecimal
instanceKlass jdk/internal/math/FormattedFPDecimal
instanceKlass org/eclipse/lsp4j/WorkDoneProgressReport
instanceKlass org/eclipse/lsp4j/CompletionItemOptions
instanceKlass org/eclipse/lsp4j/adapters/WorkDoneProgressNotificationAdapter$1
instanceKlass  @bci org/eclipse/lsp4j/adapters/ProgressNotificationAdapter create (Lcom/google/gson/Gson;Lcom/google/gson/reflect/TypeToken;)Lcom/google/gson/TypeAdapter; 63 <appendix> argL0 ; # org/eclipse/lsp4j/adapters/ProgressNotificationAdapter$$Lambda+0x000001d2aa5a8678
instanceKlass org/eclipse/lsp4j/NotebookSelectorCell
instanceKlass  @bci java/util/function/Predicate or (Ljava/util/function/Predicate;)Ljava/util/function/Predicate; 7 <appendix> member <vmtarget> ; # java/util/function/Predicate$$Lambda+0x000001d2aa543040
instanceKlass org/eclipse/lsp4j/NotebookDocumentFilter
instanceKlass  @cpi java/util/function/Predicate 78 form vmentry <vmtarget> ; # java/lang/invoke/LambdaForm$DMH+0x000001d2aa5ac000
instanceKlass org/eclipse/lsp4j/jsonrpc/json/adapters/EitherTypeAdapter$PropertyChecker
instanceKlass org/eclipse/lsp4j/NotebookSelector
instanceKlass com/google/gson/JsonDeserializer
instanceKlass com/google/gson/JsonSerializer
instanceKlass  @bci java/util/ArrayDeque copyElements (Ljava/util/Collection;)V 2 <appendix> member <vmtarget> ; # java/util/ArrayDeque$$Lambda+0x000001d2aa542e18
instanceKlass org/eclipse/lsp4j/adapters/ProgressNotificationAdapter
instanceKlass org/eclipse/lsp4j/DocumentOnTypeFormattingOptions
instanceKlass org/eclipse/lsp4j/WorkDoneProgressBegin
instanceKlass sun/nio/ch/WindowsAsynchronousFileChannelImpl$WriteTask
instanceKlass org/eclipse/lsp4j/NotebookDocumentSyncRegistrationOptions
instanceKlass org/eclipse/lsp4j/ServerInfo
instanceKlass com/google/gson/internal/Streams
instanceKlass  @bci org/eclipse/lsp4j/jsonrpc/RemoteEndpoint handleRequest (Lorg/eclipse/lsp4j/jsonrpc/messages/RequestMessage;)V 121 <appendix> member <vmtarget> ; # org/eclipse/lsp4j/jsonrpc/RemoteEndpoint$$Lambda+0x000001d2aa5a4000
instanceKlass org/eclipse/lsp4j/jsonrpc/RemoteEndpoint$PendingRequestInfo
instanceKlass  @bci org/eclipse/jdt/ls/core/internal/handlers/SemanticTokensHandler legend ()Lorg/eclipse/lsp4j/SemanticTokensLegend; 37 <appendix> argL0 ; # org/eclipse/jdt/ls/core/internal/handlers/SemanticTokensHandler$$Lambda+0x000001d2aa59f430
instanceKlass  @bci org/eclipse/jdt/ls/core/internal/handlers/SemanticTokensHandler legend ()Lorg/eclipse/lsp4j/SemanticTokensLegend; 10 <appendix> argL0 ; # org/eclipse/jdt/ls/core/internal/handlers/SemanticTokensHandler$$Lambda+0x000001d2aa59edd8
instanceKlass org/eclipse/jdt/core/dom/IBinding
instanceKlass org/eclipse/lsp4j/SemanticTokensLegend
instanceKlass org/eclipse/jdt/ls/core/internal/handlers/SemanticTokensHandler
instanceKlass org/eclipse/lsp4j/DocumentFilter
instanceKlass org/eclipse/lsp4j/SemanticTokensServerFull
instanceKlass org/eclipse/lsp4j/TextDocumentRegistrationOptions
instanceKlass org/eclipse/lsp4j/WorkspaceFoldersOptions
instanceKlass org/eclipse/lsp4j/WorkspaceServerCapabilities
instanceKlass org/eclipse/lsp4j/SaveOptions
instanceKlass org/eclipse/lsp4j/TextDocumentSyncOptions
instanceKlass org/eclipse/lsp4j/AbstractWorkDoneProgressOptions
instanceKlass org/eclipse/lsp4j/WorkDoneProgressOptions
instanceKlass  @bci org/eclipse/jdt/ls/core/internal/handlers/WorkspaceExecuteCommandHandler$DelegateCommandHandlerDescriptor <init> (Lorg/eclipse/core/runtime/IConfigurationElement;)V 59 <appendix> member <vmtarget> ; # org/eclipse/jdt/ls/core/internal/handlers/WorkspaceExecuteCommandHandler$DelegateCommandHandlerDescriptor$$Lambda+0x000001d2aa59dc48
instanceKlass  @bci org/eclipse/jdt/ls/core/internal/handlers/WorkspaceExecuteCommandHandler getDelegateCommandHandlerDescriptors (Z)Ljava/util/Collection; 37 <appendix> argL0 ; # org/eclipse/jdt/ls/core/internal/handlers/WorkspaceExecuteCommandHandler$$Lambda+0x000001d2aa59da10
instanceKlass  @bci org/eclipse/jdt/ls/core/internal/handlers/WorkspaceExecuteCommandHandler getDelegateCommandHandlerDescriptors (Z)Ljava/util/Collection; 32 <appendix> argL0 ; # org/eclipse/jdt/ls/core/internal/handlers/WorkspaceExecuteCommandHandler$$Lambda+0x000001d2aa59d7e0
instanceKlass  @bci org/eclipse/jdt/ls/core/internal/handlers/WorkspaceExecuteCommandHandler getDelegateCommandHandlerDescriptors (Z)Ljava/util/Collection; 27 <appendix> argL0 ; # org/eclipse/jdt/ls/core/internal/handlers/WorkspaceExecuteCommandHandler$$Lambda+0x000001d2aa59d5b0
instanceKlass org/eclipse/jdt/ls/core/internal/handlers/WorkspaceExecuteCommandHandler$DelegateCommandHandlerDescriptor
instanceKlass org/apache/commons/lang3/BooleanUtils
instanceKlass org/eclipse/lsp4j/ServerCapabilities
instanceKlass  @bci java/util/stream/SortedOps$RefSortingSink end ()V 48 <appendix> member <vmtarget> ; # java/util/stream/SortedOps$RefSortingSink$$Lambda+0x000001d2aa542990
instanceKlass  @bci org/eclipse/jdt/ls/core/internal/handlers/BundleUtils getBundles (Ljava/lang/String;Lorg/osgi/framework/wiring/FrameworkWiring;)[Lorg/osgi/framework/Bundle; 152 <appendix> argL0 ; # org/eclipse/jdt/ls/core/internal/handlers/BundleUtils$$Lambda+0x000001d2aa59d180
instanceKlass  @bci org/eclipse/jdt/ls/core/internal/handlers/BundleUtils getBundles (Ljava/lang/String;Lorg/osgi/framework/wiring/FrameworkWiring;)[Lorg/osgi/framework/Bundle; 142 <appendix> argL0 ; # org/eclipse/jdt/ls/core/internal/handlers/BundleUtils$$Lambda+0x000001d2aa59cef8
instanceKlass  @bci org/eclipse/jdt/ls/core/internal/handlers/BundleUtils getBundles (Ljava/lang/String;Lorg/osgi/framework/wiring/FrameworkWiring;)[Lorg/osgi/framework/Bundle; 132 <appendix> argL0 ; # org/eclipse/jdt/ls/core/internal/handlers/BundleUtils$$Lambda+0x000001d2aa59ccb8
instanceKlass  @bci org/eclipse/jdt/ls/core/internal/handlers/BundleUtils getBundles (Ljava/lang/String;Lorg/osgi/framework/wiring/FrameworkWiring;)[Lorg/osgi/framework/Bundle; 122 <appendix> argL0 ; # org/eclipse/jdt/ls/core/internal/handlers/BundleUtils$$Lambda+0x000001d2aa59ca88
instanceKlass org/eclipse/jdt/ls/core/internal/handlers/BundleUtils$BundleInfo
instanceKlass  @bci org/eclipse/jdt/ls/core/internal/preferences/StandardPreferenceManager update (Lorg/eclipse/jdt/ls/core/internal/preferences/Preferences;)V 364 <appendix> argL0 ; # org/eclipse/jdt/ls/core/internal/preferences/StandardPreferenceManager$$Lambda+0x000001d2aa59c648
instanceKlass  @bci org/eclipse/jdt/ls/core/internal/preferences/Preferences createFrom (Ljava/util/Map;)Lorg/eclipse/jdt/ls/core/internal/preferences/Preferences; 2196 <appendix> member <vmtarget> ; # org/eclipse/jdt/ls/core/internal/preferences/Preferences$$Lambda+0x000001d2aa59c000
instanceKlass com/google/common/base/Platform$JdkPatternCompiler
instanceKlass com/google/common/base/PatternCompiler
instanceKlass com/google/common/base/Platform
instanceKlass com/google/common/base/Strings
instanceKlass  @bci org/eclipse/jdt/ls/core/internal/preferences/Preferences createFrom (Ljava/util/Map;)Lorg/eclipse/jdt/ls/core/internal/preferences/Preferences; 1617 <appendix> member <vmtarget> ; # org/eclipse/jdt/ls/core/internal/preferences/Preferences$$Lambda+0x000001d2aa594cb0
instanceKlass org/eclipse/jdt/ls/core/internal/RuntimeEnvironment
instanceKlass org/eclipse/jdt/internal/corext/util/TypeFilter
instanceKlass  @bci org/eclipse/jdt/ls/core/internal/preferences/Preferences setResourceFilters (Ljava/util/List;)Lorg/eclipse/jdt/ls/core/internal/preferences/Preferences; 11 <appendix> argL0 ; # org/eclipse/jdt/ls/core/internal/preferences/Preferences$$Lambda+0x000001d2aa594800
instanceKlass com/google/common/base/Ascii
instanceKlass org/eclipse/jdt/ls/core/internal/handlers/MapFlattener
instanceKlass org/eclipse/jdt/ls/core/internal/preferences/ClientPreferences
instanceKlass com/google/gson/internal/bind/ObjectTypeAdapter$2
instanceKlass com/google/gson/internal/LinkedTreeMap$LinkedTreeMapIterator
instanceKlass org/eclipse/jdt/ls/core/internal/JSONUtility
instanceKlass  @bci org/eclipse/core/internal/resources/ContentDescriptionManager clearContentFlags (Lorg/eclipse/core/runtime/IPath;Lorg/eclipse/core/runtime/IProgressMonitor;)V 24 <appendix> member <vmtarget> ; # org/eclipse/core/internal/resources/ContentDescriptionManager$$Lambda+0x000001d2aa24e8f8
instanceKlass  @cpi org/eclipse/core/internal/resources/ContentDescriptionManager 761 form vmentry <vmtarget> ; # java/lang/invoke/LambdaForm$DMH+0x000001d2aa594000
instanceKlass org/eclipse/jdt/core/dom/ASTRequestor
instanceKlass org/eclipse/jdt/core/dom/IDocElement
instanceKlass org/eclipse/jdt/core/search/SearchMatch
instanceKlass org/eclipse/jdt/internal/compiler/lookup/IQualifiedTypeResolutionListener
instanceKlass org/eclipse/jdt/internal/core/search/matching/MatchLocator
instanceKlass org/eclipse/jdt/internal/core/search/IndexSelector
instanceKlass org/eclipse/jdt/internal/core/search/PatternSearchJob
instanceKlass org/eclipse/jdt/internal/core/search/TypeNameRequestorWrapper
instanceKlass org/eclipse/jdt/internal/core/search/AbstractSearchScope
instanceKlass org/eclipse/core/resources/IResourceStatus
instanceKlass org/eclipse/buildship/core/internal/workspace/SynchronizingBuildScriptUpdateListener$1
instanceKlass org/eclipse/buildship/core/internal/workspace/ProjectChangeListener$1
instanceKlass org/eclipse/debug/internal/core/IInternalDebugCoreConstants
instanceKlass org/eclipse/debug/internal/core/Preferences
instanceKlass org/eclipse/debug/core/commands/IDebugCommandRequest
instanceKlass org/eclipse/debug/core/IRequest
instanceKlass org/eclipse/debug/internal/core/StepFilterManager
instanceKlass org/eclipse/debug/core/ILaunchListener
instanceKlass org/eclipse/debug/internal/core/LaunchManager$LaunchManagerVisitor
instanceKlass org/eclipse/jdt/internal/core/DeltaProcessor$OutputsInfo
instanceKlass jdk/internal/jrtfs/JrtFileSystem$1
instanceKlass jdk/internal/jrtfs/JrtFileAttributes
instanceKlass  @bci jdk/internal/jimage/ImageReader$SharedImageReader handleModulesSubTree (Ljava/lang/String;Ljdk/internal/jimage/ImageLocation;)Ljdk/internal/jimage/ImageReader$Node; 37 <appendix> member <vmtarget> ; # jdk/internal/jimage/ImageReader$SharedImageReader$$Lambda+0x000001d2aa584f10
instanceKlass jdk/internal/jimage/ImageBufferCache$2
instanceKlass jdk/internal/jimage/ImageBufferCache
instanceKlass  @bci jdk/internal/jimage/ImageReader$SharedImageReader handlePackages (Ljava/lang/String;Ljdk/internal/jimage/ImageLocation;)Ljdk/internal/jimage/ImageReader$Node; 20 <appendix> member <vmtarget> ; # jdk/internal/jimage/ImageReader$SharedImageReader$$Lambda+0x000001d2aa5841f0
instanceKlass jdk/internal/jimage/ImageReader$SharedImageReader$LocationVisitor
instanceKlass jdk/internal/jimage/ImageLocation
instanceKlass jdk/internal/jrtfs/JrtDirectoryStream$1
instanceKlass  @bci jdk/internal/jrtfs/JrtFileSystem iteratorOf (Ljdk/internal/jrtfs/JrtPath;Ljava/nio/file/DirectoryStream$Filter;)Ljava/util/Iterator; 82 <appendix> member <vmtarget> ; # jdk/internal/jrtfs/JrtFileSystem$$Lambda+0x000001d2aa5838b8
instanceKlass  @bci jdk/internal/jrtfs/JrtFileSystem iteratorOf (Ljdk/internal/jrtfs/JrtPath;Ljava/nio/file/DirectoryStream$Filter;)Ljava/util/Iterator; 71 <appendix> member <vmtarget> ; # jdk/internal/jrtfs/JrtFileSystem$$Lambda+0x000001d2aa583680
instanceKlass jdk/internal/jrtfs/JrtDirectoryStream
instanceKlass jdk/internal/jimage/decompressor/Decompressor
instanceKlass jdk/internal/jimage/ImageStringsReader
instanceKlass jdk/internal/jimage/ImageHeader
instanceKlass jdk/internal/jimage/BasicImageReader$2
instanceKlass jdk/internal/jimage/BasicImageReader$1
instanceKlass jdk/internal/jimage/ImageReader$Node
instanceKlass jdk/internal/jimage/ImageStrings
instanceKlass jdk/internal/jimage/BasicImageReader
instanceKlass jdk/internal/jimage/ImageReader
instanceKlass jdk/internal/jrtfs/SystemImage$2
instanceKlass  @bci jdk/internal/jrtfs/SystemImage <clinit> ()V 0 <appendix> argL0 ; # jdk/internal/jrtfs/SystemImage$$Lambda+0x000001d2aa581228
instanceKlass jdk/internal/jrtfs/SystemImage
instanceKlass jdk/internal/jrtfs/JrtPath
instanceKlass org/eclipse/jdt/core/IImportContainer
instanceKlass org/eclipse/jdt/core/IImportDeclaration
instanceKlass org/eclipse/jdt/core/IPackageDeclaration
instanceKlass jdk/internal/jrtfs/JrtFileSystem$1
instanceKlass jdk/internal/jrtfs/JrtFileAttributes
instanceKlass  @bci jdk/internal/jimage/ImageReader$SharedImageReader handleModulesSubTree (Ljava/lang/String;Ljdk/internal/jimage/ImageLocation;)Ljdk/internal/jimage/ImageReader$Node; 37 <appendix> member <vmtarget> ; # jdk/internal/jimage/ImageReader$SharedImageReader$$Lambda+0x000001d2aa53af90
instanceKlass jdk/internal/jimage/ImageBufferCache$2
instanceKlass jdk/internal/jimage/ImageBufferCache
instanceKlass  @bci jdk/internal/jimage/ImageReader$SharedImageReader handlePackages (Ljava/lang/String;Ljdk/internal/jimage/ImageLocation;)Ljdk/internal/jimage/ImageReader$Node; 20 <appendix> member <vmtarget> ; # jdk/internal/jimage/ImageReader$SharedImageReader$$Lambda+0x000001d2aa53a690
instanceKlass jdk/internal/jimage/ImageReader$SharedImageReader$LocationVisitor
instanceKlass jdk/internal/jimage/ImageLocation
instanceKlass jdk/internal/jrtfs/JrtDirectoryStream$1
instanceKlass  @bci jdk/internal/jrtfs/JrtFileSystem iteratorOf (Ljdk/internal/jrtfs/JrtPath;Ljava/nio/file/DirectoryStream$Filter;)Ljava/util/Iterator; 82 <appendix> member <vmtarget> ; # jdk/internal/jrtfs/JrtFileSystem$$Lambda+0x000001d2aa539d70
instanceKlass  @bci jdk/internal/jrtfs/JrtFileSystem iteratorOf (Ljdk/internal/jrtfs/JrtPath;Ljava/nio/file/DirectoryStream$Filter;)Ljava/util/Iterator; 71 <appendix> member <vmtarget> ; # jdk/internal/jrtfs/JrtFileSystem$$Lambda+0x000001d2aa539b38
instanceKlass jdk/internal/jrtfs/JrtDirectoryStream
instanceKlass jdk/internal/jimage/decompressor/Decompressor
instanceKlass jdk/internal/jimage/ImageStringsReader
instanceKlass jdk/internal/jimage/ImageHeader
instanceKlass jdk/internal/jimage/BasicImageReader$2
instanceKlass jdk/internal/jimage/BasicImageReader$1
instanceKlass jdk/internal/jimage/ImageReader$Node
instanceKlass jdk/internal/jimage/ImageStrings
instanceKlass jdk/internal/jimage/BasicImageReader
instanceKlass jdk/internal/jimage/ImageReader
instanceKlass jdk/internal/jrtfs/SystemImage$2
instanceKlass  @bci jdk/internal/jrtfs/SystemImage <clinit> ()V 0 <appendix> argL0 ; # jdk/internal/jrtfs/SystemImage$$Lambda+0x000001d2aa5356b0
instanceKlass jdk/internal/jrtfs/SystemImage
instanceKlass jdk/internal/jrtfs/JrtPath
instanceKlass org/eclipse/jdt/internal/core/ClasspathAttributeDelta
instanceKlass org/eclipse/jdt/core/IClasspathAttributeDelta
instanceKlass org/eclipse/jdt/internal/core/ExternalFolderChange
instanceKlass org/eclipse/jdt/internal/core/util/LRUCache$LRUCacheEntry
instanceKlass org/eclipse/jdt/internal/core/util/ILRUCacheable
instanceKlass org/eclipse/jdt/internal/core/JavaProject$ModuleLookup
instanceKlass org/eclipse/jdt/internal/compiler/impl/Constant
instanceKlass org/eclipse/jdt/internal/compiler/env/ClassSignature
instanceKlass org/eclipse/jdt/internal/compiler/env/EnumConstantSignature
# instanceKlass java/lang/invoke/LambdaForm$MH+0x000001d2aa534000
instanceKlass  @bci org/eclipse/jdt/internal/core/JarPackageFragment computeNonJavaResources (Ljava/util/List;)[Ljava/lang/Object; 465 <appendix> argL0 ; # org/eclipse/jdt/internal/core/JarPackageFragment$$Lambda+0x000001d2aa5304d0
instanceKlass org/eclipse/jdt/core/IJarEntryResource
instanceKlass org/eclipse/jdt/internal/compiler/classfmt/ElementValuePairInfo
instanceKlass org/eclipse/jdt/internal/compiler/env/IBinaryElementValuePair
instanceKlass org/eclipse/jdt/internal/compiler/classfmt/ModuleInfo$ServiceInfo
instanceKlass org/eclipse/jdt/internal/compiler/classfmt/ModuleInfo$PackageExportInfo
instanceKlass org/eclipse/jdt/internal/compiler/codegen/ConstantPool
instanceKlass org/eclipse/jdt/internal/compiler/classfmt/ModuleInfo$ModuleReferenceInfo
instanceKlass org/eclipse/jdt/internal/compiler/env/IModule$IService
instanceKlass org/eclipse/jdt/internal/compiler/env/IModule$IModuleReference
instanceKlass org/eclipse/jdt/internal/compiler/env/IModule$IPackageExport
instanceKlass org/eclipse/jdt/internal/compiler/classfmt/ClassFileConstants
instanceKlass org/eclipse/jdt/internal/core/nd/java/model/BinaryModuleDescriptor
instanceKlass org/eclipse/jdt/core/Flags
instanceKlass org/eclipse/jdt/internal/compiler/classfmt/JavaBinaryNames
instanceKlass org/eclipse/jdt/internal/compiler/ExtraFlags
instanceKlass org/eclipse/jdt/internal/core/util/MementoTokenizer
instanceKlass org/eclipse/jdt/internal/core/search/matching/TypeDeclarationPattern$PackageNameSet
instanceKlass org/eclipse/jdt/internal/core/nd/java/model/BinaryTypeFactory
instanceKlass org/eclipse/jdt/internal/core/nd/java/model/BinaryModuleFactory
instanceKlass org/eclipse/core/internal/resources/OS
instanceKlass org/eclipse/jdt/internal/core/JavaProject$3
instanceKlass org/eclipse/jdt/internal/core/JavaProject$2
instanceKlass org/eclipse/jdt/internal/compiler/ast/IGenerateTypeCheck
instanceKlass org/eclipse/jdt/internal/compiler/flow/FlowContext
instanceKlass org/eclipse/jdt/internal/compiler/flow/FlowInfo
instanceKlass org/eclipse/jdt/internal/compiler/codegen/AttributeNamesConstants
instanceKlass org/eclipse/jdt/internal/compiler/env/IBinaryNestedType
instanceKlass org/eclipse/jdt/internal/compiler/env/IBinaryTypeAnnotation
instanceKlass org/eclipse/jdt/internal/compiler/env/IBinaryModule
instanceKlass org/eclipse/jdt/internal/compiler/env/IBinaryAnnotation
instanceKlass org/eclipse/jdt/internal/compiler/env/IRecordComponent
instanceKlass org/eclipse/jdt/internal/compiler/env/IBinaryMethod
instanceKlass org/eclipse/jdt/internal/compiler/env/IGenericMethod
instanceKlass org/eclipse/jdt/internal/compiler/env/IBinaryField
instanceKlass org/eclipse/jdt/internal/compiler/env/IGenericField
instanceKlass org/eclipse/jdt/internal/compiler/classfmt/ClassFileStruct
instanceKlass org/eclipse/jdt/internal/compiler/env/IBinaryType
instanceKlass org/eclipse/jdt/core/ILocalVariable
instanceKlass org/eclipse/jdt/internal/core/search/indexing/AbstractIndexer
instanceKlass org/eclipse/jdt/core/IMethod
instanceKlass org/eclipse/jdt/core/IField
instanceKlass org/eclipse/core/internal/content/ContentTypeHandler
instanceKlass org/eclipse/jdt/core/ICompletionRequestor
instanceKlass  @bci org/eclipse/core/runtime/ServiceCaller callOnce (Ljava/lang/Class;Ljava/lang/Class;Ljava/lang/String;Ljava/util/function/Consumer;)Z 14 <appendix> member <vmtarget> ; # org/eclipse/core/runtime/ServiceCaller$$Lambda+0x000001d2aa1ad3a0
instanceKlass  @bci org/eclipse/core/internal/content/ContentTypeManager$DebuggingHolder <clinit> ()V 9 <appendix> member <vmtarget> ; # org/eclipse/core/internal/content/ContentTypeManager$DebuggingHolder$$Lambda+0x000001d2aa516898
instanceKlass org/eclipse/core/internal/content/ContentTypeManager$DebuggingHolder
instanceKlass  @bci org/eclipse/core/internal/resources/MarkerManager visitorRemoveMarkers (Lorg/eclipse/core/runtime/IPath;Ljava/lang/String;Z)V 3 <adapter> ; # java/lang/invoke/LambdaForm$MH+0x000001d2aa515000
# instanceKlass java/lang/invoke/LambdaForm$DMH+0x000001d2aa514c00
instanceKlass  @bci org/eclipse/core/internal/resources/MarkerManager visitorRemoveMarkers (Lorg/eclipse/core/runtime/IPath;Ljava/lang/String;Z)V 3 <appendix> form vmentry <vmtarget> ; # java/lang/invoke/LambdaForm$DMH+0x000001d2aa514800
instanceKlass  @bci org/eclipse/core/internal/content/ContentTypeBuilder applyPreferences (Lorg/eclipse/core/internal/content/ContentTypeCatalog;Lorg/eclipse/core/runtime/preferences/IEclipsePreferences;Z)V 4 <appendix> member <vmtarget> ; # org/eclipse/core/internal/content/ContentTypeBuilder$$Lambda+0x000001d2aa516488
instanceKlass  @cpi org/eclipse/core/internal/content/ContentTypeBuilder 424 form vmentry <vmtarget> ; # java/lang/invoke/LambdaForm$DMH+0x000001d2aa514400
instanceKlass org/eclipse/core/runtime/preferences/IPreferenceNodeVisitor
instanceKlass org/eclipse/core/internal/content/FileSpec
instanceKlass org/eclipse/jdt/core/IModularClassFile
instanceKlass  @bci org/eclipse/jdt/internal/core/JarPackageFragmentRoot createChildren (Ljava/util/Collection;)[Lorg/eclipse/jdt/core/IJavaElement; 30 <appendix> argL0 ; # org/eclipse/jdt/internal/core/JarPackageFragmentRoot$$Lambda+0x000001d2aa505fa8
instanceKlass  @bci org/eclipse/jdt/internal/core/JarPackageFragmentRoot lambda$0 (Ljava/util/List;)[Ljava/lang/String; 1 <appendix> argL0 ; # org/eclipse/jdt/internal/core/JarPackageFragmentRoot$$Lambda+0x000001d2aa505d98
instanceKlass  @bci org/eclipse/jdt/internal/core/JarPackageFragmentRoot createChildren (Ljava/util/Collection;)[Lorg/eclipse/jdt/core/IJavaElement; 10 <appendix> argL0 ; # org/eclipse/jdt/internal/core/JarPackageFragmentRoot$$Lambda+0x000001d2aa505b68
instanceKlass org/eclipse/core/internal/content/ContentType
instanceKlass org/eclipse/jdt/internal/core/util/WeakHashSetOfCharArray
instanceKlass org/eclipse/core/internal/content/Util
instanceKlass org/eclipse/jdt/internal/core/util/WeakHashSet
instanceKlass  @bci org/eclipse/core/internal/content/ContentTypeCatalog <init> (Lorg/eclipse/core/internal/content/ContentTypeManager;I)V 118 <appendix> argL0 ; # org/eclipse/core/internal/content/ContentTypeCatalog$$Lambda+0x000001d2aa1694d8
instanceKlass org/eclipse/jdt/internal/core/util/DeduplicationUtil
instanceKlass  @bci org/eclipse/core/internal/content/ContentTypeCatalog <init> (Lorg/eclipse/core/internal/content/ContentTypeManager;I)V 109 <appendix> argL0 ; # org/eclipse/core/internal/content/ContentTypeCatalog$$Lambda+0x000001d2aa169250
instanceKlass  @bci org/eclipse/core/internal/content/ContentTypeCatalog <init> (Lorg/eclipse/core/internal/content/ContentTypeManager;I)V 100 <appendix> argL0 ; # org/eclipse/core/internal/content/ContentTypeCatalog$$Lambda+0x000001d2aa168fc8
instanceKlass  @bci org/eclipse/core/internal/content/ContentTypeCatalog <init> (Lorg/eclipse/core/internal/content/ContentTypeManager;I)V 91 <appendix> argL0 ; # org/eclipse/core/internal/content/ContentTypeCatalog$$Lambda+0x000001d2aa168d40
instanceKlass  @bci org/eclipse/core/internal/content/ContentTypeCatalog <init> (Lorg/eclipse/core/internal/content/ContentTypeManager;I)V 82 <appendix> argL0 ; # org/eclipse/core/internal/content/ContentTypeCatalog$$Lambda+0x000001d2aa168ab8
instanceKlass  @bci org/eclipse/jdt/internal/core/search/indexing/AddJrtToIndex$JrtIndexer visitFile (Ljava/nio/file/Path;Ljava/nio/file/Path;Ljava/nio/file/attribute/BasicFileAttributes;)Ljava/nio/file/FileVisitResult; 74 <appendix> form vmentry <vmtarget> ; # java/lang/invoke/LambdaForm$MH+0x000001d2aa514000
# instanceKlass java/lang/invoke/LambdaForm$MH+0x000001d2aa513c00
# instanceKlass java/lang/invoke/LambdaForm$MH+0x000001d2aa513800
instanceKlass  @bci org/eclipse/jdt/internal/core/search/indexing/AddJrtToIndex$JrtIndexer visitFile (Ljava/nio/file/Path;Ljava/nio/file/Path;Ljava/nio/file/attribute/BasicFileAttributes;)Ljava/nio/file/FileVisitResult; 74 <appendix> form names 13 function resolvedHandle form vmentry <vmtarget> ; # java/lang/invoke/LambdaForm$DMH+0x000001d2aa513400
instanceKlass  @bci org/eclipse/jdt/internal/core/search/indexing/AddJrtToIndex$JrtIndexer visitFile (Ljava/nio/file/Path;Ljava/nio/file/Path;Ljava/nio/file/attribute/BasicFileAttributes;)Ljava/nio/file/FileVisitResult; 74 <appendix> argL4 form vmentry <vmtarget> ; # java/lang/invoke/LambdaForm$MH+0x000001d2aa513000
# instanceKlass java/lang/invoke/LambdaForm$MH+0x000001d2aa512c00
instanceKlass  @bci org/eclipse/jdt/internal/core/search/indexing/AddJrtToIndex$JrtIndexer visitFile (Ljava/nio/file/Path;Ljava/nio/file/Path;Ljava/nio/file/attribute/BasicFileAttributes;)Ljava/nio/file/FileVisitResult; 74 <appendix> argL4 argL2 form vmentry <vmtarget> ; # java/lang/invoke/LambdaForm$MH+0x000001d2aa512800
# instanceKlass java/lang/invoke/LambdaForm$MH+0x000001d2aa512400
# instanceKlass java/lang/invoke/LambdaForm$MH+0x000001d2aa512000
# instanceKlass java/lang/invoke/LambdaForm$MH+0x000001d2aa511c00
# instanceKlass java/lang/invoke/LambdaForm$MH+0x000001d2aa511800
instanceKlass  @bci org/eclipse/jdt/internal/core/search/indexing/AddJrtToIndex$JrtIndexer visitFile (Ljava/nio/file/Path;Ljava/nio/file/Path;Ljava/nio/file/attribute/BasicFileAttributes;)Ljava/nio/file/FileVisitResult; 74 <appendix> form names 19 function resolvedHandle form vmentry <vmtarget> ; # java/lang/invoke/LambdaForm$DMH+0x000001d2aa511400
instanceKlass  @bci org/eclipse/jdt/internal/core/search/indexing/AddJrtToIndex$JrtIndexer visitFile (Ljava/nio/file/Path;Ljava/nio/file/Path;Ljava/nio/file/attribute/BasicFileAttributes;)Ljava/nio/file/FileVisitResult; 74 <appendix> argL1 form vmentry <vmtarget> ; # java/lang/invoke/LambdaForm$MH+0x000001d2aa511000
# instanceKlass java/lang/invoke/LambdaForm$MH+0x000001d2aa510c00
instanceKlass  @bci org/eclipse/jdt/internal/core/search/indexing/AddJrtToIndex$JrtIndexer visitFile (Ljava/nio/file/Path;Ljava/nio/file/Path;Ljava/nio/file/attribute/BasicFileAttributes;)Ljava/nio/file/FileVisitResult; 74 <appendix> argL1 argL0 form vmentry <vmtarget> ; # java/lang/invoke/LambdaForm$MH+0x000001d2aa510800
# instanceKlass java/lang/invoke/LambdaForm$MH+0x000001d2aa510400
instanceKlass org/eclipse/jdt/core/JavaConventions
# instanceKlass java/lang/invoke/LambdaForm$MH+0x000001d2aa510000
# instanceKlass java/lang/invoke/LambdaForm$MH+0x000001d2aa509c00
# instanceKlass java/lang/invoke/LambdaForm$MH+0x000001d2aa509800
instanceKlass jdk/internal/jrtfs/JrtFileSystem$1
instanceKlass  @bci org/eclipse/jdt/internal/compiler/util/SoftClassCache$JdkClasses get (Ljava/nio/file/Path;)[B 5 <appendix> argL0 ; # org/eclipse/jdt/internal/compiler/util/SoftClassCache$JdkClasses$$Lambda+0x000001d2aa50c630
instanceKlass org/eclipse/jdt/internal/core/JrtPackageFragmentRoot$1
instanceKlass org/eclipse/jdt/internal/compiler/util/SoftClassCache$ClassBytes
instanceKlass  @bci org/eclipse/jdt/internal/compiler/util/SoftClassCache getClassBytes (Lorg/eclipse/jdt/internal/compiler/util/Jdk;Ljava/nio/file/Path;)[B 8 <appendix> argL0 ; # org/eclipse/jdt/internal/compiler/util/SoftClassCache$$Lambda+0x000001d2aa50c200
instanceKlass org/eclipse/jdt/internal/compiler/util/SoftClassCache$JdkClasses
# instanceKlass java/lang/invoke/LambdaForm$MH+0x000001d2aa509400
instanceKlass  @bci org/eclipse/jdt/internal/compiler/util/CharDeduplication <clinit> ()V 44 <appendix> argL0 ; # org/eclipse/jdt/internal/compiler/util/CharDeduplication$$Lambda+0x000001d2aa501c60
# instanceKlass java/lang/invoke/LambdaForm$MH+0x000001d2aa509000
# instanceKlass java/lang/invoke/LambdaForm$MH+0x000001d2aa508c00
instanceKlass org/eclipse/jdt/internal/compiler/util/CharDeduplication
# instanceKlass java/lang/invoke/LambdaForm$MH+0x000001d2aa508800
# instanceKlass java/lang/invoke/LambdaForm$MH+0x000001d2aa508400
instanceKlass  @bci java/lang/invoke/BootstrapMethodInvoker invoke (Ljava/lang/Class;Ljava/lang/invoke/MethodHandle;Ljava/lang/String;Ljava/lang/Object;Ljava/lang/Object;Ljava/lang/Class;)Ljava/lang/Object; 894 <adapter> ; # java/lang/invoke/LambdaForm$MH+0x000001d2aa508000
instanceKlass  @bci org/eclipse/jdt/internal/core/JrtPackageFragmentRoot computeChildren (Lorg/eclipse/jdt/internal/core/OpenableElementInfo;Lorg/eclipse/core/resources/IResource;)Z 29 <appendix> argL0 ; # org/eclipse/jdt/internal/core/JrtPackageFragmentRoot$$Lambda+0x000001d2aa504460
instanceKlass org/eclipse/jdt/internal/compiler/util/ObjectVector$1
instanceKlass  @bci org/eclipse/jdt/internal/core/JavaProject defaultRootModules (Ljava/lang/Iterable;)Ljava/util/List; 6 <appendix> argL0 ; # org/eclipse/jdt/internal/core/JavaProject$$Lambda+0x000001d2aa504230
instanceKlass org/eclipse/jdt/internal/compiler/parser/Scanner
instanceKlass  @bci org/eclipse/jdt/internal/core/JavaProject defaultRootModules (Ljava/lang/Iterable;)Ljava/util/List; 1 <appendix> argL0 ; # org/eclipse/jdt/internal/core/JavaProject$$Lambda+0x000001d2aa504000
instanceKlass java/nio/file/Files$3
instanceKlass org/eclipse/jdt/internal/core/JavaProject$1
instanceKlass java/nio/file/FileTreeWalker$Event
instanceKlass java/nio/file/FileTreeWalker$DirectoryNode
instanceKlass org/eclipse/jdt/internal/compiler/util/ObjectVector
instanceKlass jdk/internal/jrtfs/JrtFileAttributes
instanceKlass org/eclipse/jdt/internal/core/DeltaProcessor$2
instanceKlass org/eclipse/core/internal/resources/ProjectNatureDescriptor
instanceKlass  @bci org/eclipse/core/internal/resources/CheckMissingNaturesListener resourceChanged (Lorg/eclipse/core/resources/IResourceChangeEvent;)V 25 <appendix> member <vmtarget> ; # org/eclipse/core/internal/resources/CheckMissingNaturesListener$$Lambda+0x000001d2aa24d9b8
instanceKlass org/eclipse/core/internal/events/NotificationManager$1
instanceKlass  @bci org/eclipse/core/internal/events/ResourceChangeListenerList getListeners ()[Lorg/eclipse/core/internal/events/ResourceChangeListenerList$ListenerEntry; 4 <appendix> argL0 ; # org/eclipse/core/internal/events/ResourceChangeListenerList$$Lambda+0x000001d2aa24d578
instanceKlass  @bci jdk/internal/jimage/ImageReader$SharedImageReader handleModulesSubTree (Ljava/lang/String;Ljdk/internal/jimage/ImageLocation;)Ljdk/internal/jimage/ImageReader$Node; 37 <appendix> member <vmtarget> ; # jdk/internal/jimage/ImageReader$SharedImageReader$$Lambda+0x000001d2aa503b20
instanceKlass jdk/internal/jimage/ImageBufferCache$2
instanceKlass jdk/internal/jimage/ImageBufferCache
instanceKlass  @bci jdk/internal/jimage/ImageReader$SharedImageReader handlePackages (Ljava/lang/String;Ljdk/internal/jimage/ImageLocation;)Ljdk/internal/jimage/ImageReader$Node; 20 <appendix> member <vmtarget> ; # jdk/internal/jimage/ImageReader$SharedImageReader$$Lambda+0x000001d2aa503220
instanceKlass jdk/internal/jimage/ImageReader$SharedImageReader$LocationVisitor
instanceKlass jdk/internal/jimage/ImageLocation
instanceKlass java/util/RegularEnumSet$EnumSetIterator
instanceKlass java/nio/file/FileTreeWalker
instanceKlass java/nio/file/SimpleFileVisitor
instanceKlass jdk/internal/jrtfs/JrtDirectoryStream$1
instanceKlass  @bci jdk/internal/jrtfs/JrtFileSystem iteratorOf (Ljdk/internal/jrtfs/JrtPath;Ljava/nio/file/DirectoryStream$Filter;)Ljava/util/Iterator; 82 <appendix> member <vmtarget> ; # jdk/internal/jrtfs/JrtFileSystem$$Lambda+0x000001d2aa502900
instanceKlass  @bci jdk/internal/jrtfs/JrtFileSystem iteratorOf (Ljdk/internal/jrtfs/JrtPath;Ljava/nio/file/DirectoryStream$Filter;)Ljava/util/Iterator; 71 <appendix> member <vmtarget> ; # jdk/internal/jrtfs/JrtFileSystem$$Lambda+0x000001d2aa5026c8
instanceKlass jdk/internal/jimage/ImageReader$Node
instanceKlass jdk/internal/jrtfs/JrtPath
instanceKlass jdk/internal/jrtfs/JrtDirectoryStream
instanceKlass jdk/internal/jimage/decompressor/Decompressor
instanceKlass org/eclipse/jdt/internal/core/DeltaProcessor$1
instanceKlass jdk/internal/jimage/ImageStringsReader
instanceKlass jdk/internal/jimage/ImageHeader
# instanceKlass java/lang/invoke/LambdaForm$MH+0x000001d2aa501400
# instanceKlass java/lang/invoke/LambdaForm$MH+0x000001d2aa501000
# instanceKlass java/lang/invoke/LambdaForm$MH+0x000001d2aa500c00
# instanceKlass java/lang/invoke/LambdaForm$MH+0x000001d2aa500800
# instanceKlass java/lang/invoke/LambdaForm$MH+0x000001d2aa500400
# instanceKlass java/lang/invoke/LambdaForm$MH+0x000001d2aa500000
# instanceKlass java/lang/invoke/LambdaForm$MH+0x000001d2aa4ffc00
# instanceKlass java/lang/invoke/LambdaForm$BMH+0x000001d2aa4ff800
# instanceKlass java/lang/invoke/LambdaForm$DMH+0x000001d2aa4ff400
# instanceKlass java/lang/invoke/LambdaForm$DMH+0x000001d2aa4ff000
instanceKlass sun/nio/ch/Util$4
instanceKlass sun/nio/ch/FileChannelImpl$Unmapper
instanceKlass jdk/internal/access/foreign/UnmapperProxy
instanceKlass  @bci jdk/internal/misc/ExtendedMapMode <clinit> ()V 0 <appendix> argL0 ; # jdk/internal/misc/ExtendedMapMode$$Lambda+0x000001d2aa2fe8e0
instanceKlass jdk/internal/misc/ExtendedMapMode
instanceKlass java/nio/channels/FileChannel$MapMode
instanceKlass jdk/internal/jimage/BasicImageReader$2
instanceKlass jdk/internal/jimage/BasicImageReader$1
instanceKlass jdk/internal/jimage/ImageReader$Node
instanceKlass jdk/internal/jimage/ImageStrings
instanceKlass jdk/internal/jimage/BasicImageReader
instanceKlass jdk/internal/jimage/ImageReader
instanceKlass jdk/internal/jrtfs/SystemImage$2
instanceKlass  @bci jdk/internal/jrtfs/SystemImage <clinit> ()V 0 <appendix> argL0 ; # jdk/internal/jrtfs/SystemImage$$Lambda+0x000001d2aa4fd228
instanceKlass jdk/internal/jrtfs/SystemImage
instanceKlass jdk/internal/jrtfs/JrtPath
instanceKlass jdk/internal/jrtfs/JrtFileSystemProvider$1
instanceKlass java/nio/file/spi/FileSystemProvider$1
instanceKlass  @bci org/eclipse/jdt/internal/compiler/util/JRTUtil getJrtFileSystem (Ljava/nio/file/Path;)Ljava/nio/file/FileSystem; 14 <appendix> argL0 ; # org/eclipse/jdt/internal/compiler/util/JRTUtil$$Lambda+0x000001d2aa2b3180
instanceKlass  @bci org/eclipse/jdt/internal/compiler/util/JRTUtil getJrtSystem (Ljava/io/File;Ljava/lang/String;)Lorg/eclipse/jdt/internal/compiler/util/JrtFileSystem; 46 <appendix> member <vmtarget> ; # org/eclipse/jdt/internal/compiler/util/JRTUtil$$Lambda+0x000001d2aa2b2ce0
instanceKlass org/eclipse/jdt/internal/compiler/util/JrtFileSystem
instanceKlass  @bci org/eclipse/jdt/internal/compiler/util/Jdk <init> (Ljava/io/File;)V 20 <appendix> argL0 ; # org/eclipse/jdt/internal/compiler/util/Jdk$$Lambda+0x000001d2aa2b2850
instanceKlass org/eclipse/jdt/internal/compiler/util/Jdk
instanceKlass org/eclipse/jdt/internal/compiler/util/SoftClassCache
instanceKlass org/eclipse/jdt/internal/compiler/util/JRTUtil
instanceKlass  @bci org/eclipse/jdt/internal/core/search/processing/JobManager isJobWaiting (Lorg/eclipse/jdt/internal/core/search/processing/IJob;)Z 22 <appendix> member <vmtarget> ; # org/eclipse/jdt/internal/core/search/processing/JobManager$$Lambda+0x000001d2aa4fb318
instanceKlass org/eclipse/jdt/core/search/ISearchPattern
instanceKlass org/eclipse/jdt/internal/core/search/IRestrictedAccessMethodRequestor
instanceKlass org/eclipse/jdt/core/search/SearchEngine
instanceKlass org/eclipse/jdt/core/search/SearchDocument
instanceKlass org/eclipse/jdt/internal/core/ClasspathValidation
instanceKlass org/eclipse/jdt/internal/core/search/indexing/AddJrtToIndex$JrtTraverser
instanceKlass org/eclipse/jdt/internal/core/JavaElementDelta$Key
instanceKlass org/eclipse/jdt/internal/core/SimpleDelta
instanceKlass org/eclipse/jdt/internal/compiler/util/SimpleSet
instanceKlass org/eclipse/jdt/internal/core/JavaModelManager$ZipCache
instanceKlass  @bci org/eclipse/jdt/internal/core/index/MetaIndex remove (Ljava/lang/String;)V 16 <appendix> member <vmtarget> ; # org/eclipse/jdt/internal/core/index/MetaIndex$$Lambda+0x000001d2aa4f4400
instanceKlass org/eclipse/jdt/internal/compiler/util/HashtableOfObject
instanceKlass org/eclipse/jdt/internal/compiler/util/HashtableOfIntValues
instanceKlass org/eclipse/jdt/internal/compiler/util/SimpleSetOfCharArray
instanceKlass org/eclipse/jdt/internal/core/index/DiskIndex
instanceKlass org/eclipse/jdt/internal/core/util/SimpleWordSet
instanceKlass org/eclipse/jdt/internal/core/index/MemoryIndex
instanceKlass org/eclipse/jdt/internal/core/search/indexing/ReadWriteMonitor
instanceKlass org/eclipse/jdt/internal/core/index/Index
instanceKlass org/eclipse/jdt/internal/core/index/MetaIndex
instanceKlass sun/nio/cs/ThreadLocalCoders$Cache
instanceKlass sun/nio/cs/ThreadLocalCoders
instanceKlass org/eclipse/jdt/internal/launching/JREContainer$RuleEntry
instanceKlass org/eclipse/jdt/internal/launching/JREContainer$RuleKey
instanceKlass org/eclipse/jdt/ls/core/internal/javafx/FXVersionUtil
instanceKlass org/eclipse/jdt/ls/core/internal/javafx/FXAccessRuleParticipant
instanceKlass org/eclipse/jdt/internal/launching/environments/DefaultAccessRuleParticipant
instanceKlass org/eclipse/jdt/internal/core/ModelUpdater
instanceKlass org/eclipse/jdt/internal/launching/JREContainer$1
instanceKlass org/eclipse/jdt/internal/launching/JREContainer
instanceKlass  @bci org/eclipse/jdt/internal/core/JavaModelManager variableNames ()[Ljava/lang/String; 7 <appendix> argL0 ; # org/eclipse/jdt/internal/core/JavaModelManager$$Lambda+0x000001d2aa2be790
instanceKlass org/eclipse/jdt/launching/environments/CompatibleEnvironment
instanceKlass org/eclipse/jdt/internal/launching/environments/ExecutionEnvironmentAnalyzer
instanceKlass  @bci org/eclipse/jdt/launching/AbstractVMInstallType getVMInstalls ()[Lorg/eclipse/jdt/launching/IVMInstall; 4 <appendix> argL0 ; # org/eclipse/jdt/launching/AbstractVMInstallType$$Lambda+0x000001d2aa4f2c08
instanceKlass  @bci org/eclipse/jdt/launching/VMStandin convertToRealVM ()Lorg/eclipse/jdt/launching/IVMInstall; 155 <appendix> member <vmtarget> ; # org/eclipse/jdt/launching/VMStandin$$Lambda+0x000001d2aa4f2490
instanceKlass  @cpi org/eclipse/jdt/launching/VMStandin 173 form vmentry <vmtarget> ; # java/lang/invoke/LambdaForm$DMH+0x000001d2aa4f4000
instanceKlass org/eclipse/jdt/launching/IVMRunner
instanceKlass org/eclipse/jdt/internal/launching/CompositeId
instanceKlass org/eclipse/jdt/ls/core/internal/javafx/FXLibraryLocationResolver
instanceKlass org/eclipse/jdt/internal/launching/JavaFxLibraryResolver
instanceKlass org/eclipse/jdt/launching/ILibraryLocationResolver
instanceKlass  @bci org/eclipse/jdt/internal/launching/StandardVMType getLibraryLocationResolvers ()[Lorg/eclipse/jdt/launching/ILibraryLocationResolver; 27 <appendix> argL0 ; # org/eclipse/jdt/internal/launching/StandardVMType$$Lambda+0x000001d2aa4f14c8
instanceKlass org/eclipse/jdt/launching/LibraryLocation
instanceKlass org/eclipse/jdt/internal/launching/LibraryInfo
instanceKlass org/eclipse/jdt/launching/AbstractVMInstall
instanceKlass org/eclipse/jdt/launching/IVMInstall3
instanceKlass org/eclipse/jdt/launching/IVMInstall2
instanceKlass org/eclipse/jdt/internal/launching/VMDefinitionsContainer
instanceKlass  @bci org/eclipse/jdt/internal/launching/StandardVMType <clinit> ()V 78 <appendix> argL0 ; # org/eclipse/jdt/internal/launching/StandardVMType$$Lambda+0x000001d2aa4ef4d8
instanceKlass  @bci org/eclipse/jdt/internal/launching/StandardVMType <clinit> ()V 0 <appendix> argL0 ; # org/eclipse/jdt/internal/launching/StandardVMType$$Lambda+0x000001d2aa4ef2c8
instanceKlass org/eclipse/jdt/launching/AbstractVMInstallType
instanceKlass org/eclipse/jdt/launching/IVMInstallType
instanceKlass org/eclipse/jdt/internal/launching/environments/Analyzer
instanceKlass org/eclipse/jdt/launching/environments/IExecutionEnvironmentAnalyzerDelegate
instanceKlass org/eclipse/jdt/internal/launching/environments/AccessRuleParticipant
instanceKlass org/eclipse/jdt/internal/launching/environments/ExecutionEnvironment$1
instanceKlass org/eclipse/jdt/launching/environments/IAccessRuleParticipant
instanceKlass org/eclipse/jdt/internal/launching/environments/ExecutionEnvironment
instanceKlass  @bci org/eclipse/jdt/internal/launching/environments/EnvironmentsManager initializeExtensions ()V 14 <appendix> argL0 ; # org/eclipse/jdt/internal/launching/environments/EnvironmentsManager$$Lambda+0x000001d2aa349750
instanceKlass  @bci org/eclipse/jdt/internal/launching/environments/EnvironmentsManager initializeExtensions ()V 9 <appendix> member <vmtarget> ; # org/eclipse/jdt/internal/launching/environments/EnvironmentsManager$$Lambda+0x000001d2aa3494c0
instanceKlass org/eclipse/jdt/launching/environments/IExecutionEnvironment
instanceKlass org/eclipse/jdt/internal/launching/environments/EnvironmentsManager
instanceKlass org/eclipse/buildship/core/internal/workspace/GradleClasspathContainer
instanceKlass org/gradle/tooling/model/eclipse/EclipseClasspathEntry
instanceKlass org/eclipse/buildship/core/internal/workspace/GradleClasspathContainerUpdater
instanceKlass org/eclipse/jdt/core/ClasspathContainerInitializer
instanceKlass org/eclipse/jdt/internal/core/JavaModelManager$11
instanceKlass  @bci org/eclipse/m2e/core/internal/embedder/MavenImpl getMirror (Lorg/apache/maven/artifact/repository/ArtifactRepository;)Lorg/apache/maven/settings/Mirror; 6 <appendix> member <vmtarget> ; # org/eclipse/m2e/core/internal/embedder/MavenImpl$$Lambda+0x000001d2aa4c35f0
instanceKlass  @bci java/util/stream/MatchOps makeRef (Ljava/util/function/Predicate;Ljava/util/stream/MatchOps$MatchKind;)Ljava/util/stream/TerminalOp; 20 <appendix> member <vmtarget> ; # java/util/stream/MatchOps$$Lambda+0x000001d2aa2fa270
instanceKlass java/util/stream/MatchOps$BooleanTerminalSink
instanceKlass java/util/stream/MatchOps$MatchOp
instanceKlass java/util/stream/MatchOps
instanceKlass  @bci org/eclipse/m2e/core/internal/embedder/MavenImpl addDefaultRepository (Ljava/util/List;)V 6 <appendix> argL0 ; # org/eclipse/m2e/core/internal/embedder/MavenImpl$$Lambda+0x000001d2aa4c33b0
instanceKlass org/apache/commons/codec/CharEncoding
instanceKlass org/apache/commons/codec/binary/Hex
instanceKlass org/apache/commons/codec/BinaryDecoder
instanceKlass org/apache/commons/codec/Decoder
instanceKlass org/apache/commons/codec/BinaryEncoder
instanceKlass org/apache/commons/codec/Encoder
instanceKlass sun/security/provider/ByteArrayAccess$LE
instanceKlass org/apache/commons/codec/binary/StringUtils
instanceKlass org/eclipse/m2e/core/internal/project/registry/ProjectProcessingTracker
instanceKlass  @bci org/eclipse/m2e/core/internal/project/registry/ProjectRegistryManager refresh (Lorg/eclipse/m2e/core/internal/project/registry/MutableProjectRegistry;Lorg/eclipse/m2e/core/internal/project/registry/DependencyResolutionContext;Lorg/eclipse/core/runtime/IProgressMonitor;)V 446 <appendix> member <vmtarget> ; # org/eclipse/m2e/core/internal/project/registry/ProjectRegistryManager$$Lambda+0x000001d2aa4c2f78
instanceKlass  @bci org/eclipse/m2e/core/internal/project/registry/ProjectRegistryManager refresh (Lorg/eclipse/m2e/core/internal/project/registry/MutableProjectRegistry;Lorg/eclipse/m2e/core/internal/project/registry/DependencyResolutionContext;Lorg/eclipse/core/runtime/IProgressMonitor;)V 61 <appendix> member <vmtarget> ; # org/eclipse/m2e/core/internal/project/registry/ProjectRegistryManager$$Lambda+0x000001d2aa4c2d30
instanceKlass org/apache/commons/codec/digest/DigestUtils
instanceKlass  @bci org/eclipse/m2e/core/internal/project/registry/ProjectRegistryManager refresh (Lorg/eclipse/m2e/core/internal/project/registry/MutableProjectRegistry;Lorg/eclipse/m2e/core/internal/project/registry/DependencyResolutionContext;Lorg/eclipse/core/runtime/IProgressMonitor;)V 49 <appendix> member <vmtarget> ; # org/eclipse/m2e/core/internal/project/registry/ProjectRegistryManager$$Lambda+0x000001d2aa4c2b08
instanceKlass  @bci org/eclipse/m2e/core/internal/project/registry/ProjectRegistryManager refresh (Lorg/eclipse/m2e/core/internal/project/registry/MutableProjectRegistry;Ljava/util/Collection;Lorg/eclipse/core/runtime/IProgressMonitor;)Ljava/util/Map; 53 <appendix> member <vmtarget> ; # org/eclipse/m2e/core/internal/project/registry/ProjectRegistryManager$$Lambda+0x000001d2aa4c28f0
instanceKlass  @cpi org/eclipse/m2e/core/internal/project/registry/ProjectRegistryManager 1800 form vmentry <vmtarget> ; # java/lang/invoke/LambdaForm$DMH+0x000001d2aa4ec000
instanceKlass org/eclipse/m2e/core/internal/embedder/ReadonlyMavenExecutionRequest
instanceKlass  @bci org/eclipse/m2e/core/internal/project/registry/ProjectRegistryRefreshJob lambda$0 (Lorg/eclipse/m2e/core/internal/project/registry/MutableProjectRegistry;Ljava/util/List;Lorg/eclipse/core/runtime/IProgressMonitor;Lorg/eclipse/m2e/core/embedder/IMavenExecutionContext;Lorg/eclipse/core/runtime/IProgressMonitor;)Ljava/lang/Object; 344 <appendix> member <vmtarget> ; # org/eclipse/m2e/core/internal/project/registry/ProjectRegistryRefreshJob$$Lambda+0x000001d2aa4c1df8
instanceKlass org/eclipse/m2e/core/internal/embedder/AbstractTransferListenerAdapter
instanceKlass org/apache/maven/session/scope/internal/SessionScope$CachingProvider
# instanceKlass org/apache/maven/session/scope/internal/SessionScope$$Lambda+0x000001d2aa4e9008
instanceKlass  @bci org/apache/maven/session/scope/internal/SessionScope seed (Ljava/lang/Class;Ljava/lang/Object;)V 3 <appendix> member <vmtarget> ; # org/apache/maven/session/scope/internal/SessionScope$$Lambda+0x000001d2aa4e8dd8
instanceKlass org/apache/maven/settings/RuntimeInfo
instanceKlass org/apache/maven/execution/DefaultMavenExecutionResult
instanceKlass org/eclipse/aether/AbstractForwardingRepositorySystemSession
instanceKlass org/eclipse/aether/internal/impl/Utils
instanceKlass org/eclipse/aether/internal/impl/LocalPathPrefixComposerFactorySupport$LocalPathPrefixComposerSupport
instanceKlass org/eclipse/aether/internal/impl/SimpleLocalRepositoryManager
instanceKlass org/eclipse/aether/internal/impl/PrioritizedComponent
instanceKlass org/eclipse/sisu/wire/EntrySetAdapter$ValueIterator
instanceKlass org/eclipse/aether/internal/impl/PrioritizedComponents
# instanceKlass org/apache/maven/RepositoryUtils$$Lambda+0x000001d2aa4e6c40
instanceKlass  @bci org/apache/maven/RepositoryUtils toRepos (Ljava/util/List;)Ljava/util/List; 18 <appendix> argL0 ; # org/apache/maven/RepositoryUtils$$Lambda+0x000001d2aa4e6a10
instanceKlass org/eclipse/aether/repository/RemoteRepository$Builder
instanceKlass org/eclipse/aether/util/ConfigUtils
instanceKlass org/eclipse/aether/util/repository/DefaultAuthenticationSelector
instanceKlass org/eclipse/aether/util/repository/DefaultProxySelector
instanceKlass org/eclipse/aether/util/repository/DefaultMirrorSelector
instanceKlass org/apache/maven/settings/crypto/DefaultSettingsDecryptionResult
instanceKlass org/apache/maven/settings/crypto/DefaultSettingsDecryptionRequest
instanceKlass org/apache/maven/RepositoryUtils$MavenArtifactTypeRegistry
instanceKlass org/apache/maven/RepositoryUtils
instanceKlass org/eclipse/aether/util/repository/SimpleResolutionErrorPolicy
# instanceKlass java/util/stream/Collectors$$Lambda+0x000001d2aa2f8ee0
instanceKlass  @bci java/util/stream/Collectors mapMerger (Ljava/util/function/BinaryOperator;)Ljava/util/function/BinaryOperator; 1 <appendix> member <vmtarget> ; # java/util/stream/Collectors$$Lambda+0x000001d2aa2f8ca0
# instanceKlass java/util/stream/Collectors$$Lambda+0x000001d2aa2f8a78
instanceKlass  @bci java/util/stream/Collectors toMap (Ljava/util/function/Function;Ljava/util/function/Function;Ljava/util/function/BinaryOperator;Ljava/util/function/Supplier;)Ljava/util/stream/Collector; 3 <appendix> member <vmtarget> ; # java/util/stream/Collectors$$Lambda+0x000001d2aa2f8850
# instanceKlass java/util/stream/Collectors$$Lambda+0x000001d2aa2f8640
instanceKlass  @bci java/util/stream/Collectors toMap (Ljava/util/function/Function;Ljava/util/function/Function;Ljava/util/function/BinaryOperator;)Ljava/util/stream/Collector; 3 <appendix> argL0 ; # java/util/stream/Collectors$$Lambda+0x000001d2aa2f8430
# instanceKlass org/apache/maven/internal/aether/DefaultRepositorySystemSessionFactory$$Lambda+0x000001d2aa4e4c28
instanceKlass  @bci org/apache/maven/internal/aether/DefaultRepositorySystemSessionFactory getPropertiesFromRequestedProfiles (Lorg/apache/maven/execution/MavenExecutionRequest;)Ljava/util/Map; 59 <appendix> argL0 ; # org/apache/maven/internal/aether/DefaultRepositorySystemSessionFactory$$Lambda+0x000001d2aa4e49f0
# instanceKlass org/apache/maven/internal/aether/DefaultRepositorySystemSessionFactory$$Lambda+0x000001d2aa4e47c0
instanceKlass  @bci org/apache/maven/internal/aether/DefaultRepositorySystemSessionFactory getPropertiesFromRequestedProfiles (Lorg/apache/maven/execution/MavenExecutionRequest;)Ljava/util/Map; 54 <appendix> argL0 ; # org/apache/maven/internal/aether/DefaultRepositorySystemSessionFactory$$Lambda+0x000001d2aa4e4590
instanceKlass  @bci org/apache/maven/internal/aether/DefaultRepositorySystemSessionFactory getPropertiesFromRequestedProfiles (Lorg/apache/maven/execution/MavenExecutionRequest;)Ljava/util/Map; 49 <appendix> argL0 ; # org/apache/maven/internal/aether/DefaultRepositorySystemSessionFactory$$Lambda+0x000001d2aa4e4360
# instanceKlass org/apache/maven/internal/aether/DefaultRepositorySystemSessionFactory$$Lambda+0x000001d2aa4e4130
instanceKlass  @bci org/apache/maven/internal/aether/DefaultRepositorySystemSessionFactory getPropertiesFromRequestedProfiles (Lorg/apache/maven/execution/MavenExecutionRequest;)Ljava/util/Map; 39 <appendix> argL0 ; # org/apache/maven/internal/aether/DefaultRepositorySystemSessionFactory$$Lambda+0x000001d2aa4e3f00
instanceKlass  @bci org/apache/maven/internal/aether/DefaultRepositorySystemSessionFactory getPropertiesFromRequestedProfiles (Lorg/apache/maven/execution/MavenExecutionRequest;)Ljava/util/Map; 29 <appendix> argL0 ; # org/apache/maven/internal/aether/DefaultRepositorySystemSessionFactory$$Lambda+0x000001d2aa4e3cd0
# instanceKlass org/apache/maven/internal/aether/DefaultRepositorySystemSessionFactory$$Lambda+0x000001d2aa4e3aa0
instanceKlass  @bci org/apache/maven/internal/aether/DefaultRepositorySystemSessionFactory getPropertiesFromRequestedProfiles (Lorg/apache/maven/execution/MavenExecutionRequest;)Ljava/util/Map; 19 <appendix> member <vmtarget> ; # org/apache/maven/internal/aether/DefaultRepositorySystemSessionFactory$$Lambda+0x000001d2aa4e3858
# instanceKlass org/apache/maven/internal/aether/DefaultRepositorySystemSessionFactory$$Lambda+0x000001d2aa4e3610
instanceKlass org/eclipse/aether/util/repository/SimpleArtifactDescriptorPolicy
instanceKlass org/eclipse/aether/artifact/DefaultArtifactType
instanceKlass org/eclipse/aether/util/artifact/SimpleArtifactTypeRegistry
instanceKlass org/eclipse/aether/util/graph/transformer/JavaDependencyContextRefiner
instanceKlass org/eclipse/aether/util/graph/transformer/ChainedDependencyGraphTransformer
instanceKlass org/eclipse/aether/util/graph/transformer/ConflictResolver
instanceKlass org/eclipse/aether/graph/Exclusion
instanceKlass org/eclipse/aether/util/graph/selector/ExclusionDependencySelector
instanceKlass org/eclipse/aether/util/graph/selector/OptionalDependencySelector
instanceKlass org/eclipse/aether/util/graph/selector/ScopeDependencySelector
instanceKlass org/eclipse/aether/util/graph/selector/AndDependencySelector
instanceKlass org/eclipse/aether/util/graph/manager/ClassicDependencyManager
instanceKlass org/eclipse/aether/util/graph/traverser/FatArtifactTraverser
instanceKlass org/eclipse/aether/DefaultSessionData
instanceKlass org/eclipse/aether/DefaultRepositorySystemSession$NullFileTransformerManager
instanceKlass org/eclipse/aether/transform/FileTransformerManager
instanceKlass org/eclipse/aether/DefaultRepositorySystemSession$NullArtifactTypeRegistry
instanceKlass org/eclipse/aether/DefaultRepositorySystemSession$NullAuthenticationSelector
instanceKlass org/eclipse/aether/DefaultRepositorySystemSession$NullProxySelector
instanceKlass org/eclipse/aether/DefaultRepositorySystemSession$NullMirrorSelector
instanceKlass org/eclipse/aether/SessionData
instanceKlass org/eclipse/aether/artifact/ArtifactTypeRegistry
instanceKlass org/apache/maven/repository/internal/MavenRepositorySystemUtils
instanceKlass org/apache/maven/graph/DefaultGraphBuilder$$FastClassByGuice$$193856006
instanceKlass jdk/internal/math/MathUtils
instanceKlass jdk/internal/math/FloatToDecimal
instanceKlass org/apache/maven/plugin/prefix/internal/DefaultPluginPrefixResolver$$FastClassByGuice$$192643385
instanceKlass org/apache/maven/plugin/CompoundMojoExecutionListener
instanceKlass org/apache/maven/plugin/DefaultBuildPluginManager$$FastClassByGuice$$191472098
instanceKlass org/apache/maven/lifecycle/internal/DefaultLifecycleTaskSegmentCalculator$$FastClassByGuice$$190532440
instanceKlass org/apache/maven/lifecycle/internal/DefaultExecutionEventCatapult$$FastClassByGuice$$189008490
instanceKlass org/apache/maven/project/DefaultProjectDependenciesResolver$$FastClassByGuice$$188037207
instanceKlass org/apache/maven/project/RepositorySessionDecorator
instanceKlass com/google/inject/internal/DelegatingInvocationHandler
instanceKlass org/apache/maven/artifact/repository/metadata/io/DefaultMetadataReader$$FastClassByGuice$$187333995
instanceKlass org/apache/maven/plugin/version/internal/DefaultPluginVersionResolver$$FastClassByGuice$$186453351
instanceKlass org/apache/maven/rtinfo/internal/DefaultRuntimeInformation$$FastClassByGuice$$184968980
instanceKlass org/apache/maven/plugin/DefaultPluginDescriptorCache$$FastClassByGuice$$184168472
instanceKlass org/apache/maven/plugin/internal/DefaultMavenPluginManager$$FastClassByGuice$$183082711
instanceKlass org/codehaus/plexus/classworlds/realm/Entry
instanceKlass org/apache/maven/classrealm/DefaultClassRealmRequest
instanceKlass org/eclipse/sisu/wire/EntryListAdapter$ValueIterator
instanceKlass org/apache/maven/project/DefaultProjectBuildingHelper$$FastClassByGuice$$181548705
instanceKlass org/apache/maven/project/DefaultProjectBuilder$$FastClassByGuice$$180464604
instanceKlass org/apache/maven/DefaultMaven$$FastClassByGuice$$179344980
instanceKlass org/apache/maven/properties/internal/SystemProperties
instanceKlass org/codehaus/plexus/util/Os
instanceKlass org/apache/maven/properties/internal/EnvironmentUtils
instanceKlass org/apache/maven/artifact/repository/layout/ArtifactRepositoryLayout2
instanceKlass org/apache/maven/artifact/repository/layout/DefaultRepositoryLayout$$FastClassByGuice$$179213290
instanceKlass org/apache/maven/repository/DefaultMirrorSelector$$FastClassByGuice$$177528531
instanceKlass org/apache/maven/repository/legacy/repository/DefaultArtifactRepositoryFactory$$FastClassByGuice$$177041923
instanceKlass org/eclipse/aether/artifact/ArtifactType
instanceKlass org/apache/maven/lifecycle/internal/DefaultLifecyclePluginAnalyzer$$FastClassByGuice$$175909235
instanceKlass org/apache/maven/model/plugin/DefaultLifecycleBindingsInjector$$FastClassByGuice$$175046219
instanceKlass org/apache/maven/model/Contributor
instanceKlass org/apache/maven/model/PatternSet
instanceKlass org/apache/maven/model/merge/ModelMerger$KeyComputer
instanceKlass org/apache/maven/model/merge/ModelMerger$Remapping
instanceKlass  @bci org/eclipse/aether/internal/impl/synccontext/named/NamedLockFactoryAdapterFactoryImpl <init> (Ljava/util/Map;Ljava/lang/String;Ljava/util/Map;Ljava/lang/String;Lorg/eclipse/aether/impl/RepositorySystemLifecycle;)V 63 <appendix> member <vmtarget> ; # org/eclipse/aether/internal/impl/synccontext/named/NamedLockFactoryAdapterFactoryImpl$$Lambda+0x000001d2aa4d9930
instanceKlass org/eclipse/sisu/wire/NamedIterableAdapter
instanceKlass org/eclipse/aether/internal/impl/DefaultUpdateCheckManager$1
instanceKlass org/apache/maven/repository/legacy/DefaultUpdateCheckManager$$FastClassByGuice$$173461710
instanceKlass org/apache/maven/repository/legacy/DefaultWagonManager$$FastClassByGuice$$172292460
instanceKlass org/apache/maven/artifact/repository/metadata/DefaultRepositoryMetadataManager$$FastClassByGuice$$171306004
instanceKlass org/apache/maven/project/artifact/DefaultMetadataSource$$FastClassByGuice$$170624582
instanceKlass org/apache/maven/artifact/resolver/DefaultResolutionErrorHandler$$FastClassByGuice$$169631363
instanceKlass org/apache/maven/plugin/internal/DefaultLegacySupport$$FastClassByGuice$$168247490
instanceKlass org/apache/maven/repository/legacy/resolver/conflict/NearestConflictResolver$$FastClassByGuice$$167411159
instanceKlass org/apache/maven/artifact/resolver/DefaultArtifactCollector$$FastClassByGuice$$166123224
instanceKlass org/apache/maven/artifact/resolver/DefaultArtifactResolver$DaemonThreadCreator
instanceKlass org/apache/maven/artifact/resolver/DefaultArtifactResolver$$FastClassByGuice$$165388312
instanceKlass org/apache/maven/artifact/factory/DefaultArtifactFactory$$FastClassByGuice$$164081899
instanceKlass org/apache/maven/repository/legacy/LegacyRepositorySystem$$FastClassByGuice$$163412356
instanceKlass org/apache/maven/artifact/handler/manager/DefaultArtifactHandlerManager$$FastClassByGuice$$162210649
instanceKlass com/google/common/collect/LinkedHashMultimap$ValueSet$1
instanceKlass com/google/common/collect/AbstractMapBasedMultimap$WrappedCollection$WrappedIterator
instanceKlass com/google/common/collect/SortedSetMultimap
instanceKlass com/google/common/collect/Multimaps
instanceKlass com/google/common/collect/MultimapBuilder$ArrayListSupplier
instanceKlass com/google/common/collect/MultimapBuilder$MultimapBuilderWithKeys
instanceKlass com/google/common/collect/MultimapBuilder
instanceKlass org/eclipse/sisu/inject/Guice4$2
instanceKlass  @bci org/eclipse/m2e/core/internal/embedder/MavenImpl getMirrors ()Ljava/util/List; 4 <appendix> argL0 ; # org/eclipse/m2e/core/internal/embedder/MavenImpl$$Lambda+0x000001d2aa4c1348
instanceKlass  @bci org/eclipse/m2e/core/internal/embedder/MavenImpl getExecutionContext ()Lorg/eclipse/m2e/core/embedder/IMavenExecutionContext; 4 <appendix> member <vmtarget> ; # org/eclipse/m2e/core/internal/embedder/MavenImpl$$Lambda+0x000001d2aa4c1130
instanceKlass org/apache/maven/settings/building/DefaultSettingsBuildingResult
instanceKlass org/codehaus/plexus/util/xml/pull/EntityReplacementMap
instanceKlass org/apache/maven/settings/io/xpp3/SettingsXpp3Reader$1
instanceKlass org/apache/maven/settings/io/xpp3/SettingsXpp3Reader$ContentTransformer
instanceKlass org/apache/maven/settings/io/xpp3/SettingsXpp3Reader
instanceKlass org/codehaus/plexus/interpolation/SimpleRecursionInterceptor
instanceKlass org/apache/maven/settings/building/DefaultSettingsBuilder$1
instanceKlass org/codehaus/plexus/interpolation/os/OperatingSystemUtils$DefaultEnvVarSource
instanceKlass org/codehaus/plexus/interpolation/os/OperatingSystemUtils$EnvVarSource
instanceKlass org/codehaus/plexus/interpolation/os/OperatingSystemUtils
instanceKlass org/codehaus/plexus/interpolation/AbstractValueSource
instanceKlass org/codehaus/plexus/interpolation/RegexBasedInterpolator
instanceKlass org/codehaus/plexus/util/xml/pull/MXSerializer
instanceKlass org/codehaus/plexus/util/xml/pull/XmlSerializer
instanceKlass org/apache/maven/settings/io/xpp3/SettingsXpp3Writer
instanceKlass org/codehaus/plexus/util/StringUtils
instanceKlass org/eclipse/sisu/inject/LazyBeanEntry$JsrNamed
instanceKlass org/eclipse/sisu/inject/LazyBeanEntry
instanceKlass javax/annotation/Priority
instanceKlass org/eclipse/sisu/inject/Implementations
instanceKlass org/eclipse/sisu/plexus/LazyPlexusBean
instanceKlass org/eclipse/sisu/inject/RankedSequence$Itr
instanceKlass org/eclipse/sisu/inject/RankedBindings$Itr
instanceKlass org/eclipse/sisu/inject/LocatedBeans$Itr
instanceKlass org/eclipse/sisu/plexus/RealmFilteredBeans$FilteredItr
instanceKlass org/eclipse/sisu/plexus/DefaultPlexusBeans$Itr
instanceKlass org/eclipse/sisu/plexus/DefaultPlexusBeans
instanceKlass org/eclipse/sisu/plexus/RealmFilteredBeans
instanceKlass org/eclipse/sisu/inject/BeanCache
instanceKlass org/eclipse/sisu/inject/LocatedBeans
instanceKlass org/eclipse/sisu/inject/MildElements$Indexable
instanceKlass org/eclipse/m2e/core/internal/embedder/PlexusContainerManager$2
instanceKlass org/eclipse/m2e/core/internal/embedder/LifecycleManagerDisposer
instanceKlass com/google/inject/internal/ProviderInternalFactory$1
instanceKlass com/google/inject/internal/ConstructorInjector$1
instanceKlass org/eclipse/sisu/inject/WatchedBeans
instanceKlass org/eclipse/sisu/inject/MildValues$ValueItr
instanceKlass org/eclipse/sisu/inject/InjectorBindings
instanceKlass com/google/inject/spi/ProvisionListener$ProvisionInvocation
instanceKlass com/google/inject/internal/MembersInjectorImpl$1
instanceKlass com/google/inject/internal/InternalContext
instanceKlass com/google/inject/internal/Initializer$1
instanceKlass com/google/common/collect/AbstractMapBasedMultimap$AsMap$AsMapIterator
instanceKlass org/codehaus/plexus/DefaultPlexusContainer$$FastClassByGuice$$161031441
instanceKlass org/eclipse/sisu/wire/TypeConverterCache$$FastClassByGuice$$159477611
instanceKlass com/google/inject/internal/SingleMethodInjector$1
instanceKlass org/eclipse/sisu/inject/DefaultBeanLocator$$FastClassByGuice$$159239218
instanceKlass com/google/inject/internal/InjectorImpl$MethodInvoker
instanceKlass com/google/inject/internal/SingleMethodInjector
instanceKlass org/eclipse/sisu/plexus/PlexusXmlBeanConverter$$FastClassByGuice$$158203039
instanceKlass org/eclipse/m2e/core/internal/embedder/EclipseRepositoryListener$$FastClassByGuice$$156257946
instanceKlass org/eclipse/m2e/core/internal/embedder/EclipseClassRealmManagerDelegate$$FastClassByGuice$$155342364
instanceKlass org/eclipse/m2e/core/internal/embedder/EclipseBuildContext$$FastClassByGuice$$155024323
instanceKlass org/eclipse/m2e/core/internal/project/registry/EclipsePluginDependenciesResolver$$FastClassByGuice$$153577314
instanceKlass org/eclipse/m2e/core/internal/project/EclipsePluginArtifactsCache$$FastClassByGuice$$152489036
instanceKlass org/eclipse/m2e/core/internal/project/EclipsePluginRealmCache$$FastClassByGuice$$151899243
instanceKlass org/eclipse/m2e/core/internal/project/EclipseProjectRealmCache$$FastClassByGuice$$149988031
instanceKlass org/eclipse/m2e/core/internal/project/EclipseExtensionRealmCache$$FastClassByGuice$$149125747
instanceKlass org/eclipse/m2e/core/internal/project/EclipseMavenMetadataCache$$FastClassByGuice$$148861142
instanceKlass org/sonatype/plexus/components/sec/dispatcher/DefaultSecDispatcher$$FastClassByGuice$$147459479
instanceKlass org/sonatype/plexus/components/cipher/DefaultPlexusCipher$$FastClassByGuice$$146537850
instanceKlass org/apache/maven/settings/validation/DefaultSettingsValidator$$FastClassByGuice$$145295854
instanceKlass org/apache/maven/settings/io/DefaultSettingsWriter$$FastClassByGuice$$143877586
instanceKlass org/apache/maven/settings/io/DefaultSettingsReader$$FastClassByGuice$$143113789
instanceKlass org/apache/maven/settings/crypto/DefaultSettingsDecrypter$$FastClassByGuice$$142222562
instanceKlass org/apache/maven/settings/building/DefaultSettingsBuilder$$FastClassByGuice$$141338645
instanceKlass org/eclipse/aether/transport/wagon/WagonTransporterFactory$$FastClassByGuice$$139681827
instanceKlass org/eclipse/aether/internal/transport/wagon/PlexusWagonProvider$$FastClassByGuice$$139232191
instanceKlass org/eclipse/aether/internal/transport/wagon/PlexusWagonConfigurator$$FastClassByGuice$$137630495
instanceKlass org/eclipse/aether/transport/http/XChecksumChecksumExtractor$$FastClassByGuice$$137245072
instanceKlass org/eclipse/aether/transport/http/Nexus2ChecksumExtractor$$FastClassByGuice$$135350985
instanceKlass org/eclipse/aether/transport/http/HttpTransporterFactory$$FastClassByGuice$$134949954
instanceKlass org/eclipse/aether/transport/file/FileTransporterFactory$$FastClassByGuice$$133644210
instanceKlass org/apache/maven/repository/internal/VersionsMetadataGeneratorFactory$$FastClassByGuice$$133092245
instanceKlass org/apache/maven/repository/internal/SnapshotMetadataGeneratorFactory$$FastClassByGuice$$131337146
instanceKlass org/apache/maven/repository/internal/PluginsMetadataGeneratorFactory$$FastClassByGuice$$130143231
instanceKlass org/apache/maven/repository/internal/DefaultVersionResolver$$FastClassByGuice$$129187901
instanceKlass org/apache/maven/repository/internal/DefaultVersionRangeResolver$$FastClassByGuice$$128575458
instanceKlass org/apache/maven/repository/internal/DefaultModelCacheFactory$$FastClassByGuice$$127922811
instanceKlass org/apache/maven/repository/internal/DefaultArtifactDescriptorReader$$FastClassByGuice$$125912667
instanceKlass org/eclipse/aether/named/providers/NoopNamedLockFactory$$FastClassByGuice$$125507174
instanceKlass org/eclipse/aether/named/providers/LocalSemaphoreNamedLockFactory$$FastClassByGuice$$123747538
instanceKlass org/eclipse/aether/named/providers/LocalReadWriteLockNamedLockFactory$$FastClassByGuice$$123168214
instanceKlass org/eclipse/aether/named/providers/FileLockNamedLockFactory$$FastClassByGuice$$122324849
instanceKlass org/eclipse/aether/internal/impl/synccontext/named/providers/StaticNameMapperProvider$$FastClassByGuice$$121280650
instanceKlass org/eclipse/aether/internal/impl/synccontext/named/providers/GAVNameMapperProvider$$FastClassByGuice$$119681988
instanceKlass org/eclipse/aether/internal/impl/synccontext/named/providers/FileStaticNameMapperProvider$$FastClassByGuice$$118769187
instanceKlass org/eclipse/aether/internal/impl/synccontext/named/providers/FileHashingGAVNameMapperProvider$$FastClassByGuice$$117468773
instanceKlass org/eclipse/aether/internal/impl/synccontext/named/providers/FileGAVNameMapperProvider$$FastClassByGuice$$116441348
instanceKlass org/eclipse/aether/internal/impl/synccontext/named/providers/DiscriminatingNameMapperProvider$$FastClassByGuice$$115998055
instanceKlass org/eclipse/aether/internal/impl/synccontext/named/NamedLockFactoryAdapterFactoryImpl$$FastClassByGuice$$114626532
instanceKlass org/eclipse/aether/internal/impl/synccontext/legacy/DefaultSyncContextFactory$$FastClassByGuice$$113660609
instanceKlass org/eclipse/aether/internal/impl/synccontext/DefaultSyncContextFactory$$FastClassByGuice$$112776302
instanceKlass org/eclipse/aether/internal/impl/slf4j/Slf4jLoggerFactory$$FastClassByGuice$$111901766
instanceKlass org/eclipse/aether/internal/impl/resolution/TrustedChecksumsArtifactResolverPostProcessor$$FastClassByGuice$$110185293
instanceKlass org/eclipse/aether/internal/impl/filter/PrefixesRemoteRepositoryFilterSource$$FastClassByGuice$$109809449
instanceKlass org/eclipse/aether/internal/impl/filter/GroupIdRemoteRepositoryFilterSource$$FastClassByGuice$$108852877
instanceKlass org/eclipse/aether/internal/impl/filter/DefaultRemoteRepositoryFilterManager$$FastClassByGuice$$107166939
instanceKlass org/eclipse/aether/internal/impl/collect/df/DfDependencyCollector$$FastClassByGuice$$106572021
instanceKlass org/eclipse/aether/internal/impl/collect/bf/BfDependencyCollector$$FastClassByGuice$$105488780
instanceKlass org/eclipse/aether/internal/impl/collect/DefaultDependencyCollector$$FastClassByGuice$$104301099
instanceKlass org/eclipse/aether/internal/impl/checksum/TrustedToProvidedChecksumsSourceAdapter$$FastClassByGuice$$102920302
instanceKlass org/eclipse/aether/internal/impl/checksum/SummaryFileTrustedChecksumsSource$$FastClassByGuice$$101977794
instanceKlass org/eclipse/aether/internal/impl/checksum/SparseDirectoryTrustedChecksumsSource$$FastClassByGuice$$101634012
instanceKlass org/eclipse/aether/internal/impl/checksum/Sha512ChecksumAlgorithmFactory$$FastClassByGuice$$100324708
instanceKlass org/eclipse/aether/internal/impl/checksum/Sha256ChecksumAlgorithmFactory$$FastClassByGuice$$99393765
instanceKlass org/eclipse/aether/internal/impl/checksum/Sha1ChecksumAlgorithmFactory$$FastClassByGuice$$97863130
instanceKlass  @bci com/google/inject/internal/aop/ImmutableStringTrie buildTrie (Ljava/util/Collection;)Ljava/util/function/ToIntFunction; 38 <appendix> argL0 ; # com/google/inject/internal/aop/ImmutableStringTrie$$Lambda+0x000001d2aa4b7cf0
instanceKlass org/eclipse/aether/internal/impl/checksum/Md5ChecksumAlgorithmFactory$$FastClassByGuice$$96878860
instanceKlass org/eclipse/aether/internal/impl/checksum/DefaultChecksumAlgorithmFactorySelector$$FastClassByGuice$$95517913
instanceKlass org/eclipse/aether/internal/impl/SimpleLocalRepositoryManagerFactory$$FastClassByGuice$$95052157
instanceKlass org/eclipse/aether/internal/impl/Maven2RepositoryLayoutFactory$$FastClassByGuice$$93423890
instanceKlass org/eclipse/aether/internal/impl/LoggerFactoryProvider$$FastClassByGuice$$92603839
instanceKlass org/eclipse/aether/internal/impl/EnhancedLocalRepositoryManagerFactory$$FastClassByGuice$$92274661
instanceKlass org/eclipse/aether/internal/impl/DefaultUpdatePolicyAnalyzer$$FastClassByGuice$$90180557
instanceKlass org/eclipse/aether/internal/impl/DefaultUpdateCheckManager$$FastClassByGuice$$90006893
instanceKlass org/eclipse/aether/internal/impl/DefaultTransporterProvider$$FastClassByGuice$$88387021
instanceKlass org/eclipse/aether/internal/impl/DefaultTrackingFileManager$$FastClassByGuice$$87176244
instanceKlass org/eclipse/aether/internal/impl/DefaultRepositorySystemLifecycle$$FastClassByGuice$$86736957
instanceKlass org/eclipse/aether/internal/impl/DefaultRepositorySystem$$FastClassByGuice$$84951712
instanceKlass org/eclipse/aether/internal/impl/DefaultRepositoryLayoutProvider$$FastClassByGuice$$84671054
instanceKlass org/eclipse/aether/internal/impl/DefaultRepositoryEventDispatcher$$FastClassByGuice$$83210298
instanceKlass org/eclipse/aether/internal/impl/DefaultRepositoryConnectorProvider$$FastClassByGuice$$81941937
instanceKlass org/eclipse/aether/internal/impl/DefaultRemoteRepositoryManager$$FastClassByGuice$$81511611
instanceKlass org/eclipse/aether/internal/impl/DefaultOfflineController$$FastClassByGuice$$80296080
instanceKlass org/eclipse/aether/internal/impl/DefaultMetadataResolver$$FastClassByGuice$$79425291
instanceKlass org/eclipse/aether/internal/impl/DefaultLocalRepositoryProvider$$FastClassByGuice$$77959303
instanceKlass org/eclipse/aether/internal/impl/DefaultLocalPathPrefixComposerFactory$$FastClassByGuice$$76855182
instanceKlass org/eclipse/aether/internal/impl/DefaultLocalPathComposer$$FastClassByGuice$$76528739
instanceKlass org/eclipse/aether/internal/impl/DefaultInstaller$$FastClassByGuice$$74958131
instanceKlass org/eclipse/aether/internal/impl/DefaultFileProcessor$$FastClassByGuice$$74111966
instanceKlass org/eclipse/aether/internal/impl/DefaultDeployer$$FastClassByGuice$$72974279
instanceKlass org/eclipse/aether/internal/impl/DefaultChecksumPolicyProvider$$FastClassByGuice$$71444303
instanceKlass org/eclipse/aether/internal/impl/DefaultArtifactResolver$$FastClassByGuice$$71133741
instanceKlass org/eclipse/aether/connector/basic/BasicRepositoryConnectorFactory$$FastClassByGuice$$69610000
instanceKlass org/apache/maven/model/validation/DefaultModelValidator$$FastClassByGuice$$68467932
instanceKlass org/apache/maven/model/superpom/DefaultSuperPomProvider$$FastClassByGuice$$67655285
instanceKlass org/apache/maven/model/profile/activation/PropertyProfileActivator$$FastClassByGuice$$66502120
instanceKlass org/apache/maven/model/profile/activation/OperatingSystemProfileActivator$$FastClassByGuice$$66034262
instanceKlass org/apache/maven/model/profile/activation/JdkVersionProfileActivator$$FastClassByGuice$$64328801
instanceKlass org/apache/maven/model/profile/activation/FileProfileActivator$$FastClassByGuice$$63623797
instanceKlass org/apache/maven/model/profile/DefaultProfileSelector$$FastClassByGuice$$61989264
instanceKlass org/apache/maven/model/profile/DefaultProfileInjector$$FastClassByGuice$$61851576
instanceKlass org/apache/maven/model/plugin/DefaultReportingConverter$$FastClassByGuice$$59832356
instanceKlass org/apache/maven/model/plugin/DefaultReportConfigurationExpander$$FastClassByGuice$$59416534
instanceKlass org/apache/maven/model/plugin/DefaultPluginConfigurationExpander$$FastClassByGuice$$58263699
instanceKlass org/apache/maven/model/path/ProfileActivationFilePathInterpolator$$FastClassByGuice$$57644817
instanceKlass org/apache/maven/model/path/DefaultUrlNormalizer$$FastClassByGuice$$56411400
instanceKlass org/apache/maven/model/path/DefaultPathTranslator$$FastClassByGuice$$55319301
instanceKlass org/apache/maven/model/path/DefaultModelUrlNormalizer$$FastClassByGuice$$54520173
instanceKlass org/apache/maven/model/path/DefaultModelPathTranslator$$FastClassByGuice$$52919887
instanceKlass org/apache/maven/model/normalization/DefaultModelNormalizer$$FastClassByGuice$$51788414
instanceKlass org/apache/maven/model/management/DefaultPluginManagementInjector$$FastClassByGuice$$51246758
instanceKlass org/apache/maven/model/management/DefaultDependencyManagementInjector$$FastClassByGuice$$50075889
instanceKlass org/apache/maven/model/locator/DefaultModelLocator$$FastClassByGuice$$49065190
instanceKlass org/apache/maven/model/io/DefaultModelWriter$$FastClassByGuice$$47261502
instanceKlass org/apache/maven/model/io/DefaultModelReader$$FastClassByGuice$$46737561
instanceKlass org/apache/maven/model/interpolation/StringVisitorModelInterpolator$$FastClassByGuice$$45511301
instanceKlass org/apache/maven/model/interpolation/DefaultModelVersionProcessor$$FastClassByGuice$$44700402
instanceKlass org/apache/maven/model/inheritance/DefaultInheritanceAssembler$$FastClassByGuice$$43398559
instanceKlass org/apache/maven/model/composition/DefaultDependencyManagementImporter$$FastClassByGuice$$42395992
instanceKlass org/apache/maven/model/building/DefaultModelProcessor$$FastClassByGuice$$41787290
instanceKlass org/apache/maven/model/building/DefaultModelBuilder$$FastClassByGuice$$40209340
instanceKlass org/apache/maven/cli/internal/BootstrapCoreExtensionManager$$FastClassByGuice$$39028169
instanceKlass org/apache/maven/cli/configuration/SettingsXmlConfigurationProcessor$$FastClassByGuice$$38187527
instanceKlass org/apache/maven/toolchain/io/DefaultToolchainsWriter$$FastClassByGuice$$37230123
instanceKlass org/apache/maven/toolchain/io/DefaultToolchainsReader$$FastClassByGuice$$36160820
instanceKlass org/apache/maven/toolchain/building/DefaultToolchainsBuilder$$FastClassByGuice$$35638874
instanceKlass org/apache/maven/plugin/internal/ReadOnlyPluginParametersValidator$$FastClassByGuice$$34090751
instanceKlass org/apache/maven/plugin/internal/PlexusContainerDefaultDependenciesValidator$$FastClassByGuice$$32968122
instanceKlass org/apache/maven/plugin/internal/MavenScopeDependenciesValidator$$FastClassByGuice$$32008155
instanceKlass org/apache/maven/plugin/internal/MavenMixedDependenciesValidator$$FastClassByGuice$$31333236
instanceKlass org/apache/maven/plugin/internal/Maven3CompatDependenciesValidator$$FastClassByGuice$$29989087
instanceKlass org/apache/maven/plugin/internal/Maven2DependenciesValidator$$FastClassByGuice$$28709760
instanceKlass org/apache/maven/plugin/internal/DeprecatedPluginValidator$$FastClassByGuice$$28211674
instanceKlass org/apache/maven/plugin/internal/DeprecatedCoreExpressionValidator$$FastClassByGuice$$26263299
instanceKlass org/apache/maven/plugin/internal/DefaultPluginValidationManager$$FastClassByGuice$$25442621
instanceKlass org/apache/maven/plugin/DefaultMojosExecutionStrategy$$FastClassByGuice$$24731160
instanceKlass org/apache/maven/lifecycle/internal/LifecycleDependencyResolver$$FastClassByGuice$$23893545
instanceKlass org/apache/maven/lifecycle/internal/DefaultProjectArtifactFactory$$FastClassByGuice$$22357231
instanceKlass org/apache/maven/internal/aether/ResolverLifecycle$$FastClassByGuice$$21879857
instanceKlass com/google/inject/internal/InjectorImpl$SyntheticProviderBindingImpl$1
instanceKlass com/google/inject/internal/InjectorImpl$1
instanceKlass org/apache/maven/internal/aether/DefaultRepositorySystemSessionFactory$$FastClassByGuice$$20650191
instanceKlass com/google/inject/internal/SingleFieldInjector
instanceKlass org/apache/maven/extension/internal/CoreExportsProvider$$FastClassByGuice$$19922383
instanceKlass org/apache/maven/execution/DefaultMavenExecutionRequestPopulator$$FastClassByGuice$$18172001
instanceKlass org/apache/maven/classrealm/DefaultClassRealmManager$$FastClassByGuice$$16842075
instanceKlass org/apache/maven/ReactorReader$$FastClassByGuice$$16641418
instanceKlass org/apache/maven/DefaultArtifactFilterManager$$FastClassByGuice$$15369326
instanceKlass com/google/inject/internal/SingleParameterInjector
instanceKlass org/eclipse/m2e/internal/maven/listener/M2EMavenBuildDataBridge$$FastClassByGuice$$13862461
instanceKlass org/apache/maven/lifecycle/DefaultLifecycles$$FastClassByGuice$$13323900
instanceKlass org/apache/maven/lifecycle/internal/LifecycleModuleBuilder$$FastClassByGuice$$12273473
instanceKlass org/apache/maven/bridge/MavenRepositorySystem$$FastClassByGuice$$10668920
instanceKlass org/apache/maven/lifecycle/internal/BuildListCalculator$$FastClassByGuice$$9927249
instanceKlass org/apache/maven/lifecycle/internal/LifecycleStarter$$FastClassByGuice$$8432594
instanceKlass org/apache/maven/lifecycle/internal/MojoDescriptorCreator$$FastClassByGuice$$8138715
instanceKlass org/apache/maven/lifecycle/internal/LifecycleDebugLogger$$FastClassByGuice$$6510432
instanceKlass org/apache/maven/lifecycle/Lifecycle$$FastClassByGuice$$5843062
instanceKlass org/eclipse/sisu/plexus/PlexusConfigurations$ConfigurationProvider
instanceKlass org/apache/maven/lifecycle/internal/builder/BuilderCommon$$FastClassByGuice$$4869312
instanceKlass org/apache/maven/lifecycle/internal/MojoExecutor$$FastClassByGuice$$3365326
instanceKlass org/apache/maven/lifecycle/internal/LifecyclePluginResolver$$FastClassByGuice$$2227524
instanceKlass org/apache/maven/eventspy/internal/EventSpyDispatcher$$FastClassByGuice$$1965121
instanceKlass org/eclipse/sisu/bean/BeanPropertySetter
instanceKlass org/eclipse/sisu/PreDestroy
instanceKlass org/eclipse/sisu/PostConstruct
instanceKlass com/google/inject/internal/ProxyFactory
instanceKlass  @bci com/google/inject/internal/ConstructorInjectorStore createConstructor (Lcom/google/inject/spi/InjectionPoint;Lcom/google/inject/internal/Errors;)Lcom/google/inject/internal/ConstructorInjector; 62 <appendix> argL0 ; # com/google/inject/internal/ConstructorInjectorStore$$Lambda+0x000001d2aa4a96f0
instanceKlass com/google/inject/spi/InterceptorBinding
instanceKlass com/google/inject/internal/MethodAspect
instanceKlass com/google/inject/internal/MembersInjectorImpl
instanceKlass org/eclipse/sisu/bean/BeanInjector
instanceKlass org/eclipse/sisu/plexus/PlexusLifecycleManager$2
instanceKlass org/eclipse/sisu/bean/PropertyBinder$1
instanceKlass org/eclipse/sisu/plexus/ProvidedPropertyBinding
instanceKlass org/eclipse/sisu/plexus/PlexusRequirements$AbstractRequirementProvider
instanceKlass org/eclipse/sisu/bean/BeanPropertyField
instanceKlass org/eclipse/sisu/bean/DeclaredMembers$MemberIterator
instanceKlass org/eclipse/sisu/bean/BeanPropertyIterator
instanceKlass org/eclipse/sisu/bean/DeclaredMembers
instanceKlass org/eclipse/sisu/bean/IgnoreSetters
instanceKlass org/eclipse/sisu/bean/BeanProperties
instanceKlass org/eclipse/sisu/plexus/PlexusRequirements
instanceKlass org/eclipse/sisu/plexus/PlexusConfigurations
instanceKlass org/eclipse/sisu/plexus/PlexusPropertyBinder
instanceKlass org/eclipse/sisu/bean/BeanLifecycle
instanceKlass com/google/inject/internal/EncounterImpl
instanceKlass  @bci com/google/inject/internal/AbstractBindingProcessor$Processor scheduleInitialization (Lcom/google/inject/internal/BindingImpl;)V 9 <appendix> member <vmtarget> ; # com/google/inject/internal/AbstractBindingProcessor$Processor$$Lambda+0x000001d2aa4a4dc0
instanceKlass  @bci org/apache/maven/session/scope/internal/SessionScope scope (Lcom/google/inject/Key;Lcom/google/inject/Provider;)Lcom/google/inject/Provider; 3 <appendix> member <vmtarget> ; # org/apache/maven/session/scope/internal/SessionScope$$Lambda+0x000001d2aa4a4b90
instanceKlass org/apache/maven/execution/scope/internal/MojoExecutionScope$2
instanceKlass com/google/inject/internal/ProviderInternalFactory
instanceKlass com/google/inject/internal/InternalProviderInstanceBindingImpl$Factory
instanceKlass com/google/inject/internal/FactoryProxy
instanceKlass com/google/inject/internal/InternalFactoryToProviderAdapter
instanceKlass com/google/inject/internal/ConstructionContext
instanceKlass com/google/inject/internal/SingletonScope$1
instanceKlass com/google/inject/internal/ProviderToInternalFactoryAdapter
instanceKlass com/google/inject/internal/CycleDetectingLock$CycleDetectingLockFactory$ReentrantCycleDetectingLock
instanceKlass com/google/inject/internal/Initializer$InjectableReference
instanceKlass com/google/inject/internal/ProvisionListenerStackCallback
instanceKlass com/google/inject/internal/ProvisionListenerCallbackStore$KeyBinding
instanceKlass com/google/inject/internal/util/Classes
instanceKlass com/google/inject/spi/ExposedBinding
instanceKlass com/google/inject/internal/CreationListener
instanceKlass com/google/inject/internal/InjectorShell$LoggerFactory
instanceKlass com/google/inject/internal/InjectorShell$InjectorFactory
instanceKlass com/google/inject/internal/Initializables$1
instanceKlass com/google/inject/internal/Initializables
instanceKlass com/google/inject/internal/ConstantFactory
instanceKlass com/google/inject/internal/InjectorShell
instanceKlass com/google/inject/internal/ProvisionListenerCallbackStore
instanceKlass com/google/inject/spi/TypeEncounter
instanceKlass com/google/inject/internal/SingleMemberInjector
instanceKlass com/google/inject/internal/MembersInjectorStore
instanceKlass com/google/inject/internal/TypeConverterBindingProcessor$4
instanceKlass com/google/inject/internal/TypeConverterBindingProcessor$2
instanceKlass com/google/inject/internal/TypeConverterBindingProcessor$1
instanceKlass com/google/inject/internal/TypeConverterBindingProcessor$5
instanceKlass com/google/inject/internal/FailableCache
instanceKlass com/google/inject/internal/ConstructorInjectorStore
instanceKlass com/google/inject/internal/DeferredLookups
instanceKlass com/google/inject/spi/ProviderBinding
instanceKlass com/google/inject/spi/ConvertedConstantBinding
instanceKlass com/google/inject/internal/InjectorImpl
instanceKlass com/google/inject/internal/Lookups
instanceKlass com/google/inject/internal/InjectorImpl$InjectorOptions
instanceKlass  @bci com/google/inject/internal/AbstractProcessor process (Lcom/google/inject/internal/InjectorImpl;Ljava/util/List;)V 13 <appendix> member <vmtarget> ; # com/google/inject/internal/AbstractProcessor$$Lambda+0x000001d2aa49ab78
instanceKlass  @bci com/google/inject/spi/BindingSourceRestriction check (Lcom/google/inject/internal/GuiceInternal;Ljava/util/List;)Lcom/google/common/collect/ImmutableList; 11 <appendix> argL0 ; # com/google/inject/spi/BindingSourceRestriction$$Lambda+0x000001d2aa49a2c0
instanceKlass org/eclipse/sisu/wire/BeanProviders$3
instanceKlass org/sonatype/inject/BeanEntry
instanceKlass org/eclipse/sisu/BeanEntry
instanceKlass org/eclipse/sisu/wire/PlaceholderBeanProvider
instanceKlass com/google/inject/internal/ProvisionListenerStackCallback$ProvisionCallback
instanceKlass com/google/inject/internal/ConstructorInjector
instanceKlass com/google/inject/internal/DefaultConstructionProxyFactory$FastClassProxy
instanceKlass  @bci com/google/inject/internal/aop/AbstractGlueGenerator lambda$bindSignaturesToInvokers$0 (Ljava/lang/invoke/MethodHandle;Ljava/util/function/ToIntFunction;Ljava/lang/String;)Ljava/util/function/BiFunction; 8 <adapter> ; # java/lang/invoke/LambdaForm$MH+0x000001d2aa49c400
instanceKlass  @bci com/google/inject/internal/aop/AbstractGlueGenerator bindSignaturesToInvokers (Ljava/util/function/ToIntFunction;Ljava/lang/invoke/MethodHandle;)Ljava/util/function/Function; 13 <appendix> member <vmtarget> ; # com/google/inject/internal/aop/AbstractGlueGenerator$$Lambda+0x000001d2aa498a58
instanceKlass com/google/inject/internal/aop/ImmutableStringTrie
instanceKlass java/util/function/ToIntFunction
instanceKlass org/apache/maven/plugin/internal/DefaultPluginDependenciesResolver$$FastClassByGuice$$349584
instanceKlass com/google/inject/internal/aop/GeneratedClassDefiner
# instanceKlass java/lang/ClassLoader$$DefineAccessByGuice$$+0x000001d2aa49c000
instanceKlass  @bci com/google/inject/internal/aop/UnsafeClassDefiner$ClassLoaderDefineClassHolder <clinit> ()V 0 <appendix> argL0 ; # com/google/inject/internal/aop/UnsafeClassDefiner$ClassLoaderDefineClassHolder$$Lambda+0x000001d2aa4981f8
instanceKlass com/google/inject/internal/aop/UnsafeClassDefiner$ClassLoaderDefineClassHolder
instanceKlass com/google/inject/internal/asm/$Handler
instanceKlass com/google/inject/internal/asm/$Attribute
instanceKlass com/google/inject/internal/aop/BytecodeTasks
instanceKlass  @bci com/google/inject/internal/aop/AbstractGlueGenerator generateTrampoline (Lcom/google/inject/internal/asm/$ClassWriter;Ljava/util/Collection;)V 30 <appendix> argL0 ; # com/google/inject/internal/aop/AbstractGlueGenerator$$Lambda+0x000001d2aa4949e8
instanceKlass com/google/inject/internal/asm/$Handle
instanceKlass com/google/inject/internal/asm/$Label
instanceKlass com/google/inject/internal/asm/$Frame
instanceKlass com/google/inject/internal/asm/$ByteVector
instanceKlass com/google/inject/internal/asm/$Symbol
instanceKlass com/google/inject/internal/asm/$SymbolTable
instanceKlass com/google/inject/internal/asm/$FieldVisitor
instanceKlass com/google/inject/internal/asm/$MethodVisitor
instanceKlass com/google/inject/internal/asm/$AnnotationVisitor
instanceKlass com/google/inject/internal/asm/$ModuleVisitor
instanceKlass com/google/inject/internal/asm/$RecordComponentVisitor
instanceKlass com/google/inject/internal/asm/$ClassVisitor
instanceKlass com/google/inject/internal/aop/AbstractGlueGenerator
instanceKlass  @bci com/google/inject/internal/aop/ClassBuilding buildFastClass (Ljava/lang/Class;)Ljava/util/function/Function; 20 <appendix> member <vmtarget> ; # com/google/inject/internal/aop/ClassBuilding$$Lambda+0x000001d2aa48ee20
instanceKlass  @bci com/google/inject/internal/aop/ClassBuilding buildFastClass (Ljava/lang/Class;)Ljava/util/function/Function; 10 <appendix> member <vmtarget> ; # com/google/inject/internal/aop/ClassBuilding$$Lambda+0x000001d2aa48ebf8
instanceKlass com/google/inject/internal/asm/$Type
instanceKlass  @bci com/google/inject/internal/aop/UnsafeClassDefiner <clinit> ()V 30 <appendix> argL0 ; # com/google/inject/internal/aop/UnsafeClassDefiner$$Lambda+0x000001d2aa48e7e8
instanceKlass com/google/inject/internal/aop/HiddenClassDefiner
instanceKlass  @bci com/google/inject/internal/aop/UnsafeClassDefiner <clinit> ()V 11 <appendix> argL0 ; # com/google/inject/internal/aop/UnsafeClassDefiner$$Lambda+0x000001d2aa48e3c8
instanceKlass com/google/inject/internal/aop/AnonymousClassDefiner
instanceKlass com/google/inject/internal/aop/UnsafeClassDefiner
instanceKlass com/google/inject/internal/aop/ClassDefining$ClassDefinerHolder
instanceKlass com/google/inject/internal/aop/ClassDefiner
instanceKlass com/google/inject/internal/aop/ClassDefining
instanceKlass  @bci com/google/inject/internal/aop/ClassBuilding getOverridableObjectMethods ()[Ljava/lang/reflect/Method; 15 <appendix> member <vmtarget> ; # com/google/inject/internal/aop/ClassBuilding$$Lambda+0x000001d2aa48d7a0
instanceKlass  @cpi org/eclipse/core/internal/content/ContentTypeManager$DebuggingHolder 59 form vmentry <vmtarget> ; # java/lang/invoke/LambdaForm$DMH+0x000001d2aa494000
instanceKlass  @bci com/google/inject/internal/BytecodeGen <clinit> ()V 25 <appendix> argL0 ; # com/google/inject/internal/BytecodeGen$$Lambda+0x000001d2aa48d550
instanceKlass com/google/inject/internal/BytecodeGen$EnhancerBuilder
instanceKlass com/google/inject/internal/aop/ClassBuilding
instanceKlass com/google/common/collect/MapMakerInternalMap$StrongValueEntry
instanceKlass com/google/common/collect/MapMakerInternalMap$WeakKeyStrongValueEntry$Helper
instanceKlass com/google/common/collect/MapMakerInternalMap$InternalEntry
instanceKlass com/google/common/collect/MapMakerInternalMap$1
instanceKlass com/google/common/collect/MapMakerInternalMap$InternalEntryHelper
instanceKlass com/google/common/collect/MapMakerInternalMap$WeakValueReference
instanceKlass com/google/common/collect/MapMaker
instanceKlass com/google/inject/internal/BytecodeGen
instanceKlass com/google/inject/internal/ConstructionProxy
instanceKlass com/google/inject/internal/DefaultConstructionProxyFactory
instanceKlass com/google/inject/internal/ConstructionProxyFactory
instanceKlass com/google/inject/internal/ConstructorBindingImpl$Factory
instanceKlass org/eclipse/sisu/inject/TypeArguments$Implicit
instanceKlass org/eclipse/sisu/wire/BeanProviders$4
instanceKlass org/eclipse/sisu/wire/BeanProviders$6
instanceKlass org/eclipse/sisu/wire/BeanProviders$7
instanceKlass org/eclipse/sisu/wire/BeanProviders$1
instanceKlass com/google/inject/spi/ProviderLookup$1
instanceKlass com/google/inject/spi/ProviderWithDependencies
instanceKlass com/google/inject/spi/ProviderLookup
instanceKlass org/eclipse/sisu/wire/BeanProviders
instanceKlass org/eclipse/sisu/inject/HiddenSource
instanceKlass org/eclipse/sisu/wire/LocatorWiring
instanceKlass com/google/inject/ProvidedBy
instanceKlass com/google/inject/ImplementedBy
instanceKlass org/sonatype/plexus/components/cipher/PBECipher
instanceKlass org/apache/maven/settings/crypto/SettingsDecryptionResult
instanceKlass org/apache/maven/settings/building/DefaultSettingsProblemCollector
instanceKlass org/apache/maven/settings/merge/MavenSettingsMerger
instanceKlass org/apache/maven/settings/building/SettingsBuildingResult
instanceKlass org/apache/maven/settings/building/SettingsProblemCollector
instanceKlass org/eclipse/aether/impl/MetadataGenerator
instanceKlass org/apache/maven/model/Relocation
instanceKlass org/apache/maven/repository/internal/ArtifactDescriptorReaderDelegate
instanceKlass org/eclipse/aether/named/support/AdaptedSemaphoreNamedLock$AdaptedSemaphore
instanceKlass org/eclipse/aether/named/support/NamedLockFactorySupport$NamedLockHolder
instanceKlass org/eclipse/aether/named/support/NamedLockSupport
instanceKlass org/eclipse/aether/named/NamedLock
instanceKlass org/eclipse/aether/internal/impl/synccontext/named/NamedLockFactoryAdapter
instanceKlass org/eclipse/aether/spi/log/Logger
instanceKlass org/eclipse/aether/internal/impl/filter/PrefixesRemoteRepositoryFilterSource$Node
instanceKlass org/eclipse/aether/spi/connector/filter/RemoteRepositoryFilter$Result
instanceKlass org/eclipse/aether/spi/connector/filter/RemoteRepositoryFilter
instanceKlass org/eclipse/aether/collection/DependencyTraverser
instanceKlass org/eclipse/aether/collection/DependencyManager
instanceKlass org/eclipse/aether/internal/impl/collect/df/DfDependencyCollector$Args
instanceKlass org/eclipse/aether/internal/impl/collect/bf/BfDependencyCollector$DescriptorResolutionResult
instanceKlass org/eclipse/aether/internal/impl/collect/bf/BfDependencyCollector$Args
instanceKlass org/eclipse/aether/internal/impl/collect/bf/DependencyProcessingContext
instanceKlass org/eclipse/aether/internal/impl/collect/bf/DependencyResolutionSkipper
instanceKlass org/eclipse/aether/graph/DefaultDependencyNode
instanceKlass org/eclipse/aether/version/Version
instanceKlass org/eclipse/aether/internal/impl/collect/PremanagedDependency
instanceKlass org/eclipse/aether/internal/impl/collect/DependencyCollectorDelegate$Results
instanceKlass org/eclipse/aether/internal/impl/collect/DefaultDependencyCollectionContext
instanceKlass org/eclipse/aether/collection/DependencyCollectionContext
instanceKlass org/eclipse/aether/internal/impl/collect/DataPool
instanceKlass org/eclipse/aether/internal/impl/collect/DefaultVersionFilterContext
instanceKlass org/eclipse/aether/collection/VersionFilter
instanceKlass org/eclipse/aether/collection/VersionFilter$VersionFilterContext
instanceKlass org/eclipse/aether/collection/DependencyGraphTransformationContext
instanceKlass org/eclipse/aether/spi/connector/Transfer
instanceKlass org/eclipse/aether/internal/impl/checksum/SummaryFileTrustedChecksumsSource$SummaryFileWriter
instanceKlass org/eclipse/aether/internal/impl/checksum/SparseDirectoryTrustedChecksumsSource$SparseDirectoryWriter
instanceKlass org/eclipse/aether/spi/checksums/TrustedChecksumsSource$Writer
instanceKlass org/eclipse/aether/spi/connector/checksum/ChecksumAlgorithm
instanceKlass org/eclipse/aether/impl/UpdateCheck
instanceKlass org/eclipse/aether/spi/connector/transport/Transporter
instanceKlass org/eclipse/aether/resolution/VersionRequest
instanceKlass org/eclipse/aether/resolution/VersionRangeResult
instanceKlass org/eclipse/aether/resolution/VersionRangeRequest
instanceKlass org/eclipse/aether/resolution/ArtifactDescriptorRequest
instanceKlass org/eclipse/aether/resolution/DependencyResult
instanceKlass org/eclipse/aether/resolution/DependencyRequest
instanceKlass org/eclipse/aether/collection/CollectResult
instanceKlass org/eclipse/aether/collection/CollectRequest
instanceKlass org/eclipse/aether/spi/connector/layout/RepositoryLayout
instanceKlass org/eclipse/aether/repository/LocalRepository
instanceKlass org/eclipse/aether/internal/impl/LocalPathPrefixComposer
instanceKlass org/eclipse/aether/transform/FileTransformer
instanceKlass org/eclipse/aether/installation/InstallResult
instanceKlass org/eclipse/aether/installation/InstallRequest
instanceKlass org/eclipse/aether/spi/io/FileProcessor$ProgressListener
instanceKlass org/eclipse/aether/internal/impl/DefaultDeployer$EventCatapult
instanceKlass org/eclipse/aether/deployment/DeployResult
instanceKlass org/eclipse/aether/deployment/DeployRequest
instanceKlass org/eclipse/aether/repository/RepositoryPolicy
instanceKlass org/eclipse/aether/transfer/TransferResource
instanceKlass org/eclipse/aether/spi/connector/checksum/ChecksumPolicy
instanceKlass org/eclipse/aether/resolution/VersionResult
instanceKlass org/eclipse/aether/repository/LocalArtifactResult
instanceKlass org/eclipse/aether/internal/impl/DefaultArtifactResolver$ResolutionGroup
instanceKlass org/eclipse/aether/resolution/ArtifactResult
instanceKlass org/eclipse/aether/resolution/ArtifactRequest
instanceKlass org/eclipse/aether/SyncContext
instanceKlass org/eclipse/aether/spi/locator/ServiceLocator
instanceKlass org/eclipse/aether/repository/RemoteRepository
instanceKlass org/eclipse/aether/spi/connector/RepositoryConnector
instanceKlass org/apache/maven/model/Activation
instanceKlass org/apache/maven/model/ActivationOS
instanceKlass org/apache/maven/model/profile/activation/JdkVersionProfileActivator$RangeValue
instanceKlass org/apache/maven/model/InputLocation
instanceKlass org/apache/maven/model/InputSource
instanceKlass org/apache/maven/model/interpolation/StringVisitorModelInterpolator$InnerInterpolator
instanceKlass org/apache/maven/model/ActivationFile
instanceKlass org/apache/maven/model/profile/DefaultProfileActivationContext
instanceKlass org/apache/maven/model/building/ModelData
instanceKlass org/apache/maven/model/building/ModelBuildingEventCatapult
instanceKlass org/apache/maven/model/building/DefaultModelProblemCollector
instanceKlass org/apache/maven/model/building/ModelCacheTag
instanceKlass org/apache/maven/model/building/ModelBuildingEvent
instanceKlass org/apache/maven/model/building/ModelProblemCollectorExt
instanceKlass org/apache/maven/model/profile/ProfileActivationContext
instanceKlass org/apache/maven/cli/internal/extension/model/CoreExtension
instanceKlass org/apache/maven/cli/CliRequest
instanceKlass org/apache/maven/building/ProblemCollector
instanceKlass org/apache/maven/toolchain/building/ToolchainsBuildingRequest
instanceKlass org/apache/maven/toolchain/merge/MavenToolchainMerger
instanceKlass org/codehaus/plexus/interpolation/InterpolationPostProcessor
instanceKlass org/apache/maven/toolchain/building/ToolchainsBuildingResult
instanceKlass org/eclipse/aether/graph/Dependency
instanceKlass org/eclipse/aether/resolution/ArtifactDescriptorResult
instanceKlass org/apache/maven/plugin/internal/DefaultPluginValidationManager$PluginValidationIssues
instanceKlass com/google/inject/util/Types
instanceKlass org/eclipse/sisu/Nullable
instanceKlass org/eclipse/aether/repository/LocalRepositoryManager
instanceKlass org/eclipse/aether/repository/AuthenticationSelector
instanceKlass org/eclipse/aether/repository/ProxySelector
instanceKlass org/eclipse/aether/repository/MirrorSelector
instanceKlass org/eclipse/aether/resolution/ResolutionErrorPolicy
instanceKlass org/apache/maven/classrealm/ClassRealmConstituent
instanceKlass org/eclipse/aether/repository/WorkspaceRepository
instanceKlass org/apache/maven/ArtifactFilterManagerDelegate
instanceKlass org/eclipse/m2e/internal/maven/listener/M2EMavenBuildDataBridge$MavenBuildConnection
instanceKlass org/eclipse/m2e/internal/maven/listener/M2EMavenBuildDataBridge$MavenProjectBuildData
instanceKlass org/apache/maven/lifecycle/internal/builder/singlethreaded/SingleThreadedBuilder
instanceKlass org/apache/maven/repository/metadata/ClasspathContainer
instanceKlass org/apache/maven/repository/metadata/DefaultClasspathTransformation
instanceKlass org/apache/maven/project/path/DefaultPathTranslator
instanceKlass org/apache/maven/repository/legacy/repository/DefaultArtifactRepositoryFactory
instanceKlass org/apache/maven/DefaultProjectDependenciesResolver
instanceKlass org/apache/maven/project/ReactorModelPool
instanceKlass org/apache/maven/model/building/ModelBuildingResult
instanceKlass org/apache/maven/project/DefaultProjectBuilder$InternalConfig
instanceKlass org/apache/maven/model/resolution/ModelResolver
instanceKlass org/apache/maven/model/building/ModelBuildingListener
instanceKlass org/apache/maven/model/building/ModelCache
instanceKlass org/apache/maven/project/DefaultProjectBuilder
instanceKlass org/apache/maven/repository/legacy/resolver/transform/DefaultArtifactTransformationManager
instanceKlass org/apache/maven/plugin/descriptor/Parameter
instanceKlass org/apache/maven/lifecycle/internal/DefaultMojoExecutionConfigurator
instanceKlass org/apache/maven/lifecycle/internal/ProjectSegment
instanceKlass org/apache/maven/lifecycle/internal/builder/multithreaded/ThreadOutputMuxer
instanceKlass org/apache/maven/lifecycle/internal/builder/multithreaded/ConcurrencyDependencyGraph
instanceKlass org/apache/maven/lifecycle/internal/ReactorBuildStatus
instanceKlass java/util/concurrent/CompletionService
instanceKlass org/apache/maven/lifecycle/internal/builder/multithreaded/MultiThreadedBuilder
instanceKlass org/apache/maven/repository/metadata/MetadataGraph
instanceKlass org/apache/maven/repository/metadata/MetadataGraphVertex
instanceKlass org/apache/maven/repository/metadata/DefaultGraphConflictResolver
instanceKlass org/apache/maven/repository/legacy/resolver/conflict/DefaultConflictResolverFactory
instanceKlass org/apache/maven/artifact/repository/layout/FlatRepositoryLayout
instanceKlass org/apache/maven/toolchain/DefaultToolchainsBuilder
instanceKlass org/apache/maven/execution/ProjectExecutionListener
instanceKlass org/apache/maven/settings/RepositoryPolicy
instanceKlass org/apache/maven/settings/RepositoryBase
instanceKlass org/apache/maven/configuration/BeanConfigurationRequest
instanceKlass org/apache/maven/configuration/internal/DefaultBeanConfigurator
instanceKlass org/apache/maven/repository/DefaultMirrorSelector
instanceKlass org/apache/maven/plugin/prefix/PluginPrefixResult
instanceKlass org/apache/maven/plugin/prefix/internal/DefaultPluginPrefixResolver
instanceKlass org/apache/maven/artifact/repository/layout/DefaultRepositoryLayout
instanceKlass org/sonatype/plexus/components/sec/dispatcher/PasswordDecryptor
instanceKlass sun/reflect/generics/tree/VoidDescriptor
instanceKlass org/sonatype/plexus/components/sec/dispatcher/model/SettingsSecurity
instanceKlass org/apache/maven/project/DefaultProjectBuildingHelper
instanceKlass org/apache/maven/plugin/PluginDescriptorCache$PluginDescriptorSupplier
instanceKlass org/apache/maven/plugin/PluginDescriptorCache$Key
instanceKlass org/apache/maven/plugin/DefaultPluginDescriptorCache
instanceKlass org/apache/maven/lifecycle/internal/DefaultLifecycleTaskSegmentCalculator
instanceKlass org/apache/maven/model/merge/ModelMerger
instanceKlass org/apache/maven/model/plugin/DefaultLifecycleBindingsInjector
instanceKlass org/apache/maven/artifact/repository/DefaultArtifactRepositoryFactory
instanceKlass org/apache/maven/artifact/repository/metadata/Versioning
# instanceKlass java/lang/invoke/LambdaForm$MH+0x000001d2aa464000
instanceKlass org/apache/maven/project/artifact/MavenMetadataSource$ProjectRelocation
instanceKlass org/apache/maven/project/artifact/MavenMetadataSource
instanceKlass org/apache/maven/execution/DefaultRuntimeInformation
instanceKlass org/apache/maven/execution/ProjectDependencyGraph
instanceKlass org/apache/maven/graph/DefaultGraphBuilder
instanceKlass org/apache/maven/plugin/prefix/PluginPrefixRequest
instanceKlass org/apache/maven/plugin/internal/DefaultPluginManager
instanceKlass org/apache/maven/repository/legacy/resolver/conflict/OldestConflictResolver
instanceKlass org/apache/maven/project/validation/ModelValidationResult
instanceKlass org/apache/maven/model/building/ModelProblemCollector
instanceKlass org/apache/maven/project/validation/DefaultModelValidator
instanceKlass org/apache/maven/lifecycle/mapping/LifecyclePhase
instanceKlass org/apache/maven/lifecycle/internal/DefaultLifecyclePluginAnalyzer$GoalSpec
instanceKlass org/apache/maven/lifecycle/internal/DefaultLifecyclePluginAnalyzer
instanceKlass org/apache/maven/model/Reporting
instanceKlass org/apache/maven/model/PluginContainer
instanceKlass org/apache/maven/project/inheritance/DefaultModelInheritanceAssembler
instanceKlass org/eclipse/aether/util/graph/visitor/AbstractDepthFirstNodeListGenerator
instanceKlass org/apache/maven/plugin/descriptor/PluginDescriptorBuilder
instanceKlass org/apache/maven/plugin/logging/Log
instanceKlass org/apache/maven/plugin/internal/DefaultMavenPluginManager
instanceKlass org/eclipse/aether/DefaultRepositorySystemSession
instanceKlass org/apache/maven/model/building/Result
instanceKlass org/apache/maven/DefaultMaven
instanceKlass org/apache/maven/toolchain/model/TrackableBase
instanceKlass org/apache/maven/toolchain/DefaultToolchain
instanceKlass org/apache/maven/toolchain/java/JavaToolchain
instanceKlass org/apache/maven/toolchain/java/JavaToolchainFactory
instanceKlass org/apache/maven/lifecycle/DefaultLifecycleExecutor
instanceKlass org/apache/maven/profiles/ProfilesRoot
instanceKlass org/apache/maven/repository/metadata/MetadataGraphEdge
instanceKlass org/apache/maven/repository/metadata/DefaultGraphConflictResolutionPolicy
instanceKlass org/apache/maven/lifecycle/internal/ProjectBuildList
instanceKlass org/apache/maven/artifact/resolver/DefaultArtifactResolver
instanceKlass org/apache/maven/profiles/ProfileManager
instanceKlass org/apache/maven/model/building/ModelSource
instanceKlass org/apache/maven/project/DefaultMavenProjectBuilder
instanceKlass org/apache/maven/lifecycle/internal/DefaultLifecycleMappingDelegate
instanceKlass org/apache/maven/repository/legacy/resolver/conflict/FarthestConflictResolver
instanceKlass org/apache/maven/project/ProjectBuilderConfiguration
instanceKlass org/codehaus/plexus/interpolation/Interpolator
instanceKlass org/codehaus/plexus/interpolation/BasicInterpolator
instanceKlass org/codehaus/plexus/interpolation/ValueSource
instanceKlass org/codehaus/plexus/interpolation/RecursionInterceptor
instanceKlass org/apache/maven/artifact/repository/metadata/RepositoryMetadata
instanceKlass org/apache/maven/wagon/observers/ChecksumObserver
instanceKlass org/apache/maven/repository/legacy/DefaultWagonManager
instanceKlass org/apache/http/impl/conn/PoolingHttpClientConnectionManager
instanceKlass org/apache/http/pool/ConnPoolControl
instanceKlass org/apache/http/config/Registry
instanceKlass org/apache/http/client/methods/CloseableHttpResponse
instanceKlass org/apache/http/HttpResponse
instanceKlass org/apache/maven/wagon/shared/http/BasicAuthScope
instanceKlass org/apache/maven/wagon/shared/http/HttpConfiguration
instanceKlass org/apache/http/impl/client/CloseableHttpClient
instanceKlass org/apache/http/client/HttpClient
instanceKlass org/apache/http/client/HttpRequestRetryHandler
instanceKlass org/apache/http/client/RedirectStrategy
instanceKlass org/apache/http/config/Lookup
instanceKlass org/apache/http/conn/ssl/TrustStrategy
instanceKlass org/apache/http/ssl/TrustStrategy
instanceKlass org/apache/http/Header
instanceKlass org/apache/http/NameValuePair
instanceKlass org/apache/http/client/ServiceUnavailableRetryStrategy
instanceKlass org/apache/http/auth/Credentials
instanceKlass org/apache/http/client/AuthCache
instanceKlass org/apache/http/client/CredentialsProvider
instanceKlass org/apache/http/protocol/HttpContext
instanceKlass org/apache/http/client/methods/HttpUriRequest
instanceKlass org/apache/http/HttpRequest
instanceKlass org/apache/http/HttpMessage
instanceKlass org/apache/http/auth/AuthScheme
instanceKlass org/apache/http/HttpEntity
instanceKlass org/apache/http/conn/HttpClientConnectionManager
instanceKlass org/apache/maven/wagon/InputData
instanceKlass org/apache/maven/wagon/OutputData
instanceKlass org/apache/maven/wagon/events/SessionListener
instanceKlass org/apache/maven/wagon/events/TransferListener
instanceKlass org/apache/maven/wagon/resource/Resource
instanceKlass org/apache/maven/wagon/repository/RepositoryPermissions
instanceKlass org/apache/maven/wagon/events/TransferEventSupport
instanceKlass org/apache/maven/wagon/events/SessionEventSupport
instanceKlass org/apache/maven/wagon/repository/Repository
instanceKlass org/apache/maven/wagon/proxy/ProxyInfoProvider
instanceKlass org/apache/maven/wagon/AbstractWagon
instanceKlass org/apache/maven/wagon/StreamingWagon
instanceKlass org/apache/maven/rtinfo/internal/DefaultRuntimeInformation
instanceKlass org/apache/maven/exception/ExceptionSummary
instanceKlass org/apache/maven/model/building/ModelProblem
instanceKlass org/apache/maven/exception/DefaultExceptionHandler
instanceKlass org/apache/maven/lifecycle/internal/TaskSegment
instanceKlass org/apache/maven/lifecycle/internal/ReactorContext
instanceKlass org/apache/maven/execution/BuildSummary
instanceKlass org/apache/maven/repository/legacy/metadata/MetadataResolutionRequest
instanceKlass org/apache/maven/repository/legacy/resolver/DefaultLegacyArtifactCollector
instanceKlass org/apache/maven/plugin/internal/DefaultLegacySupport
instanceKlass org/apache/maven/model/Dependency
instanceKlass org/apache/maven/model/RepositoryPolicy
instanceKlass org/apache/maven/model/RepositoryBase
instanceKlass org/apache/maven/repository/Proxy
instanceKlass org/apache/maven/artifact/repository/Authentication
instanceKlass org/apache/maven/repository/ArtifactTransferListener
instanceKlass org/apache/maven/repository/legacy/LegacyRepositorySystem
instanceKlass org/apache/maven/lifecycle/internal/PhaseRecorder
instanceKlass org/apache/maven/lifecycle/internal/DependencyContext
instanceKlass org/apache/maven/lifecycle/internal/ProjectIndex
instanceKlass org/apache/maven/artifact/resolver/filter/ArtifactFilter
instanceKlass org/apache/maven/plugin/MojoExecutionRunner
instanceKlass org/eclipse/aether/RequestTrace
instanceKlass org/apache/maven/plugin/version/internal/DefaultPluginVersionResolver$Versions
instanceKlass org/apache/maven/plugin/version/internal/DefaultPluginVersionResult
instanceKlass org/apache/maven/plugin/version/internal/DefaultPluginVersionResolver$Key
instanceKlass org/eclipse/aether/repository/ArtifactRepository
instanceKlass org/apache/maven/plugin/version/PluginVersionResult
instanceKlass org/eclipse/aether/version/VersionScheme
instanceKlass org/apache/maven/plugin/version/internal/DefaultPluginVersionResolver
instanceKlass org/apache/maven/artifact/metadata/ArtifactMetadata
instanceKlass org/apache/maven/repository/legacy/metadata/ArtifactMetadata
instanceKlass org/eclipse/aether/metadata/Metadata
instanceKlass org/apache/maven/artifact/handler/manager/DefaultArtifactHandlerManager
instanceKlass org/apache/maven/repository/legacy/resolver/conflict/NewestConflictResolver
instanceKlass org/apache/maven/artifact/resolver/ArtifactResolutionResult
instanceKlass org/apache/maven/artifact/resolver/ArtifactResolutionRequest
instanceKlass org/apache/maven/artifact/repository/RepositoryRequest
instanceKlass org/apache/maven/artifact/resolver/DefaultResolutionErrorHandler
instanceKlass org/apache/maven/artifact/versioning/VersionRange
instanceKlass org/apache/maven/artifact/factory/DefaultArtifactFactory
instanceKlass org/apache/maven/execution/ExecutionEvent
instanceKlass org/apache/maven/lifecycle/internal/DefaultExecutionEventCatapult
instanceKlass org/apache/maven/artifact/repository/metadata/Metadata
instanceKlass org/apache/maven/artifact/repository/metadata/io/DefaultMetadataReader
instanceKlass org/apache/maven/project/artifact/ProjectArtifactsCache$CacheRecord
instanceKlass org/apache/maven/project/artifact/ProjectArtifactsCache$Key
instanceKlass org/apache/maven/project/artifact/DefaultProjectArtifactsCache
instanceKlass org/codehaus/plexus/component/configurator/ConfigurationListener
instanceKlass org/codehaus/classworlds/ClassRealm
instanceKlass org/codehaus/plexus/component/configurator/AbstractComponentConfigurator
instanceKlass org/apache/maven/toolchain/ToolchainPrivate
instanceKlass org/apache/maven/toolchain/Toolchain
instanceKlass org/apache/maven/toolchain/DefaultToolchainManager
instanceKlass org/apache/maven/artifact/resolver/ResolutionNode
instanceKlass org/apache/maven/repository/legacy/resolver/conflict/NearestConflictResolver
instanceKlass org/apache/maven/project/DefaultDependencyResolutionResult
instanceKlass org/apache/maven/project/DependencyResolutionRequest
instanceKlass org/apache/maven/project/DependencyResolutionResult
instanceKlass org/apache/maven/project/DefaultProjectDependenciesResolver
instanceKlass org/apache/maven/artifact/handler/DefaultArtifactHandler
instanceKlass org/apache/maven/lifecycle/mapping/DefaultLifecycleMapping
instanceKlass org/eclipse/sisu/space/asm/Handler
instanceKlass org/eclipse/sisu/space/asm/Frame
instanceKlass org/eclipse/sisu/space/asm/ByteVector
instanceKlass org/eclipse/sisu/space/asm/Symbol
instanceKlass org/eclipse/sisu/space/asm/SymbolTable
instanceKlass org/eclipse/sisu/space/asm/RecordComponentVisitor
instanceKlass org/eclipse/sisu/space/asm/ModuleVisitor
instanceKlass org/eclipse/sisu/space/asm/MethodVisitor
instanceKlass org/eclipse/sisu/space/asm/FieldVisitor
instanceKlass org/apache/maven/eventspy/EventSpy$Context
instanceKlass org/apache/maven/execution/ExecutionListener
instanceKlass org/apache/maven/lifecycle/internal/DefaultLifecycleExecutionPlanCalculator
instanceKlass org/codehaus/plexus/component/repository/ComponentSetDescriptor
instanceKlass org/apache/maven/plugin/DefaultBuildPluginManager
instanceKlass org/eclipse/aether/RepositoryEvent
instanceKlass org/apache/maven/classrealm/ClassRealmRequest
instanceKlass org/codehaus/plexus/util/Scanner
instanceKlass org/codehaus/plexus/logging/AbstractLogEnabled
instanceKlass org/eclipse/aether/collection/DependencySelector
instanceKlass org/eclipse/aether/resolution/ArtifactDescriptorPolicy
instanceKlass org/apache/maven/plugin/PluginArtifactsCache$CacheRecord
instanceKlass org/apache/maven/plugin/PluginArtifactsCache$Key
instanceKlass org/apache/maven/plugin/PluginRealmCache$CacheRecord
instanceKlass org/apache/maven/plugin/PluginRealmCache$PluginRealmSupplier
instanceKlass org/apache/maven/plugin/PluginRealmCache$Key
instanceKlass org/apache/maven/project/ProjectRealmCache$CacheRecord
instanceKlass org/apache/maven/project/ProjectRealmCache$Key
instanceKlass org/eclipse/m2e/core/internal/project/ProjectCachePlunger
instanceKlass org/apache/maven/plugin/ExtensionRealmCache$CacheRecord
instanceKlass org/apache/maven/plugin/ExtensionRealmCache$Key
instanceKlass org/apache/maven/artifact/repository/ArtifactRepositoryPolicy
instanceKlass org/apache/maven/project/artifact/DefaultMavenMetadataCache$CacheKey
instanceKlass org/apache/maven/repository/legacy/metadata/ResolutionGroup
instanceKlass com/google/inject/spi/ProviderWithExtensionVisitor
instanceKlass  @bci com/google/inject/spi/InjectionPoint forConstructorOf (Lcom/google/inject/TypeLiteral;Z)Lcom/google/inject/spi/InjectionPoint; 83 <appendix> member <vmtarget> ; # com/google/inject/spi/InjectionPoint$$Lambda+0x000001d2aa433a68
instanceKlass  @bci com/google/inject/spi/InjectionPoint forConstructorOf (Lcom/google/inject/TypeLiteral;Z)Lcom/google/inject/spi/InjectionPoint; 67 <appendix> argL0 ; # com/google/inject/spi/InjectionPoint$$Lambda+0x000001d2aa433828
instanceKlass  @bci com/google/inject/spi/InjectionPoint forConstructorOf (Lcom/google/inject/TypeLiteral;Z)Lcom/google/inject/spi/InjectionPoint; 57 <appendix> argL0 ; # com/google/inject/spi/InjectionPoint$$Lambda+0x000001d2aa4335e8
instanceKlass  @bci com/google/inject/spi/InjectionPoint forConstructorOf (Lcom/google/inject/TypeLiteral;Z)Lcom/google/inject/spi/InjectionPoint; 24 <appendix> argL0 ; # com/google/inject/spi/InjectionPoint$$Lambda+0x000001d2aa4333a8
instanceKlass org/eclipse/sisu/plexus/PlexusBean
instanceKlass org/codehaus/plexus/component/repository/ComponentDescriptor
instanceKlass com/google/inject/spi/ProvidesMethodBinding
instanceKlass org/eclipse/sisu/inject/Guice4
instanceKlass com/google/inject/internal/GuiceInternal
instanceKlass org/sonatype/inject/Parameters
instanceKlass org/eclipse/sisu/plexus/PlexusXmlBeanConverter
instanceKlass org/eclipse/sisu/plexus/PlexusBeanConverter
instanceKlass com/google/inject/spi/TypeConverterBinding
instanceKlass java/lang/reflect/AnnotatedParameterizedType
instanceKlass org/eclipse/sisu/inject/DefaultRankingFunction
instanceKlass com/google/inject/spi/ProvisionListenerBinding
instanceKlass com/google/inject/spi/TypeListenerBinding
instanceKlass org/eclipse/sisu/bean/BeanListener
instanceKlass com/google/inject/matcher/Matchers
instanceKlass org/eclipse/sisu/bean/PropertyBinder
instanceKlass org/eclipse/sisu/plexus/PlexusBeanBinder
instanceKlass com/google/inject/spi/InjectionListener
instanceKlass org/sonatype/plexus/components/sec/dispatcher/DefaultSecDispatcher
instanceKlass org/sonatype/plexus/components/cipher/DefaultPlexusCipher
instanceKlass org/sonatype/plexus/components/cipher/PlexusCipher
# instanceKlass java/lang/invoke/LambdaForm$MH+0x000001d2aa434000
instanceKlass org/apache/maven/settings/validation/DefaultSettingsValidator
instanceKlass org/apache/maven/settings/validation/SettingsValidator
instanceKlass org/apache/maven/settings/io/DefaultSettingsWriter
instanceKlass org/apache/maven/settings/io/SettingsWriter
instanceKlass org/apache/maven/settings/io/DefaultSettingsReader
instanceKlass org/apache/maven/settings/io/SettingsReader
instanceKlass org/apache/maven/settings/crypto/DefaultSettingsDecrypter
instanceKlass org/apache/maven/settings/crypto/SettingsDecrypter
instanceKlass org/apache/maven/settings/building/DefaultSettingsBuilder
instanceKlass org/eclipse/aether/transport/wagon/WagonTransporterFactory
instanceKlass org/eclipse/aether/internal/transport/wagon/PlexusWagonProvider
instanceKlass org/eclipse/aether/transport/wagon/WagonProvider
instanceKlass org/eclipse/aether/internal/transport/wagon/PlexusWagonConfigurator
instanceKlass org/eclipse/aether/transport/wagon/WagonConfigurator
instanceKlass org/eclipse/aether/transport/http/ChecksumExtractor
instanceKlass org/eclipse/aether/transport/http/HttpTransporterFactory
instanceKlass org/eclipse/aether/transport/file/FileTransporterFactory
instanceKlass org/eclipse/aether/spi/connector/transport/TransporterFactory
instanceKlass org/apache/maven/repository/internal/VersionsMetadataGeneratorFactory
instanceKlass org/apache/maven/repository/internal/SnapshotMetadataGeneratorFactory
instanceKlass org/apache/maven/repository/internal/PluginsMetadataGeneratorFactory
instanceKlass org/eclipse/aether/impl/MetadataGeneratorFactory
instanceKlass org/apache/maven/repository/internal/DefaultVersionResolver
instanceKlass org/eclipse/aether/impl/VersionResolver
instanceKlass org/apache/maven/repository/internal/DefaultVersionRangeResolver
instanceKlass org/eclipse/aether/impl/VersionRangeResolver
instanceKlass org/apache/maven/repository/internal/DefaultModelCacheFactory
instanceKlass org/apache/maven/repository/internal/ModelCacheFactory
instanceKlass org/apache/maven/repository/internal/DefaultArtifactDescriptorReader
instanceKlass org/eclipse/aether/impl/ArtifactDescriptorReader
instanceKlass org/eclipse/aether/named/support/NamedLockFactorySupport
instanceKlass org/eclipse/aether/named/NamedLockFactory
instanceKlass org/eclipse/aether/internal/impl/synccontext/named/providers/StaticNameMapperProvider
instanceKlass org/eclipse/aether/internal/impl/synccontext/named/providers/GAVNameMapperProvider
instanceKlass org/eclipse/aether/internal/impl/synccontext/named/providers/FileStaticNameMapperProvider
instanceKlass org/eclipse/aether/internal/impl/synccontext/named/providers/FileHashingGAVNameMapperProvider
instanceKlass org/eclipse/aether/internal/impl/synccontext/named/providers/FileGAVNameMapperProvider
instanceKlass org/eclipse/aether/internal/impl/synccontext/named/NameMapper
instanceKlass org/eclipse/aether/internal/impl/synccontext/named/providers/DiscriminatingNameMapperProvider
instanceKlass org/eclipse/aether/internal/impl/synccontext/named/NamedLockFactoryAdapterFactoryImpl
instanceKlass org/eclipse/aether/internal/impl/synccontext/named/NamedLockFactoryAdapterFactory
instanceKlass org/eclipse/aether/internal/impl/synccontext/legacy/DefaultSyncContextFactory
instanceKlass org/eclipse/aether/impl/SyncContextFactory
instanceKlass org/eclipse/aether/internal/impl/synccontext/DefaultSyncContextFactory
instanceKlass org/eclipse/aether/spi/synccontext/SyncContextFactory
instanceKlass org/eclipse/aether/internal/impl/slf4j/Slf4jLoggerFactory
instanceKlass org/eclipse/aether/internal/impl/resolution/ArtifactResolverPostProcessorSupport
instanceKlass org/eclipse/aether/internal/impl/filter/RemoteRepositoryFilterSourceSupport
instanceKlass org/eclipse/aether/spi/connector/filter/RemoteRepositoryFilterSource
instanceKlass org/eclipse/aether/spi/resolution/ArtifactResolverPostProcessor
instanceKlass org/eclipse/aether/internal/impl/filter/DefaultRemoteRepositoryFilterManager
instanceKlass org/eclipse/aether/impl/RemoteRepositoryFilterManager
instanceKlass org/eclipse/aether/internal/impl/collect/DependencyCollectorDelegate
instanceKlass org/eclipse/aether/internal/impl/collect/DefaultDependencyCollector
instanceKlass org/eclipse/aether/impl/DependencyCollector
instanceKlass org/eclipse/aether/internal/impl/checksum/TrustedToProvidedChecksumsSourceAdapter
instanceKlass org/eclipse/aether/spi/checksums/ProvidedChecksumsSource
instanceKlass org/eclipse/aether/internal/impl/checksum/FileTrustedChecksumsSourceSupport
instanceKlass org/eclipse/aether/spi/checksums/TrustedChecksumsSource
instanceKlass org/eclipse/aether/spi/connector/checksum/ChecksumAlgorithmFactorySupport
instanceKlass org/eclipse/aether/spi/connector/checksum/ChecksumAlgorithmFactory
instanceKlass org/eclipse/aether/internal/impl/checksum/DefaultChecksumAlgorithmFactorySelector
instanceKlass org/eclipse/aether/spi/connector/checksum/ChecksumAlgorithmFactorySelector
instanceKlass org/eclipse/aether/internal/impl/SimpleLocalRepositoryManagerFactory
instanceKlass org/eclipse/aether/internal/impl/Maven2RepositoryLayoutFactory
instanceKlass org/eclipse/aether/spi/connector/layout/RepositoryLayoutFactory
instanceKlass org/eclipse/aether/spi/log/LoggerFactory
instanceKlass org/eclipse/aether/internal/impl/LoggerFactoryProvider
instanceKlass org/eclipse/aether/internal/impl/EnhancedLocalRepositoryManagerFactory
instanceKlass org/eclipse/aether/spi/localrepo/LocalRepositoryManagerFactory
instanceKlass org/eclipse/aether/internal/impl/DefaultUpdatePolicyAnalyzer
instanceKlass org/eclipse/aether/impl/UpdatePolicyAnalyzer
instanceKlass org/eclipse/aether/internal/impl/DefaultUpdateCheckManager
instanceKlass org/eclipse/aether/impl/UpdateCheckManager
instanceKlass org/eclipse/aether/internal/impl/DefaultTransporterProvider
instanceKlass org/eclipse/aether/spi/connector/transport/TransporterProvider
instanceKlass org/eclipse/aether/internal/impl/DefaultTrackingFileManager
instanceKlass org/eclipse/aether/internal/impl/TrackingFileManager
instanceKlass org/eclipse/aether/internal/impl/DefaultRepositorySystemLifecycle
instanceKlass org/eclipse/aether/impl/RepositorySystemLifecycle
instanceKlass org/eclipse/aether/internal/impl/DefaultRepositorySystem
instanceKlass org/eclipse/aether/RepositorySystem
instanceKlass org/eclipse/aether/internal/impl/DefaultRepositoryLayoutProvider
instanceKlass org/eclipse/aether/spi/connector/layout/RepositoryLayoutProvider
instanceKlass org/eclipse/aether/internal/impl/DefaultRepositoryEventDispatcher
instanceKlass org/eclipse/aether/impl/RepositoryEventDispatcher
instanceKlass org/eclipse/aether/internal/impl/DefaultRepositoryConnectorProvider
instanceKlass org/eclipse/aether/impl/RepositoryConnectorProvider
instanceKlass org/eclipse/aether/internal/impl/DefaultRemoteRepositoryManager
instanceKlass org/eclipse/aether/impl/RemoteRepositoryManager
instanceKlass org/eclipse/aether/internal/impl/DefaultOfflineController
instanceKlass org/eclipse/aether/impl/OfflineController
instanceKlass org/eclipse/aether/internal/impl/DefaultMetadataResolver
instanceKlass org/eclipse/aether/impl/MetadataResolver
instanceKlass org/eclipse/aether/internal/impl/DefaultLocalRepositoryProvider
instanceKlass org/eclipse/aether/impl/LocalRepositoryProvider
instanceKlass org/eclipse/aether/internal/impl/LocalPathPrefixComposerFactorySupport
instanceKlass org/eclipse/aether/internal/impl/LocalPathPrefixComposerFactory
instanceKlass org/eclipse/aether/internal/impl/DefaultLocalPathComposer
instanceKlass org/eclipse/aether/internal/impl/LocalPathComposer
instanceKlass org/eclipse/aether/internal/impl/DefaultInstaller
instanceKlass org/eclipse/aether/impl/Installer
instanceKlass org/eclipse/aether/internal/impl/DefaultFileProcessor
instanceKlass org/eclipse/aether/spi/io/FileProcessor
instanceKlass org/eclipse/aether/internal/impl/DefaultDeployer
instanceKlass org/eclipse/aether/impl/Deployer
instanceKlass org/eclipse/aether/internal/impl/DefaultChecksumPolicyProvider
instanceKlass org/eclipse/aether/spi/connector/checksum/ChecksumPolicyProvider
instanceKlass org/eclipse/aether/internal/impl/DefaultArtifactResolver
instanceKlass org/eclipse/aether/impl/ArtifactResolver
instanceKlass org/eclipse/aether/connector/basic/BasicRepositoryConnectorFactory
instanceKlass org/eclipse/aether/spi/locator/Service
instanceKlass org/eclipse/aether/spi/connector/RepositoryConnectorFactory
instanceKlass org/apache/maven/model/validation/DefaultModelValidator
instanceKlass org/apache/maven/model/validation/ModelValidator
instanceKlass org/apache/maven/model/superpom/DefaultSuperPomProvider
instanceKlass org/apache/maven/model/superpom/SuperPomProvider
instanceKlass org/apache/maven/model/profile/activation/PropertyProfileActivator
instanceKlass org/apache/maven/model/profile/activation/OperatingSystemProfileActivator
instanceKlass org/apache/maven/model/profile/activation/JdkVersionProfileActivator
instanceKlass org/apache/maven/model/profile/activation/FileProfileActivator
instanceKlass org/apache/maven/model/profile/activation/ProfileActivator
instanceKlass org/apache/maven/model/profile/DefaultProfileSelector
instanceKlass org/apache/maven/model/profile/ProfileSelector
instanceKlass org/apache/maven/model/profile/DefaultProfileInjector
instanceKlass org/apache/maven/model/profile/ProfileInjector
instanceKlass org/apache/maven/model/plugin/DefaultReportingConverter
instanceKlass org/apache/maven/model/plugin/ReportingConverter
instanceKlass org/apache/maven/model/plugin/DefaultReportConfigurationExpander
instanceKlass org/apache/maven/model/plugin/ReportConfigurationExpander
instanceKlass org/apache/maven/model/plugin/DefaultPluginConfigurationExpander
instanceKlass org/apache/maven/model/plugin/PluginConfigurationExpander
instanceKlass org/apache/maven/model/path/ProfileActivationFilePathInterpolator
instanceKlass org/apache/maven/model/path/DefaultUrlNormalizer
instanceKlass org/apache/maven/model/path/UrlNormalizer
instanceKlass org/apache/maven/model/path/DefaultPathTranslator
instanceKlass org/apache/maven/model/path/PathTranslator
instanceKlass org/apache/maven/model/path/DefaultModelUrlNormalizer
instanceKlass org/apache/maven/model/path/ModelUrlNormalizer
instanceKlass org/apache/maven/model/path/DefaultModelPathTranslator
instanceKlass org/apache/maven/model/path/ModelPathTranslator
instanceKlass org/apache/maven/model/normalization/DefaultModelNormalizer
instanceKlass org/apache/maven/model/normalization/ModelNormalizer
instanceKlass org/apache/maven/model/management/DefaultPluginManagementInjector
instanceKlass org/apache/maven/model/management/PluginManagementInjector
instanceKlass org/apache/maven/model/management/DefaultDependencyManagementInjector
instanceKlass org/apache/maven/model/management/DependencyManagementInjector
instanceKlass org/apache/maven/model/locator/DefaultModelLocator
instanceKlass org/apache/maven/model/io/DefaultModelWriter
instanceKlass org/apache/maven/model/io/ModelWriter
instanceKlass org/apache/maven/model/io/DefaultModelReader
instanceKlass org/apache/maven/model/interpolation/AbstractStringBasedModelInterpolator
instanceKlass org/apache/maven/model/interpolation/ModelInterpolator
instanceKlass org/apache/maven/model/interpolation/DefaultModelVersionProcessor
instanceKlass org/apache/maven/model/interpolation/ModelVersionProcessor
instanceKlass org/apache/maven/model/inheritance/DefaultInheritanceAssembler
instanceKlass org/apache/maven/model/inheritance/InheritanceAssembler
instanceKlass org/apache/maven/model/composition/DefaultDependencyManagementImporter
instanceKlass org/apache/maven/model/composition/DependencyManagementImporter
instanceKlass  @bci sun/reflect/annotation/AnnotationParser parseClassArray (ILjava/nio/ByteBuffer;Ljdk/internal/reflect/ConstantPool;Ljava/lang/Class;)Ljava/lang/Object; 10 <appendix> member <vmtarget> ; # sun/reflect/annotation/AnnotationParser$$Lambda+0x000001d2aa2f6d48
instanceKlass org/apache/maven/model/building/DefaultModelProcessor
instanceKlass org/apache/maven/model/building/ModelProcessor
instanceKlass org/apache/maven/model/io/ModelReader
instanceKlass org/apache/maven/model/locator/ModelLocator
instanceKlass org/apache/maven/model/building/DefaultModelBuilder
instanceKlass org/apache/maven/model/building/ModelBuilder
instanceKlass org/apache/maven/cli/internal/BootstrapCoreExtensionManager
instanceKlass org/apache/maven/toolchain/io/DefaultToolchainsWriter
instanceKlass org/apache/maven/toolchain/io/ToolchainsWriter
instanceKlass org/apache/maven/toolchain/io/DefaultToolchainsReader
instanceKlass org/apache/maven/toolchain/io/ToolchainsReader
instanceKlass org/apache/maven/toolchain/building/DefaultToolchainsBuilder
instanceKlass org/apache/maven/toolchain/building/ToolchainsBuilder
instanceKlass org/apache/maven/session/scope/internal/SessionScope$ScopeState
instanceKlass  @bci org/apache/maven/session/scope/internal/SessionScope <clinit> ()V 0 <appendix> argL0 ; # org/apache/maven/session/scope/internal/SessionScope$$Lambda+0x000001d2aa4162b0
instanceKlass org/apache/maven/session/scope/internal/SessionScope
instanceKlass org/apache/maven/plugin/internal/AbstractMavenPluginDependenciesValidator
instanceKlass org/apache/maven/plugin/internal/MavenPluginDependenciesValidator
instanceKlass org/apache/maven/plugin/internal/AbstractMavenPluginParametersValidator
instanceKlass org/apache/maven/plugin/internal/MavenPluginConfigurationValidator
instanceKlass org/apache/maven/eventspy/AbstractEventSpy
instanceKlass org/apache/maven/plugin/PluginValidationManager
instanceKlass org/apache/maven/plugin/DefaultMojosExecutionStrategy
instanceKlass org/apache/maven/plugin/MojosExecutionStrategy
instanceKlass org/apache/maven/lifecycle/internal/LifecycleDependencyResolver
instanceKlass org/apache/maven/lifecycle/internal/DefaultProjectArtifactFactory
instanceKlass org/apache/maven/lifecycle/internal/ProjectArtifactFactory
instanceKlass org/apache/maven/internal/aether/ResolverLifecycle
instanceKlass org/apache/maven/internal/aether/DefaultRepositorySystemSessionFactory
instanceKlass org/apache/maven/extension/internal/CoreExportsProvider
instanceKlass org/apache/maven/execution/scope/internal/MojoExecutionScope$ScopeState
instanceKlass org/apache/maven/execution/MojoExecutionEvent
instanceKlass org/apache/maven/execution/scope/MojoExecutionScoped
instanceKlass com/google/inject/RestrictedBindingSource$Permit
instanceKlass org/apache/maven/execution/scope/internal/MojoExecutionScope$1
instanceKlass org/apache/maven/execution/scope/internal/MojoExecutionScope
instanceKlass org/apache/maven/execution/MojoExecutionListener
instanceKlass org/eclipse/sisu/space/QualifiedTypeBinder$1
instanceKlass org/apache/maven/execution/DefaultMavenExecutionRequestPopulator
instanceKlass org/apache/maven/execution/MavenExecutionRequestPopulator
instanceKlass org/apache/maven/classrealm/DefaultClassRealmManager
instanceKlass org/apache/maven/classrealm/ClassRealmManager
instanceKlass org/apache/maven/SessionScoped
instanceKlass org/apache/maven/ReactorReader
instanceKlass org/apache/maven/repository/internal/MavenWorkspaceReader
instanceKlass org/apache/maven/DefaultArtifactFilterManager
instanceKlass org/apache/maven/ArtifactFilterManager
instanceKlass org/eclipse/sisu/space/WildcardKey$QualifiedImpl
instanceKlass org/eclipse/sisu/space/WildcardKey$Qualified
instanceKlass org/eclipse/sisu/space/WildcardKey
instanceKlass org/eclipse/sisu/Typed
instanceKlass org/sonatype/inject/EagerSingleton
instanceKlass org/eclipse/sisu/EagerSingleton
instanceKlass org/sonatype/inject/Mediator
instanceKlass org/eclipse/sisu/inject/TypeArguments
instanceKlass org/eclipse/m2e/internal/maven/listener/M2EMavenBuildDataBridge
instanceKlass org/apache/maven/eventspy/EventSpy
instanceKlass org/eclipse/sisu/space/asm/Context
instanceKlass org/eclipse/sisu/space/asm/Attribute
instanceKlass org/eclipse/sisu/space/asm/AnnotationVisitor
instanceKlass org/eclipse/sisu/space/asm/ClassReader
instanceKlass org/eclipse/sisu/space/IndexedClassFinder$1
instanceKlass org/eclipse/sisu/inject/Logs$SLF4JSink
instanceKlass org/eclipse/sisu/inject/Logs$Sink
instanceKlass org/eclipse/sisu/inject/Logs
instanceKlass org/eclipse/sisu/space/QualifierCache
instanceKlass org/eclipse/sisu/space/QualifiedTypeVisitor
instanceKlass org/eclipse/sisu/plexus/PlexusTypeVisitor$ComponentAnnotationVisitor
instanceKlass org/eclipse/sisu/space/AnnotationVisitor
instanceKlass org/eclipse/sisu/plexus/PlexusTypeVisitor
instanceKlass org/eclipse/sisu/space/ClassVisitor
instanceKlass org/eclipse/sisu/plexus/PlexusXmlBeanModule$PlexusXmlBeanSource
instanceKlass org/eclipse/sisu/inject/DescriptionSource
instanceKlass org/eclipse/sisu/inject/AnnotatedSource
instanceKlass org/eclipse/sisu/Hidden
instanceKlass org/eclipse/sisu/Priority
instanceKlass org/eclipse/sisu/Description
instanceKlass org/eclipse/sisu/inject/Sources
instanceKlass com/google/inject/internal/MoreTypes$ParameterizedTypeImpl
instanceKlass org/apache/maven/wagon/Wagon
instanceKlass org/codehaus/plexus/component/configurator/ComponentConfigurator
instanceKlass org/apache/maven/toolchain/ToolchainsBuilder
instanceKlass org/apache/maven/toolchain/ToolchainManagerPrivate
instanceKlass org/apache/maven/toolchain/ToolchainManager
instanceKlass org/apache/maven/toolchain/ToolchainFactory
instanceKlass org/apache/maven/settings/MavenSettingsBuilder
instanceKlass org/apache/maven/rtinfo/RuntimeInformation
instanceKlass org/apache/maven/project/artifact/ProjectArtifactsCache
instanceKlass org/apache/maven/project/ProjectDependenciesResolver
instanceKlass org/apache/maven/project/ProjectBuildingHelper
instanceKlass org/apache/maven/project/ProjectBuilder
instanceKlass org/apache/maven/project/MavenProjectHelper
instanceKlass org/apache/maven/plugin/version/PluginVersionResolver
instanceKlass org/apache/maven/plugin/prefix/PluginPrefixResolver
instanceKlass org/apache/maven/plugin/PluginManager
instanceKlass org/apache/maven/plugin/PluginDescriptorCache
instanceKlass org/apache/maven/plugin/MavenPluginManager
instanceKlass org/apache/maven/plugin/LegacySupport
instanceKlass org/apache/maven/plugin/BuildPluginManager
instanceKlass org/apache/maven/model/plugin/LifecycleBindingsInjector
instanceKlass org/apache/maven/lifecycle/internal/builder/BuilderCommon
instanceKlass org/apache/maven/lifecycle/internal/builder/Builder
instanceKlass org/apache/maven/lifecycle/internal/MojoExecutor
instanceKlass org/apache/maven/lifecycle/internal/MojoDescriptorCreator
instanceKlass org/apache/maven/lifecycle/internal/LifecycleTaskSegmentCalculator
instanceKlass org/apache/maven/lifecycle/internal/LifecycleStarter
instanceKlass org/apache/maven/lifecycle/internal/LifecyclePluginResolver
instanceKlass org/apache/maven/lifecycle/internal/LifecycleModuleBuilder
instanceKlass org/apache/maven/lifecycle/internal/LifecycleExecutionPlanCalculator
instanceKlass org/apache/maven/lifecycle/internal/LifecycleDebugLogger
instanceKlass org/apache/maven/lifecycle/internal/ExecutionEventCatapult
instanceKlass org/apache/maven/lifecycle/internal/BuildListCalculator
instanceKlass org/apache/maven/lifecycle/MojoExecutionConfigurator
instanceKlass org/apache/maven/lifecycle/LifecycleMappingDelegate
instanceKlass org/apache/maven/lifecycle/LifecycleExecutor
instanceKlass org/apache/maven/lifecycle/LifeCyclePluginAnalyzer
instanceKlass org/apache/maven/lifecycle/DefaultLifecycles
instanceKlass org/apache/maven/graph/GraphBuilder
instanceKlass org/apache/maven/exception/ExceptionHandler
instanceKlass org/apache/maven/eventspy/internal/EventSpyDispatcher
instanceKlass org/apache/maven/configuration/BeanConfigurator
instanceKlass org/apache/maven/bridge/MavenRepositorySystem
instanceKlass org/apache/maven/artifact/resolver/ResolutionErrorHandler
instanceKlass org/apache/maven/artifact/repository/metadata/io/MetadataReader
instanceKlass org/apache/maven/artifact/metadata/ArtifactMetadataSource
instanceKlass org/apache/maven/repository/legacy/metadata/ArtifactMetadataSource
instanceKlass org/apache/maven/artifact/handler/manager/ArtifactHandlerManager
instanceKlass org/apache/maven/artifact/factory/ArtifactFactory
instanceKlass org/apache/maven/ProjectDependenciesResolver
instanceKlass org/apache/maven/Maven
instanceKlass org/apache/maven/artifact/handler/ArtifactHandler
instanceKlass org/sonatype/plexus/components/sec/dispatcher/SecDispatcher
instanceKlass org/apache/maven/lifecycle/Lifecycle
instanceKlass org/eclipse/sisu/space/CloningClassSpace$1
instanceKlass org/apache/maven/lifecycle/mapping/LifecycleMapping
instanceKlass org/apache/maven/repository/metadata/GraphConflictResolver
instanceKlass org/apache/maven/repository/metadata/GraphConflictResolutionPolicy
instanceKlass org/eclipse/sisu/plexus/ConfigurationImpl
instanceKlass org/apache/maven/repository/metadata/ClasspathTransformation
instanceKlass org/apache/maven/repository/legacy/resolver/transform/ArtifactTransformationManager
instanceKlass org/apache/maven/repository/legacy/resolver/transform/ArtifactTransformation
instanceKlass org/apache/maven/repository/legacy/resolver/conflict/ConflictResolverFactory
instanceKlass org/apache/maven/repository/legacy/resolver/conflict/ConflictResolver
instanceKlass org/apache/maven/repository/legacy/repository/ArtifactRepositoryFactory
instanceKlass org/apache/maven/repository/legacy/UpdateCheckManager
instanceKlass org/apache/maven/repository/RepositorySystem
instanceKlass org/apache/maven/repository/MirrorSelector
instanceKlass org/apache/maven/project/validation/ModelValidator
instanceKlass org/apache/maven/project/path/PathTranslator
instanceKlass org/apache/maven/project/interpolation/ModelInterpolator
instanceKlass org/apache/maven/project/inheritance/ModelInheritanceAssembler
instanceKlass org/apache/maven/project/MavenProjectBuilder
instanceKlass org/apache/maven/profiles/MavenProfilesBuilder
instanceKlass org/apache/maven/execution/RuntimeInformation
instanceKlass java/lang/foreign/MemorySegment
instanceKlass org/apache/maven/artifact/resolver/ArtifactResolver
instanceKlass org/apache/maven/artifact/resolver/ArtifactCollector
instanceKlass org/apache/maven/repository/legacy/resolver/LegacyArtifactCollector
instanceKlass org/apache/maven/artifact/repository/metadata/RepositoryMetadataManager
instanceKlass org/apache/maven/artifact/repository/layout/ArtifactRepositoryLayout
instanceKlass org/apache/maven/artifact/repository/ArtifactRepositoryFactory
instanceKlass org/apache/maven/artifact/manager/WagonManager
instanceKlass org/apache/maven/repository/legacy/WagonManager
instanceKlass org/apache/maven/artifact/installer/ArtifactInstaller
instanceKlass org/eclipse/sisu/plexus/PlexusXmlMetadata
instanceKlass org/eclipse/sisu/plexus/Roles
instanceKlass org/apache/maven/artifact/deployer/ArtifactDeployer
instanceKlass org/eclipse/sisu/plexus/Hints
instanceKlass org/eclipse/sisu/space/AbstractDeferredClass
instanceKlass org/eclipse/sisu/plexus/RequirementImpl
instanceKlass org/codehaus/plexus/component/annotations/Requirement
instanceKlass org/eclipse/sisu/space/Streams
instanceKlass org/eclipse/sisu/plexus/ComponentImpl
instanceKlass org/eclipse/sisu/plexus/PlexusTypeRegistry
instanceKlass org/eclipse/sisu/plexus/PlexusXmlScanner
instanceKlass org/eclipse/sisu/space/QualifiedTypeBinder
instanceKlass org/eclipse/sisu/plexus/PlexusTypeBinder
instanceKlass org/eclipse/aether/AbstractRepositoryListener
instanceKlass org/eclipse/aether/RepositoryListener
instanceKlass com/google/inject/Key$AnnotationInstanceStrategy
instanceKlass com/google/inject/name/NamedImpl
instanceKlass com/google/inject/name/Named
instanceKlass com/google/inject/name/Names
instanceKlass org/apache/commons/lang3/math/NumberUtils
instanceKlass org/apache/maven/artifact/versioning/ComparableVersion$IntItem
instanceKlass org/apache/maven/artifact/versioning/ComparableVersion$Item
instanceKlass org/apache/maven/artifact/versioning/ComparableVersion
instanceKlass org/apache/maven/artifact/versioning/DefaultArtifactVersion
instanceKlass org/apache/maven/artifact/versioning/ArtifactVersion
instanceKlass org/eclipse/m2e/core/internal/embedder/EclipseClassRealmManagerDelegate
instanceKlass org/apache/maven/classrealm/ClassRealmManagerDelegate
instanceKlass org/sonatype/plexus/build/incremental/ThreadBuildContext
instanceKlass org/sonatype/plexus/build/incremental/BuildContext
instanceKlass org/apache/maven/plugin/internal/DefaultPluginDependenciesResolver
instanceKlass org/apache/maven/plugin/internal/PluginDependenciesResolver
instanceKlass org/apache/maven/plugin/DefaultPluginArtifactsCache
instanceKlass org/apache/maven/plugin/PluginArtifactsCache
instanceKlass org/apache/maven/plugin/DefaultPluginRealmCache
instanceKlass org/apache/maven/plugin/PluginRealmCache
instanceKlass org/apache/maven/project/DefaultProjectRealmCache
instanceKlass org/apache/maven/project/ProjectRealmCache
instanceKlass org/apache/maven/plugin/DefaultExtensionRealmCache
instanceKlass org/apache/maven/plugin/ExtensionRealmCache
instanceKlass org/codehaus/plexus/component/annotations/Component
instanceKlass org/apache/maven/project/artifact/DefaultMavenMetadataCache
instanceKlass org/eclipse/core/runtime/jobs/IJobStatus
instanceKlass  @bci org/eclipse/core/internal/jobs/JobManager reportBlocked (Lorg/eclipse/core/runtime/IProgressMonitor;Ljava/util/Collection;)V 6 <appendix> argL0 ; # org/eclipse/core/internal/jobs/JobManager$$Lambda+0x000001d2aa1a2270
instanceKlass org/eclipse/m2e/core/internal/project/IManagedCache
instanceKlass org/apache/maven/project/artifact/MavenMetadataCache
instanceKlass org/eclipse/m2e/core/internal/embedder/DefaultMavenComponentContributor
instanceKlass org/eclipse/m2e/core/internal/embedder/IMavenComponentContributor
instanceKlass org/eclipse/jdt/ls/core/internal/handlers/BaseInitHandler
instanceKlass ch/qos/logback/classic/spi/LoggerContextListener
instanceKlass ch/qos/logback/core/spi/ConfigurationEvent
instanceKlass ch/qos/logback/core/spi/ConfigurationEventListener
instanceKlass ch/qos/logback/core/spi/SequenceNumberGenerator
instanceKlass ch/qos/logback/core/LifeCycleManager
instanceKlass com/google/inject/spi/InjectionRequest
instanceKlass com/google/gson/internal/bind/TypeAdapters$42
instanceKlass org/eclipse/lsp4j/jsonrpc/util/Preconditions
instanceKlass org/eclipse/sisu/bean/BeanProperty
instanceKlass com/google/inject/internal/Nullability
instanceKlass  @bci com/google/inject/internal/KotlinSupport$KotlinUnsupported <clinit> ()V 7 <appendix> argL0 ; # com/google/inject/internal/KotlinSupport$KotlinUnsupported$$Lambda+0x000001d2aa3fc000
instanceKlass com/google/inject/internal/KotlinSupport$KotlinUnsupported
instanceKlass com/google/inject/internal/KotlinSupport$KotlinSupportHolder
instanceKlass com/google/inject/internal/KotlinSupportInterface
instanceKlass com/google/inject/internal/KotlinSupport
instanceKlass com/google/inject/spi/InjectionPoint$OverrideIndex
instanceKlass org/eclipse/sisu/Mediator
instanceKlass org/eclipse/sisu/inject/RankedBindings
instanceKlass org/eclipse/lsp4j/jsonrpc/json/adapters/JsonElementTypeAdapter$Factory
instanceKlass org/eclipse/lsp4j/StaleRequestCapabilities
instanceKlass com/google/inject/Inject
instanceKlass org/eclipse/lsp4j/MarkdownCapabilities
instanceKlass javax/inject/Inject
instanceKlass org/eclipse/lsp4j/RegularExpressionsCapabilities
instanceKlass  @bci com/google/inject/internal/DeclaredMembers getDeclaredFields (Ljava/lang/Class;)[Ljava/lang/reflect/Field; 38 <appendix> argL0 ; # com/google/inject/internal/DeclaredMembers$$Lambda+0x000001d2aa3f27c8
instanceKlass  @bci com/google/inject/internal/DeclaredMembers getDeclaredFields (Ljava/lang/Class;)[Ljava/lang/reflect/Field; 20 <appendix> argL0 ; # com/google/inject/internal/DeclaredMembers$$Lambda+0x000001d2aa3f2598
instanceKlass  @bci com/google/inject/internal/DeclaredMembers getDeclaredFields (Ljava/lang/Class;)[Ljava/lang/reflect/Field; 15 <appendix> argL0 ; # com/google/inject/internal/DeclaredMembers$$Lambda+0x000001d2aa3f2368
instanceKlass org/eclipse/lsp4j/WindowShowMessageRequestActionItemCapabilities
instanceKlass  @bci com/google/inject/internal/DeclaredMembers getDeclaredFields (Ljava/lang/Class;)[Ljava/lang/reflect/Field; 7 <appendix> argL0 ; # com/google/inject/internal/DeclaredMembers$$Lambda+0x000001d2aa3f2138
instanceKlass org/eclipse/lsp4j/ShowDocumentCapabilities
instanceKlass org/eclipse/lsp4j/WindowShowMessageRequestCapabilities
instanceKlass com/google/inject/spi/InjectionPoint$InjectableMembers
instanceKlass com/google/inject/spi/InjectionPoint$InjectableMember
instanceKlass org/eclipse/lsp4j/InlayHintResolveSupportCapabilities
instanceKlass com/google/inject/spi/InjectionPoint
instanceKlass org/eclipse/lsp4j/SemanticTokensClientCapabilitiesRequestsFull
instanceKlass com/google/inject/internal/MoreTypes$GenericArrayTypeImpl
instanceKlass com/google/inject/internal/MoreTypes$CompositeType
instanceKlass org/eclipse/lsp4j/SemanticTokensClientCapabilitiesRequests
instanceKlass com/google/inject/Key$AnnotationTypeStrategy
instanceKlass org/eclipse/lsp4j/WorkDoneProgressNotification
instanceKlass org/eclipse/lsp4j/FoldingRangeSupportCapabilities
instanceKlass org/eclipse/lsp4j/FoldingRangeKindSupportCapabilities
instanceKlass org/eclipse/lsp4j/jsonrpc/json/adapters/EitherTypeAdapter$EitherTypeArgument
instanceKlass  @bci sun/reflect/annotation/AnnotationParser parseEnumArray (ILjava/lang/Class;Ljava/nio/ByteBuffer;Ljdk/internal/reflect/ConstantPool;Ljava/lang/Class;)Ljava/lang/Object; 16 <appendix> member <vmtarget> ; # sun/reflect/annotation/AnnotationParser$$Lambda+0x000001d2aa2f6018
instanceKlass org/eclipse/lsp4j/DiagnosticsTagSupport
instanceKlass javax/inject/Named
instanceKlass javax/inject/Qualifier
instanceKlass com/google/inject/BindingAnnotation
instanceKlass javax/inject/Scope
instanceKlass com/google/inject/ScopeAnnotation
instanceKlass com/google/inject/internal/Annotations$AnnotationChecker
instanceKlass org/eclipse/lsp4j/CodeActionKindCapabilities
instanceKlass org/eclipse/lsp4j/CodeActionResolveSupportCapabilities
instanceKlass com/google/inject/internal/Annotations$TestAnnotation
instanceKlass com/google/inject/internal/Annotations$AnnotationToStringConfig
instanceKlass org/eclipse/lsp4j/CodeActionLiteralSupportCapabilities
instanceKlass com/google/common/base/Joiner$MapJoiner
instanceKlass com/google/common/base/Joiner
instanceKlass org/eclipse/lsp4j/ParameterInformationCapabilities
instanceKlass org/eclipse/lsp4j/SignatureInformationCapabilities
instanceKlass com/google/inject/internal/Annotations
instanceKlass org/eclipse/sisu/Parameters
instanceKlass org/eclipse/sisu/wire/ParameterKeys
instanceKlass com/google/inject/internal/util/StackTraceElements$InMemoryStackTraceElement
instanceKlass org/eclipse/lsp4j/CompletionItemInsertTextModeSupportCapabilities
instanceKlass org/eclipse/lsp4j/CompletionItemResolveSupportCapabilities
instanceKlass org/eclipse/lsp4j/CompletionItemTagSupportCapabilities
instanceKlass com/google/inject/internal/util/StackTraceElements
instanceKlass org/eclipse/lsp4j/CompletionListCapabilities
instanceKlass org/eclipse/sisu/wire/TypeConverterCache
instanceKlass org/eclipse/lsp4j/CompletionItemCapabilities
instanceKlass org/eclipse/lsp4j/CompletionItemKindCapabilities
instanceKlass com/google/inject/internal/Scoping
instanceKlass com/google/inject/internal/InternalFactory
instanceKlass com/google/inject/internal/InternalFlags$1
instanceKlass com/google/inject/internal/InternalFlags
instanceKlass com/google/inject/spi/InstanceBinding
instanceKlass com/google/inject/spi/ConstructorBinding
instanceKlass com/google/inject/internal/DelayedInitialize
instanceKlass com/google/inject/spi/ProviderKeyBinding
instanceKlass org/eclipse/lsp4j/PublishDiagnosticsCapabilities
instanceKlass com/google/inject/spi/ProviderInstanceBinding
instanceKlass com/google/inject/spi/HasDependencies
instanceKlass com/google/inject/spi/LinkedKeyBinding
instanceKlass com/google/inject/spi/UntargettedBinding
instanceKlass com/google/inject/internal/BindingImpl
instanceKlass com/google/inject/Key$AnnotationStrategy
instanceKlass org/eclipse/sisu/wire/ElementAnalyzer$1
instanceKlass com/google/inject/util/Modules$EmptyModule
instanceKlass com/google/inject/util/Modules$OverriddenModuleBuilder
instanceKlass com/google/inject/util/Modules
instanceKlass  @bci com/google/inject/internal/DeclaredMembers getDeclaredMethods (Ljava/lang/Class;)[Ljava/lang/reflect/Method; 62 <appendix> argL0 ; # com/google/inject/internal/DeclaredMembers$$Lambda+0x000001d2aa3dd6a0
instanceKlass com/google/common/collect/Ordering
instanceKlass  @bci com/google/inject/internal/DeclaredMembers getDeclaredMethods (Ljava/lang/Class;)[Ljava/lang/reflect/Method; 38 <appendix> argL0 ; # com/google/inject/internal/DeclaredMembers$$Lambda+0x000001d2aa3dd470
instanceKlass  @bci com/google/inject/internal/DeclaredMembers getDeclaredMethods (Ljava/lang/Class;)[Ljava/lang/reflect/Method; 33 <appendix> argL0 ; # com/google/inject/internal/DeclaredMembers$$Lambda+0x000001d2aa3dd240
instanceKlass  @bci java/util/Comparator comparing (Ljava/util/function/Function;Ljava/util/Comparator;)Ljava/util/Comparator; 12 <appendix> member <vmtarget> ; # java/util/Comparator$$Lambda+0x000001d2aa2f5968
instanceKlass  @cpi java/util/Comparator 256 form vmentry <vmtarget> ; # java/lang/invoke/LambdaForm$DMH+0x000001d2aa3e4000
instanceKlass  @bci com/google/inject/internal/DeclaredMembers getDeclaredMethods (Ljava/lang/Class;)[Ljava/lang/reflect/Method; 20 <appendix> argL0 ; # com/google/inject/internal/DeclaredMembers$$Lambda+0x000001d2aa3dd010
instanceKlass  @bci com/google/inject/internal/DeclaredMembers getDeclaredMethods (Ljava/lang/Class;)[Ljava/lang/reflect/Method; 15 <appendix> argL0 ; # com/google/inject/internal/DeclaredMembers$$Lambda+0x000001d2aa3dcde0
instanceKlass  @bci com/google/inject/internal/DeclaredMembers getDeclaredMethods (Ljava/lang/Class;)[Ljava/lang/reflect/Method; 7 <appendix> argL0 ; # com/google/inject/internal/DeclaredMembers$$Lambda+0x000001d2aa3dcbb0
instanceKlass com/google/inject/internal/DeclaredMembers
instanceKlass org/eclipse/lsp4j/WorkspaceSymbolResolveSupportCapabilities
instanceKlass com/google/common/collect/ImmutableMap$Builder
instanceKlass org/eclipse/lsp4j/SymbolTagSupportCapabilities
instanceKlass org/eclipse/lsp4j/SymbolKindCapabilities
instanceKlass org/eclipse/equinox/internal/app/EclipseAppHandle$1
instanceKlass com/google/inject/internal/MoreTypes
instanceKlass org/eclipse/equinox/internal/app/EclipseAppHandle$2
instanceKlass  @bci org/eclipse/lsp4j/jsonrpc/json/adapters/CollectionTypeAdapter$Factory getConstructor (Ljava/lang/Class;)Ljava/util/function/Supplier; 62 <appendix> argL0 ; # org/eclipse/lsp4j/jsonrpc/json/adapters/CollectionTypeAdapter$Factory$$Lambda+0x000001d2aa3cbac8
instanceKlass org/eclipse/lsp4j/jsonrpc/json/adapters/TypeUtils$ParameterizedTypeImpl
instanceKlass com/google/inject/multibindings/ProvidesIntoOptional
instanceKlass com/google/inject/multibindings/ProvidesIntoMap
instanceKlass com/google/inject/multibindings/ProvidesIntoSet
instanceKlass com/google/inject/Provides
instanceKlass org/eclipse/lsp4j/WorkspaceEditChangeAnnotationSupportCapabilities
instanceKlass javax/inject/Singleton
instanceKlass com/google/inject/spi/ElementSource
instanceKlass org/eclipse/lsp4j/DiagnosticWorkspaceCapabilities
instanceKlass com/google/inject/spi/ScopeBinding
instanceKlass org/eclipse/lsp4j/InlineValueWorkspaceCapabilities
instanceKlass com/google/inject/Scopes$2
instanceKlass org/eclipse/lsp4j/InlayHintWorkspaceCapabilities
instanceKlass com/google/inject/Scopes$1
instanceKlass com/google/inject/internal/SingletonScope
instanceKlass org/eclipse/lsp4j/CodeLensWorkspaceCapabilities
instanceKlass com/google/inject/Scopes
instanceKlass org/eclipse/lsp4j/SemanticTokensWorkspaceCapabilities
instanceKlass com/google/inject/Singleton
instanceKlass com/google/inject/spi/Elements$ModuleInfo
instanceKlass com/google/inject/PrivateModule
instanceKlass  @bci com/google/inject/spi/BindingSourceRestriction$PermitMapConstruction pushModule (Ljava/lang/Class;Lcom/google/inject/spi/ModuleSource;)V 5 <appendix> member <vmtarget> ; # com/google/inject/spi/BindingSourceRestriction$PermitMapConstruction$$Lambda+0x000001d2aa3d2760
instanceKlass org/eclipse/lsp4j/DynamicRegistrationCapabilities
instanceKlass  @bci com/google/inject/spi/BindingSourceRestriction getPermits (Ljava/lang/Class;)Ljava/util/stream/Stream; 43 <appendix> argL0 ; # com/google/inject/spi/BindingSourceRestriction$$Lambda+0x000001d2aa3d2520
instanceKlass  @bci com/google/inject/spi/BindingSourceRestriction getPermits (Ljava/lang/Class;)Ljava/util/stream/Stream; 33 <appendix> argL0 ; # com/google/inject/spi/BindingSourceRestriction$$Lambda+0x000001d2aa3d22f0
instanceKlass java/util/stream/Streams$2
instanceKlass java/util/stream/Streams$ConcatSpliterator
instanceKlass sun/reflect/annotation/AnnotatedTypeFactory$AnnotatedTypeBaseImpl
instanceKlass org/eclipse/lsp4j/WorkspaceEditCapabilities
instanceKlass sun/reflect/annotation/AnnotatedTypeFactory
instanceKlass sun/reflect/annotation/TypeAnnotation$LocationInfo$Location
instanceKlass sun/reflect/annotation/TypeAnnotation$LocationInfo
instanceKlass sun/reflect/annotation/TypeAnnotation
instanceKlass sun/reflect/annotation/TypeAnnotationParser
instanceKlass com/google/inject/RestrictedBindingSource
instanceKlass org/eclipse/lsp4j/GeneralClientCapabilities
instanceKlass com/google/inject/spi/BindingSourceRestriction
instanceKlass org/eclipse/lsp4j/NotebookDocumentClientCapabilities
instanceKlass org/eclipse/lsp4j/WindowClientCapabilities
instanceKlass com/google/inject/spi/ModuleSource
instanceKlass  @bci java/util/regex/Pattern CIRange (II)Ljava/util/regex/Pattern$CharPredicate; 2 <appendix> member <vmtarget> ; # java/util/regex/Pattern$$Lambda+0x000001d2aa2f3748
instanceKlass org/eclipse/lsp4j/TextDocumentClientCapabilities
instanceKlass com/google/inject/internal/ProviderMethodsModule
instanceKlass  @bci java/util/regex/Pattern SingleI (II)Ljava/util/regex/Pattern$BmpCharPredicate; 2 <appendix> member <vmtarget> ; # java/util/regex/Pattern$$Lambda+0x000001d2aa2f34c8
instanceKlass org/eclipse/lsp4j/WorkspaceClientCapabilities
instanceKlass java/time/format/Parsed
instanceKlass java/time/format/DateTimeParseContext
instanceKlass org/eclipse/jdt/ls/core/internal/LogReader$LogEntry
instanceKlass com/google/inject/spi/BindingSourceRestriction$PermitMapConstruction$PermitMapImpl
instanceKlass com/google/inject/spi/BindingSourceRestriction$PermitMap
instanceKlass com/google/inject/spi/BindingSourceRestriction$PermitMapConstruction
instanceKlass org/eclipse/lsp4j/ClientCapabilities
instanceKlass org/eclipse/jdt/ls/core/internal/LogReader$LogSession
instanceKlass com/google/common/collect/Hashing
instanceKlass com/google/common/math/IntMath$1
instanceKlass com/google/gson/internal/bind/ReflectiveTypeAdapterFactory$FieldsData
instanceKlass com/google/common/math/MathPreconditions
instanceKlass com/google/gson/internal/Primitives
instanceKlass com/google/common/math/IntMath
instanceKlass org/eclipse/lsp4j/jsonrpc/validation/NonNull
instanceKlass com/google/gson/annotations/SerializedName
instanceKlass org/eclipse/lsp4j/ClientInfo
instanceKlass com/google/inject/internal/AbstractBindingBuilder
instanceKlass com/google/gson/internal/ConstructorConstructor$9
instanceKlass com/google/inject/binder/ConstantBindingBuilder
instanceKlass com/google/inject/binder/AnnotatedElementBuilder
instanceKlass org/eclipse/lsp4j/adapters/InitializeParamsTypeAdapter$Factory
instanceKlass com/google/inject/spi/Elements$RecordingBinder
instanceKlass com/google/gson/annotations/JsonAdapter
instanceKlass org/eclipse/lsp4j/jsonrpc/messages/Tuple$Two
instanceKlass sun/util/locale/provider/CalendarNameProviderImpl$LengthBasedComparator
instanceKlass org/eclipse/lsp4j/jsonrpc/messages/Tuple
instanceKlass  @bci sun/util/locale/provider/JRELocaleProviderAdapter getCalendarNameProvider ()Ljava/util/spi/CalendarNameProvider; 8 <appendix> member <vmtarget> ; # sun/util/locale/provider/JRELocaleProviderAdapter$$Lambda+0x000001d2aa2f2bd0
instanceKlass org/eclipse/lsp4j/jsonrpc/json/adapters/TypeUtils
instanceKlass  @bci sun/util/cldr/CLDRLocaleProviderAdapter getCalendarNameProvider ()Ljava/util/spi/CalendarNameProvider; 8 <appendix> member <vmtarget> ; # sun/util/cldr/CLDRLocaleProviderAdapter$$Lambda+0x000001d2aa2f2508
instanceKlass sun/util/locale/provider/CalendarDataUtility$CalendarFieldValueNamesMapGetter
instanceKlass java/text/CalendarBuilder
instanceKlass java/text/ParsePosition
instanceKlass com/google/inject/Binding
instanceKlass org/eclipse/jdt/ls/core/internal/LogReader
instanceKlass com/google/inject/spi/DefaultBindingTargetVisitor
instanceKlass sun/nio/ch/WindowsAsynchronousFileChannelImpl$ReadTask
instanceKlass sun/nio/ch/Iocp$ResultHandler
instanceKlass sun/nio/ch/PendingFuture
instanceKlass org/eclipse/lsp4j/jsonrpc/json/ConcurrentMessageProcessor$1
instanceKlass com/google/inject/spi/BindingTargetVisitor
instanceKlass org/eclipse/lsp4j/jsonrpc/json/StreamMessageProducer$Headers
instanceKlass com/google/inject/spi/Elements
instanceKlass com/google/inject/internal/InjectorShell$RootModule
instanceKlass  @bci org/eclipse/jdt/ls/core/internal/handlers/WorkspaceEventsHandler <init> (Lorg/eclipse/jdt/ls/core/internal/managers/ProjectsManager;Lorg/eclipse/jdt/ls/core/internal/JavaClientConnection;Lorg/eclipse/jdt/ls/core/internal/handlers/BaseDocumentLifeCycleHandler;)V 35 <appendix> member <vmtarget> ; # org/eclipse/jdt/ls/core/internal/handlers/WorkspaceEventsHandler$$Lambda+0x000001d2aa3be390
instanceKlass org/eclipse/jdt/ls/core/internal/handlers/WorkspaceEventsHandler
instanceKlass org/eclipse/jdt/core/manipulation/CoreASTProvider$WAIT_FLAG
instanceKlass org/eclipse/jdt/core/manipulation/CoreASTProvider
instanceKlass com/google/common/collect/ListMultimap
instanceKlass org/eclipse/jdt/ls/core/internal/MovingAverage
instanceKlass org/eclipse/jdt/ls/core/internal/handlers/BaseDiagnosticsHandler
instanceKlass com/google/inject/internal/InjectorBindingData
instanceKlass  @bci com/google/inject/internal/WeakKeySet <init> (Ljava/lang/Object;)V 12 <appendix> member <vmtarget> ; # com/google/inject/internal/WeakKeySet$$Lambda+0x000001d2aa3bb940
instanceKlass com/google/inject/internal/WeakKeySet
instanceKlass org/eclipse/jdt/core/IProblemRequestor
instanceKlass org/eclipse/lsp4j/jsonrpc/StandardLauncher
instanceKlass com/google/common/collect/Sets
instanceKlass org/eclipse/lsp4j/jsonrpc/json/ConcurrentMessageProcessor
instanceKlass org/eclipse/lsp4j/jsonrpc/json/StreamMessageProducer
instanceKlass com/google/inject/internal/InjectorJitBindingData
instanceKlass com/google/inject/internal/ProcessedBindingData
instanceKlass com/google/inject/spi/DefaultElementVisitor
instanceKlass com/google/inject/internal/InjectorShell$Builder
instanceKlass  @bci java/lang/reflect/Proxy getProxyConstructor (Ljava/lang/Class;Ljava/lang/ClassLoader;[Ljava/lang/Class;)Ljava/lang/reflect/Constructor; 80 <appendix> argL0 ; # java/lang/reflect/Proxy$$Lambda+0x000001d2aa2ec590
instanceKlass  @bci org/eclipse/lsp4j/jsonrpc/services/EndpointProxy <init> (Lorg/eclipse/lsp4j/jsonrpc/Endpoint;Ljava/util/Collection;)V 197 <appendix> member <vmtarget> ; # org/eclipse/lsp4j/jsonrpc/services/EndpointProxy$$Lambda+0x000001d2aa3c7d18
instanceKlass com/google/common/collect/AbstractMapEntry
instanceKlass  @bci org/eclipse/lsp4j/jsonrpc/services/EndpointProxy <init> (Lorg/eclipse/lsp4j/jsonrpc/Endpoint;Ljava/util/Collection;)V 178 <appendix> member <vmtarget> ; # org/eclipse/lsp4j/jsonrpc/services/EndpointProxy$$Lambda+0x000001d2aa3c7af0
instanceKlass org/eclipse/lsp4j/jsonrpc/services/EndpointProxy
instanceKlass com/google/common/collect/LinkedHashMultimap$ValueSetLink
instanceKlass  @bci org/eclipse/lsp4j/jsonrpc/RemoteEndpoint <clinit> ()V 11 <appendix> argL0 ; # org/eclipse/lsp4j/jsonrpc/RemoteEndpoint$$Lambda+0x000001d2aa3c7698
instanceKlass com/google/common/collect/CollectPreconditions
instanceKlass org/eclipse/lsp4j/jsonrpc/messages/ResponseError
instanceKlass com/google/common/collect/Platform
instanceKlass com/google/common/collect/Multiset
instanceKlass org/eclipse/lsp4j/jsonrpc/RemoteEndpoint
instanceKlass com/google/common/collect/AbstractMultimap
instanceKlass  @bci java/lang/reflect/Executable sharedToString (IZ[Ljava/lang/Class;[Ljava/lang/Class;)Ljava/lang/String; 29 <appendix> argL0 ; # java/lang/reflect/Executable$$Lambda+0x000001d2aa2f15c0
instanceKlass  @bci org/eclipse/lsp4j/jsonrpc/services/GenericEndpoint recursiveFindRpcMethods (Ljava/lang/Object;Ljava/util/Set;Ljava/util/Set;)V 24 <appendix> member <vmtarget> ; # org/eclipse/lsp4j/jsonrpc/services/GenericEndpoint$$Lambda+0x000001d2aa3c5e80
instanceKlass  @cpi org/eclipse/lsp4j/jsonrpc/services/GenericEndpoint 220 form vmentry <vmtarget> ; # java/lang/invoke/LambdaForm$DMH+0x000001d2aa3c8000
instanceKlass com/google/common/collect/SetMultimap
instanceKlass  @bci org/eclipse/lsp4j/jsonrpc/services/GenericEndpoint lambda$recursiveFindRpcMethods$1 (Ljava/lang/Object;Lorg/eclipse/lsp4j/jsonrpc/services/AnnotationUtil$MethodInfo;)V 3 <appendix> member <vmtarget> ; # org/eclipse/lsp4j/jsonrpc/services/GenericEndpoint$$Lambda+0x000001d2aa3c5c48
instanceKlass  @bci org/eclipse/lsp4j/jsonrpc/services/GenericEndpoint recursiveFindRpcMethods (Ljava/lang/Object;Ljava/util/Set;Ljava/util/Set;)V 7 <appendix> member <vmtarget> ; # org/eclipse/lsp4j/jsonrpc/services/GenericEndpoint$$Lambda+0x000001d2aa3c5a20
instanceKlass org/eclipse/lsp4j/jsonrpc/services/GenericEndpoint
instanceKlass  @bci org/eclipse/jdt/ls/core/internal/ParentProcessWatcher apply (Lorg/eclipse/lsp4j/jsonrpc/MessageConsumer;)Lorg/eclipse/lsp4j/jsonrpc/MessageConsumer; 2 <appendix> member <vmtarget> ; # org/eclipse/jdt/ls/core/internal/ParentProcessWatcher$$Lambda+0x000001d2aa3bcc48
instanceKlass com/google/inject/internal/CycleDetectingLock
instanceKlass org/eclipse/lsp4j/jsonrpc/messages/Message
instanceKlass com/google/common/collect/Multimap
instanceKlass com/google/inject/internal/CycleDetectingLock$CycleDetectingLockFactory
instanceKlass org/eclipse/lsp4j/jsonrpc/json/StreamMessageConsumer
instanceKlass com/google/inject/internal/Initializable
instanceKlass com/google/inject/internal/Initializer
instanceKlass org/eclipse/lsp4j/jsonrpc/json/MessageConstants
instanceKlass org/eclipse/lsp4j/jsonrpc/json/adapters/MessageTypeAdapter$Factory
instanceKlass org/eclipse/lsp4j/jsonrpc/json/adapters/EnumTypeAdapter$Factory
instanceKlass org/eclipse/lsp4j/jsonrpc/json/adapters/TupleTypeAdapters$TwoTypeAdapterFactory
instanceKlass org/eclipse/lsp4j/jsonrpc/json/adapters/EitherTypeAdapter$Factory
instanceKlass com/google/common/collect/ImmutableSet$SetBuilderImpl
instanceKlass org/eclipse/lsp4j/jsonrpc/json/adapters/ThrowableTypeAdapter$Factory
instanceKlass org/eclipse/lsp4j/jsonrpc/json/adapters/CollectionTypeAdapter$Factory
instanceKlass org/eclipse/lsp4j/jsonrpc/messages/CancelParams
instanceKlass org/eclipse/lsp4j/jsonrpc/json/MessageJsonHandler
instanceKlass com/google/inject/internal/util/SourceProvider
instanceKlass org/eclipse/lsp4j/DidSaveNotebookDocumentParams
instanceKlass org/eclipse/lsp4j/DidCloseNotebookDocumentParams
instanceKlass org/eclipse/lsp4j/DidOpenNotebookDocumentParams
instanceKlass org/eclipse/lsp4j/DidChangeNotebookDocumentParams
instanceKlass com/google/inject/spi/ErrorDetail
instanceKlass org/eclipse/jdt/ls/core/internal/handlers/BuildWorkspaceHandler
instanceKlass com/google/inject/internal/Errors
instanceKlass org/eclipse/jdt/ls/core/internal/handlers/CodeActionHandler
instanceKlass org/eclipse/jdt/ls/core/internal/handlers/RenameHandler
instanceKlass org/eclipse/jdt/ls/core/internal/handlers/PrepareRenameHandler
instanceKlass org/eclipse/jdt/ls/core/internal/handlers/SaveActionHandler
instanceKlass com/google/inject/internal/util/ContinuousStopwatch
instanceKlass org/eclipse/jdt/ls/core/internal/handlers/CodeActionResolveHandler
instanceKlass org/eclipse/jdt/ls/core/internal/handlers/CodeLensHandler
instanceKlass com/google/inject/Injector
instanceKlass org/eclipse/jdt/ls/core/internal/handlers/ReferencesHandler
instanceKlass com/google/inject/internal/InternalInjectorCreator
instanceKlass org/eclipse/jdt/ls/core/internal/handlers/DocumentSymbolHandler
instanceKlass com/google/inject/Guice
instanceKlass org/eclipse/jdt/ls/core/internal/handlers/NavigateToTypeDefinitionHandler
instanceKlass org/eclipse/sisu/wire/Wiring
instanceKlass org/eclipse/sisu/wire/WireModule$Strategy$1
instanceKlass org/eclipse/sisu/wire/WireModule$Strategy
instanceKlass org/eclipse/jdt/ls/core/internal/handlers/NavigateToDeclarationHandler
instanceKlass org/eclipse/jdt/ls/core/internal/handlers/NavigateToDefinitionHandler
instanceKlass org/eclipse/sisu/wire/AbstractTypeConverter
instanceKlass org/eclipse/jdt/ls/core/internal/handlers/SignatureHelpHandler
instanceKlass com/google/inject/spi/ElementVisitor
instanceKlass org/eclipse/sisu/wire/WireModule
instanceKlass org/eclipse/jdt/ls/core/internal/handlers/HoverHandler
instanceKlass org/eclipse/sisu/bean/BeanBinder
instanceKlass org/eclipse/sisu/plexus/PlexusBindingModule
instanceKlass org/eclipse/jdt/ls/core/internal/handlers/InferSelectionHandler$SelectionInfo
instanceKlass org/codehaus/plexus/DefaultPlexusContainer$BootModule
instanceKlass org/eclipse/jdt/ls/core/internal/handlers/ExtractInterfaceHandler$CheckExtractInterfaceResponse
instanceKlass org/eclipse/jdt/ls/core/internal/codemanipulation/GenerateGetterSetterOperation$AccessorField
instanceKlass org/codehaus/plexus/component/annotations/Configuration
instanceKlass org/eclipse/jdt/ls/core/internal/handlers/HashCodeEqualsHandler$CheckHashCodeEqualsResponse
instanceKlass org/eclipse/sisu/plexus/PlexusAnnotatedMetadata
instanceKlass org/eclipse/sisu/plexus/PlexusBeanMetadata
instanceKlass org/eclipse/jdt/ls/core/internal/handlers/GenerateDelegateMethodsHandler$CheckDelegateMethodsResponse
instanceKlass org/eclipse/sisu/plexus/PlexusAnnotatedBeanModule$PlexusAnnotatedBeanSource
instanceKlass org/eclipse/jdt/ls/core/internal/text/correction/ChangeSignatureInfo
instanceKlass org/eclipse/sisu/space/SpaceModule$2
instanceKlass org/eclipse/sisu/space/SpaceModule$Strategy$1
instanceKlass org/eclipse/jdt/ls/core/internal/handlers/GenerateConstructorsHandler$CheckConstructorsResponse
instanceKlass org/eclipse/sisu/space/DefaultClassFinder
instanceKlass org/eclipse/jdt/ls/core/internal/handlers/MoveHandler$MoveDestinationsResponse
instanceKlass org/eclipse/sisu/space/asm/ClassVisitor
instanceKlass org/eclipse/jdt/ls/core/internal/handlers/GenerateToStringHandler$CheckToStringResponse
instanceKlass org/eclipse/sisu/space/SpaceScanner
instanceKlass org/eclipse/jdt/ls/core/internal/handlers/OverrideMethodsHandler$OverridableMethodsResponse
instanceKlass org/eclipse/sisu/space/IndexedClassFinder
instanceKlass org/eclipse/sisu/space/ClassFinder
instanceKlass sun/reflect/generics/tree/ArrayTypeSignature
instanceKlass org/eclipse/sisu/space/SpaceModule
instanceKlass sun/reflect/generics/tree/BooleanSignature
instanceKlass org/eclipse/sisu/space/SpaceVisitor
instanceKlass org/eclipse/sisu/plexus/PlexusTypeListener
instanceKlass org/eclipse/sisu/space/QualifiedTypeListener
instanceKlass org/eclipse/jdt/ls/core/internal/handlers/GetRefactorEditHandler$RefactorWorkspaceEdit
instanceKlass org/eclipse/sisu/plexus/PlexusAnnotatedBeanModule$1
instanceKlass org/eclipse/sisu/space/SpaceModule$Strategy
instanceKlass org/eclipse/sisu/plexus/PlexusAnnotatedBeanModule
instanceKlass org/eclipse/jdt/ls/core/internal/handlers/GenerateAccessorsHandler$GenerateAccessorsParams
instanceKlass org/eclipse/lsp4j/extended/ProjectBuildParams
instanceKlass org/eclipse/sisu/plexus/PlexusBeanSource
instanceKlass org/eclipse/sisu/plexus/PlexusXmlBeanModule
instanceKlass org/eclipse/sisu/plexus/PlexusBeanModule
instanceKlass org/eclipse/jdt/ls/core/internal/handlers/InferSelectionHandler$InferSelectionParams
instanceKlass org/eclipse/jdt/ls/core/internal/lsp/ValidateDocumentParams
instanceKlass org/eclipse/sisu/space/URLClassSpace
instanceKlass org/eclipse/jdt/ls/core/internal/handlers/GenerateToStringHandler$GenerateToStringParams
instanceKlass org/eclipse/jdt/ls/core/internal/handlers/GetRefactorEditHandler$GetRefactorEditParams
instanceKlass org/eclipse/lsp4j/extended/ProjectConfigurationsUpdateParam
instanceKlass org/codehaus/plexus/DefaultPlexusContainer$SLF4JLoggerFactoryProvider
instanceKlass com/google/inject/util/Providers$ConstantProvider
instanceKlass org/eclipse/jdt/ls/core/internal/handlers/GenerateDelegateMethodsHandler$GenerateDelegateMethodsParams
instanceKlass com/google/inject/util/Providers
instanceKlass org/eclipse/jdt/ls/core/internal/handlers/HashCodeEqualsHandler$GenerateHashCodeEqualsParams
instanceKlass org/eclipse/jdt/ls/core/internal/handlers/GenerateConstructorsHandler$GenerateConstructorsParams
instanceKlass org/codehaus/plexus/personality/plexus/lifecycle/phase/Disposable
instanceKlass org/codehaus/plexus/personality/plexus/lifecycle/phase/Startable
instanceKlass org/eclipse/jdt/ls/core/internal/handlers/OverrideMethodsHandler$AddOverridableMethodParams
instanceKlass org/codehaus/plexus/personality/plexus/lifecycle/phase/Initializable
instanceKlass org/codehaus/plexus/personality/plexus/lifecycle/phase/Contextualizable
instanceKlass org/eclipse/jdt/ls/core/internal/handlers/FindLinksHandler$FindLinksParams
instanceKlass org/codehaus/plexus/logging/LogEnabled
instanceKlass org/eclipse/jdt/ls/core/internal/handlers/MoveHandler$MoveParams
instanceKlass org/eclipse/sisu/bean/PropertyBinding
instanceKlass org/eclipse/lsp4j/TextDocumentIdentifier
instanceKlass javax/annotation/PreDestroy
instanceKlass javax/annotation/PostConstruct
instanceKlass org/eclipse/lsp4j/WorkspaceDiagnosticReport
instanceKlass org/eclipse/sisu/bean/LifecycleBuilder
instanceKlass org/eclipse/sisu/bean/BeanScheduler$1
instanceKlass com/google/inject/spi/DefaultBindingScopingVisitor
instanceKlass org/eclipse/lsp4j/adapters/WorkspaceSymbolResponseAdapter
instanceKlass com/google/inject/spi/BindingScopingVisitor
instanceKlass org/eclipse/lsp4j/DeleteFilesParams
instanceKlass org/eclipse/sisu/bean/BeanScheduler$CycleActivator
instanceKlass org/eclipse/lsp4j/RenameFilesParams
instanceKlass com/google/inject/Scope
instanceKlass org/eclipse/lsp4j/CreateFilesParams
instanceKlass com/google/inject/binder/AnnotatedConstantBindingBuilder
instanceKlass com/google/inject/spi/TypeListener
instanceKlass org/eclipse/lsp4j/WorkspaceSymbol
instanceKlass com/google/inject/MembersInjector
instanceKlass org/eclipse/lsp4j/DidChangeWatchedFilesParams
instanceKlass org/aopalliance/intercept/MethodInterceptor
instanceKlass org/aopalliance/intercept/Interceptor
instanceKlass org/aopalliance/aop/Advice
instanceKlass org/eclipse/lsp4j/DidChangeWorkspaceFoldersParams
instanceKlass org/eclipse/lsp4j/DidChangeConfigurationParams
instanceKlass com/google/inject/spi/ModuleAnnotatedMethodScanner
instanceKlass com/google/inject/PrivateBinder
instanceKlass com/google/inject/spi/Message
instanceKlass com/google/inject/spi/Element
instanceKlass com/google/inject/spi/Dependency
instanceKlass com/google/inject/Key
instanceKlass org/eclipse/lsp4j/PrepareRenameDefaultBehavior
instanceKlass org/eclipse/lsp4j/PrepareRenameResult
instanceKlass org/eclipse/lsp4j/Range
instanceKlass com/google/inject/binder/AnnotatedBindingBuilder
instanceKlass com/google/inject/binder/LinkedBindingBuilder
instanceKlass com/google/inject/binder/ScopedBindingBuilder
instanceKlass org/eclipse/lsp4j/adapters/PrepareRenameResponseAdapter
instanceKlass com/google/inject/TypeLiteral
instanceKlass org/eclipse/lsp4j/TextEdit
instanceKlass org/eclipse/lsp4j/FoldingRange
instanceKlass com/google/inject/spi/ProvisionListener
instanceKlass com/google/inject/Binder
instanceKlass org/eclipse/sisu/bean/BeanScheduler
instanceKlass org/eclipse/lsp4j/SelectionRange
instanceKlass org/eclipse/lsp4j/ColorPresentation
instanceKlass org/eclipse/sisu/plexus/DefaultPlexusBeanLocator
instanceKlass org/eclipse/lsp4j/ColorInformation
instanceKlass org/eclipse/sisu/plexus/RealmManager
instanceKlass org/eclipse/lsp4j/InlineValueEvaluatableExpression
instanceKlass org/codehaus/plexus/context/ContextMapAdapter
instanceKlass org/eclipse/lsp4j/InlineValueVariableLookup
instanceKlass org/eclipse/lsp4j/InlineValueText
instanceKlass org/codehaus/plexus/context/DefaultContext
instanceKlass org/codehaus/plexus/logging/AbstractLogger
instanceKlass org/codehaus/plexus/DefaultPlexusContainer$LoggerProvider
instanceKlass org/eclipse/lsp4j/adapters/InlineValueResponseAdapter
instanceKlass org/codehaus/plexus/DefaultPlexusContainer$DefaultsModule
instanceKlass org/eclipse/lsp4j/LinkedEditingRanges
instanceKlass org/codehaus/plexus/DefaultPlexusContainer$ContainerModule
instanceKlass org/eclipse/sisu/inject/ImplicitBindings
instanceKlass org/eclipse/sisu/inject/MildValues$InverseMapping
instanceKlass  @bci org/eclipse/m2e/core/embedder/MavenSettingsLocations equals (Ljava/lang/Object;)Z 2 <adapter> ; # java/lang/invoke/LambdaForm$MH+0x000001d2aa3a1800
instanceKlass org/eclipse/lsp4j/SemanticTokensDelta
instanceKlass org/eclipse/sisu/inject/MildValues
# instanceKlass java/lang/invoke/LambdaForm$MH+0x000001d2aa3a1400
instanceKlass org/eclipse/lsp4j/SemanticTokens
instanceKlass org/eclipse/lsp4j/adapters/SemanticTokensFullDeltaResponseAdapter
instanceKlass java/util/concurrent/atomic/AtomicReferenceFieldUpdater$AtomicReferenceFieldUpdaterImpl$1
instanceKlass  @bci org/eclipse/m2e/core/embedder/MavenSettingsLocations equals (Ljava/lang/Object;)Z 2 <appendix> form vmentry <vmtarget> ; # java/lang/invoke/LambdaForm$MH+0x000001d2aa3a1000
instanceKlass org/eclipse/lsp4j/CallHierarchyItem
instanceKlass java/util/concurrent/atomic/AtomicReferenceFieldUpdater
instanceKlass  @bci org/eclipse/m2e/core/embedder/MavenSettingsLocations equals (Ljava/lang/Object;)Z 2 <appendix> argL1 form vmentry <vmtarget> ; # java/lang/invoke/LambdaForm$MH+0x000001d2aa3a0c00
instanceKlass org/eclipse/sisu/inject/RankedSequence$Content
instanceKlass org/eclipse/lsp4j/CallHierarchyIncomingCall
instanceKlass org/eclipse/sisu/inject/RankedSequence
instanceKlass  @bci org/eclipse/m2e/core/embedder/MavenSettingsLocations equals (Ljava/lang/Object;)Z 2 <appendix> form names 9 function resolvedHandle form vmentry <vmtarget> ; # java/lang/invoke/LambdaForm$MH+0x000001d2aa3a0800
# instanceKlass java/lang/invoke/LambdaForm$DMH+0x000001d2aa3a0400
# instanceKlass java/lang/invoke/LambdaForm$MH+0x000001d2aa3a0000
# instanceKlass java/lang/invoke/LambdaForm$MH+0x000001d2aa399c00
instanceKlass org/eclipse/lsp4j/TypeHierarchyItem
# instanceKlass java/lang/invoke/LambdaForm$MH+0x000001d2aa399800
instanceKlass  @cpi org/eclipse/jdt/internal/launching/environments/EnvironmentsManager 649 form vmentry <vmtarget> ; # java/lang/invoke/LambdaForm$DMH+0x000001d2aa399400
instanceKlass org/eclipse/sisu/inject/BindingSubscriber
instanceKlass org/eclipse/sisu/inject/DefaultBeanLocator
# instanceKlass java/lang/invoke/LambdaForm$MH+0x000001d2aa399000
# instanceKlass java/lang/invoke/LambdaForm$MH+0x000001d2aa398400
instanceKlass org/eclipse/lsp4j/CallHierarchyOutgoingCall
instanceKlass org/eclipse/sisu/inject/DeferredClass
instanceKlass org/codehaus/plexus/DefaultPlexusContainer$LoggerManagerProvider
instanceKlass org/eclipse/sisu/inject/DeferredProvider
instanceKlass com/google/inject/Provider
instanceKlass org/eclipse/lsp4j/DocumentSymbol
instanceKlass org/eclipse/m2e/core/internal/embedder/IMavenComponentContributor$IMavenComponentBinder
instanceKlass org/eclipse/lsp4j/SymbolInformation
instanceKlass com/google/inject/AbstractModule
instanceKlass org/eclipse/lsp4j/adapters/DocumentSymbolResponseAdapter
instanceKlass org/eclipse/lsp4j/SignatureHelp
instanceKlass org/codehaus/plexus/context/Context
instanceKlass org/eclipse/sisu/inject/BindingPublisher
instanceKlass org/eclipse/sisu/inject/RankingFunction
instanceKlass org/eclipse/lsp4j/Moniker
instanceKlass org/eclipse/sisu/space/ClassSpace
instanceKlass javax/inject/Provider
instanceKlass org/eclipse/sisu/bean/BeanManager
instanceKlass org/eclipse/sisu/plexus/PlexusBeanLocator
instanceKlass org/eclipse/sisu/inject/MutableBeanLocator
instanceKlass org/eclipse/sisu/inject/BeanLocator
instanceKlass org/eclipse/lsp4j/adapters/DocumentDiagnosticReportTypeAdapter
instanceKlass org/codehaus/plexus/DefaultPlexusContainer
instanceKlass org/eclipse/lsp4j/CompletionList
instanceKlass org/eclipse/lsp4j/Hover
instanceKlass org/codehaus/plexus/MutablePlexusContainer
instanceKlass  @bci java/util/function/Function andThen (Ljava/util/function/Function;)Ljava/util/function/Function; 7 <appendix> member <vmtarget> ; # java/util/function/Function$$Lambda+0x000001d2aa2f01f8
instanceKlass  @cpi java/util/function/Function 58 form vmentry <vmtarget> ; # java/lang/invoke/LambdaForm$DMH+0x000001d2aa398000
instanceKlass org/eclipse/lsp4j/Command
instanceKlass  @bci org/apache/maven/extension/internal/CoreExports <init> (Lorg/codehaus/plexus/classworlds/realm/ClassRealm;Ljava/util/Set;Ljava/util/Set;)V 38 <appendix> argL0 ; # org/apache/maven/extension/internal/CoreExports$$Lambda+0x000001d2aa393d58
instanceKlass  @bci java/util/stream/Collectors uniqKeysMapMerger ()Ljava/util/function/BinaryOperator; 0 <appendix> argL0 ; # java/util/stream/Collectors$$Lambda+0x000001d2aa2effc0
instanceKlass  @bci java/util/stream/Collectors uniqKeysMapAccumulator (Ljava/util/function/Function;Ljava/util/function/Function;)Ljava/util/function/BiConsumer; 2 <appendix> member <vmtarget> ; # java/util/stream/Collectors$$Lambda+0x000001d2aa2efd98
instanceKlass org/eclipse/lsp4j/adapters/CodeActionResponseAdapter
instanceKlass  @bci java/util/stream/Collectors toMap (Ljava/util/function/Function;Ljava/util/function/Function;)Ljava/util/stream/Collector; 4 <appendix> argL0 ; # java/util/stream/Collectors$$Lambda+0x000001d2aa2efb88
instanceKlass  @bci org/apache/maven/extension/internal/CoreExports <init> (Lorg/codehaus/plexus/classworlds/realm/ClassRealm;Ljava/util/Set;Ljava/util/Set;)V 30 <appendix> member <vmtarget> ; # org/apache/maven/extension/internal/CoreExports$$Lambda+0x000001d2aa393b20
instanceKlass  @bci java/util/function/Function identity ()Ljava/util/function/Function; 0 <appendix> argL0 ; # java/util/function/Function$$Lambda+0x000001d2aa2ef958
instanceKlass org/eclipse/lsp4j/LocationLink
instanceKlass org/apache/maven/extension/internal/CoreExports
instanceKlass org/eclipse/lsp4j/Location
instanceKlass org/codehaus/plexus/DefaultContainerConfiguration
instanceKlass com/google/gson/internal/$Gson$Types$WildcardTypeImpl
instanceKlass org/codehaus/plexus/ContainerConfiguration
instanceKlass org/eclipse/lsp4j/jsonrpc/messages/Either
instanceKlass org/codehaus/plexus/util/BaseIOUtil
instanceKlass sun/reflect/generics/tree/Wildcard
instanceKlass sun/reflect/generics/tree/BottomSignature
instanceKlass org/eclipse/lsp4j/adapters/LocationLinkListAdapter
instanceKlass org/eclipse/lsp4j/WorkspaceEdit
instanceKlass org/codehaus/plexus/util/xml/XMLWriter
instanceKlass org/codehaus/plexus/util/xml/Xpp3Dom
instanceKlass org/eclipse/lsp4j/CodeLens
instanceKlass org/eclipse/lsp4j/DocumentRangeFormattingParams
instanceKlass org/codehaus/plexus/util/xml/pull/MXParser
instanceKlass org/codehaus/plexus/util/xml/pull/XmlPullParser
instanceKlass org/codehaus/plexus/util/xml/Xpp3DomBuilder
instanceKlass org/eclipse/lsp4j/InlineValueParams
instanceKlass org/eclipse/lsp4j/InlayHint
instanceKlass  @bci java/util/regex/Pattern union (Ljava/util/regex/Pattern$CharPredicate;Ljava/util/regex/Pattern$CharPredicate;Z)Ljava/util/regex/Pattern$CharPredicate; 14 <appendix> member <vmtarget> ; # java/util/regex/Pattern$$Lambda+0x000001d2aa2eed50
instanceKlass org/codehaus/plexus/util/ReaderFactory
instanceKlass org/apache/maven/project/ExtensionDescriptor
instanceKlass org/eclipse/lsp4j/DocumentLink
instanceKlass org/apache/maven/project/ExtensionDescriptorBuilder
instanceKlass org/codehaus/plexus/classworlds/strategy/AbstractStrategy
instanceKlass org/codehaus/plexus/classworlds/strategy/Strategy
instanceKlass org/codehaus/plexus/classworlds/strategy/StrategyFactory
instanceKlass org/eclipse/lsp4j/CompletionItem
instanceKlass  @bci org/eclipse/m2e/core/internal/embedder/PlexusContainerManager cleanup ()V 16 <appendix> argL0 ; # org/eclipse/m2e/core/internal/embedder/PlexusContainerManager$$Lambda+0x000001d2aa384628
instanceKlass org/apache/maven/settings/building/SettingsBuilder
instanceKlass org/eclipse/m2e/core/internal/M2EUtils
instanceKlass org/eclipse/lsp4j/CodeAction
instanceKlass org/apache/maven/settings/building/DefaultSettingsBuildingRequest
instanceKlass  @bci org/eclipse/jdt/internal/core/JrtPackageFragmentRoot$JrtModuleKey hashCode ()I 1 <adapter> ; # java/lang/invoke/LambdaForm$MH+0x000001d2aa38d800
instanceKlass  @bci org/eclipse/jdt/internal/core/JrtPackageFragmentRoot$JrtModuleKey hashCode ()I 1 <appendix> form vmentry <vmtarget> ; # java/lang/invoke/LambdaForm$MH+0x000001d2aa38d400
# instanceKlass java/lang/invoke/LambdaForm$MH+0x000001d2aa38d000
# instanceKlass java/lang/invoke/LambdaForm$MH+0x000001d2aa38cc00
instanceKlass  @bci org/eclipse/jdt/internal/core/JrtPackageFragmentRoot$JrtModuleKey hashCode ()I 1 <appendix> form names 7 function resolvedHandle form vmentry <vmtarget> ; # java/lang/invoke/LambdaForm$DMH+0x000001d2aa38c800
instanceKlass  @bci org/eclipse/jdt/internal/core/JrtPackageFragmentRoot$JrtModuleKey hashCode ()I 1 <appendix> argL2 argL2 argL2 form vmentry <vmtarget> ; # java/lang/invoke/LambdaForm$MH+0x000001d2aa38c400
instanceKlass  @bci java/lang/runtime/ObjectMethods bootstrap (Ljava/lang/invoke/MethodHandles$Lookup;Ljava/lang/String;Ljava/lang/invoke/TypeDescriptor;Ljava/lang/Class;Ljava/lang/String;[Ljava/lang/invoke/MethodHandle;)Ljava/lang/Object; 37 <appendix> argL0 ; # java/lang/runtime/ObjectMethods$$Lambda+0x000001d2aa2eeb30
# instanceKlass java/lang/invoke/LambdaForm$DMH+0x000001d2aa38c000
# instanceKlass java/lang/invoke/LambdaForm$DMH+0x000001d2aa38bc00
# instanceKlass java/lang/invoke/LambdaForm$DMH+0x000001d2aa38b800
instanceKlass org/eclipse/lsp4j/WillSaveTextDocumentParams
# instanceKlass java/lang/invoke/LambdaForm$DMH+0x000001d2aa38b400
# instanceKlass java/lang/invoke/LambdaForm$DMH+0x000001d2aa38b000
# instanceKlass java/lang/invoke/LambdaForm$DMH+0x000001d2aa38ac00
# instanceKlass java/lang/invoke/LambdaForm$DMH+0x000001d2aa38a800
# instanceKlass java/lang/invoke/LambdaForm$DMH+0x000001d2aa38a400
instanceKlass org/eclipse/lsp4j/DocumentFormattingParams
# instanceKlass java/lang/invoke/LambdaForm$DMH+0x000001d2aa38a000
# instanceKlass java/lang/invoke/LambdaForm$DMH+0x000001d2aa389c00
instanceKlass  @cpi org/eclipse/jdt/internal/compiler/lookup/ModuleBinding 951 form vmentry <vmtarget> ; # java/lang/invoke/LambdaForm$DMH+0x000001d2aa389800
instanceKlass java/lang/runtime/ObjectMethods$1
instanceKlass org/eclipse/lsp4j/DidSaveTextDocumentParams
# instanceKlass java/lang/invoke/LambdaForm$MH+0x000001d2aa389400
# instanceKlass java/lang/invoke/LambdaForm$MH+0x000001d2aa389000
# instanceKlass java/lang/invoke/LambdaForm$MH+0x000001d2aa388c00
instanceKlass org/eclipse/lsp4j/DidCloseTextDocumentParams
# instanceKlass java/lang/invoke/LambdaForm$MH+0x000001d2aa388800
# instanceKlass java/lang/invoke/LambdaForm$MH+0x000001d2aa388400
# instanceKlass java/lang/invoke/LambdaForm$MH+0x000001d2aa388000
# instanceKlass java/lang/invoke/LambdaForm$MH+0x000001d2aa382c00
# instanceKlass java/lang/invoke/LambdaForm$MH+0x000001d2aa382800
instanceKlass org/eclipse/lsp4j/InlayHintParams
instanceKlass java/lang/invoke/MethodHandleImpl$Makers$2
instanceKlass java/lang/invoke/MethodHandleImpl$Makers$1
instanceKlass java/lang/invoke/MethodHandleImpl$Makers
instanceKlass  @bci java/lang/invoke/BootstrapMethodInvoker invoke (Ljava/lang/Class;Ljava/lang/invoke/MethodHandle;Ljava/lang/String;Ljava/lang/Object;Ljava/lang/Object;Ljava/lang/Class;)Ljava/lang/Object; 862 <adapter> ; # java/lang/invoke/LambdaForm$MH+0x000001d2aa382400
instanceKlass org/eclipse/lsp4j/WorkDoneProgressAndPartialResultParams
# instanceKlass java/lang/invoke/LambdaForm$DMH+0x000001d2aa382000
instanceKlass java/lang/runtime/ObjectMethods
instanceKlass  @bci org/eclipse/m2e/core/internal/embedder/MavenImpl getSettings (Lorg/eclipse/m2e/core/embedder/MavenSettingsLocations;)Lorg/apache/maven/settings/Settings; 6 <appendix> member <vmtarget> ; # org/eclipse/m2e/core/internal/embedder/MavenImpl$$Lambda+0x000001d2aa3841f8
instanceKlass org/eclipse/lsp4j/DidOpenTextDocumentParams
instanceKlass org/eclipse/m2e/core/MavenPlugin
instanceKlass org/eclipse/lsp4j/DidChangeTextDocumentParams
instanceKlass org/eclipse/aether/DefaultRepositoryCache
instanceKlass org/eclipse/aether/RepositoryCache
instanceKlass org/apache/maven/execution/DefaultMavenExecutionRequest
instanceKlass org/apache/maven/building/Source
instanceKlass org/apache/maven/cli/configuration/SettingsXmlConfigurationProcessor
instanceKlass org/apache/maven/cli/configuration/ConfigurationProcessor
instanceKlass  @bci org/eclipse/m2e/core/internal/embedder/MavenExecutionContext newExecutionRequest ()Lorg/apache/maven/execution/MavenExecutionRequest; 125 <appendix> member <vmtarget> ; # org/eclipse/m2e/core/internal/embedder/MavenExecutionContext$$Lambda+0x000001d2aa379c70
instanceKlass  @bci org/eclipse/m2e/core/internal/embedder/MavenExecutionContext newExecutionRequest ()Lorg/apache/maven/execution/MavenExecutionRequest; 111 <appendix> member <vmtarget> ; # org/eclipse/m2e/core/internal/embedder/MavenExecutionContext$$Lambda+0x000001d2aa379a38
instanceKlass org/eclipse/lsp4j/InitializeResult
instanceKlass  @bci org/eclipse/m2e/core/internal/MavenPluginActivator getService (Ljava/lang/Class;)Ljava/lang/Object; 18 <appendix> member <vmtarget> ; # org/eclipse/m2e/core/internal/MavenPluginActivator$$Lambda+0x000001d2aa379800
instanceKlass  @bci org/eclipse/m2e/core/internal/project/registry/ProjectRegistryRefreshJob run (Lorg/eclipse/core/runtime/IProgressMonitor;)Lorg/eclipse/core/runtime/IStatus; 74 <appendix> member <vmtarget> ; # org/eclipse/m2e/core/internal/project/registry/ProjectRegistryRefreshJob$$Lambda+0x000001d2aa247c00
instanceKlass org/eclipse/lsp4j/WorkDoneProgressCancelParams
instanceKlass com/sun/org/apache/xml/internal/serializer/ToStream$CharacterBuffer$GenericCharacters
instanceKlass org/apache/maven/shared/utils/StringUtils
instanceKlass org/eclipse/lsp4j/services/NotebookDocumentService
instanceKlass org/eclipse/lsp4j/SetTraceParams
instanceKlass org/eclipse/lsp4j/InitializedParams
instanceKlass org/eclipse/lsp4j/InitializeParams
instanceKlass org/eclipse/jdt/ls/core/internal/JavaClientConnection
instanceKlass org/eclipse/lsp4j/jsonrpc/CancelChecker
instanceKlass org/apache/maven/cli/MavenCli
instanceKlass jdk/internal/vm/annotation/IntrinsicCandidate
instanceKlass org/eclipse/lsp4j/jsonrpc/json/JsonRpcMethodProvider
instanceKlass org/eclipse/lsp4j/jsonrpc/services/JsonDelegate
instanceKlass  @bci org/eclipse/lsp4j/jsonrpc/services/ServiceEndpoints getSupportedMethods (Ljava/lang/Class;Ljava/util/Set;)Ljava/util/Map; 29 <appendix> member <vmtarget> ; # org/eclipse/lsp4j/jsonrpc/services/ServiceEndpoints$$Lambda+0x000001d2aa378668
instanceKlass org/eclipse/jdt/ls/core/internal/StatusReport
instanceKlass org/eclipse/jdt/ls/core/internal/ProgressReport
instanceKlass org/eclipse/aether/transfer/TransferListener
instanceKlass org/eclipse/jdt/ls/core/internal/EventNotification
instanceKlass  @bci org/eclipse/m2e/core/internal/project/registry/BasicProjectRegistry copy (Ljava/util/Map;Ljava/util/Map;)V 2 <appendix> member <vmtarget> ; # org/eclipse/m2e/core/internal/project/registry/BasicProjectRegistry$$Lambda+0x000001d2aa2479d8
instanceKlass org/eclipse/jdt/ls/core/internal/ActionableNotification
instanceKlass org/eclipse/jdt/ls/core/internal/JobHelpers$ProjectRegistryRefreshJobMatcher
instanceKlass org/eclipse/jdt/ls/core/internal/JobHelpers$IJobMatcher
instanceKlass org/eclipse/lsp4j/ExecuteCommandParams
instanceKlass org/eclipse/jdt/ls/core/internal/JobHelpers
instanceKlass org/eclipse/lsp4j/WorkspaceFolder
instanceKlass org/eclipse/lsp4j/ShowDocumentResult
instanceKlass org/eclipse/lsp4j/MessageActionItem
instanceKlass com/google/common/cache/LocalCache$StrongValueReference
instanceKlass org/eclipse/lsp4j/ApplyWorkspaceEditResponse
instanceKlass com/google/common/util/concurrent/AbstractFuture$Failure
instanceKlass com/google/common/util/concurrent/AbstractFuture$Cancellation
instanceKlass com/google/common/util/concurrent/AbstractFuture$SetFuture
instanceKlass com/google/common/util/concurrent/Uninterruptibles
instanceKlass org/eclipse/lsp4j/jsonrpc/services/JsonNotification
instanceKlass org/eclipse/lsp4j/jsonrpc/json/JsonRpcMethod
# instanceKlass org/eclipse/buildship/core/internal/preferences/DefaultModelPersistence$$Lambda+0x000001d2aa3673d0
instanceKlass  @bci org/eclipse/buildship/core/internal/preferences/DefaultModelPersistence doLoadModel (Lorg/eclipse/core/resources/IProject;)Lorg/eclipse/buildship/core/internal/preferences/PersistentModel; 15 <appendix> member <vmtarget> ; # org/eclipse/buildship/core/internal/preferences/DefaultModelPersistence$$Lambda+0x000001d2aa3671a0
instanceKlass org/eclipse/lsp4j/jsonrpc/json/ResponseJsonAdapter
instanceKlass org/eclipse/buildship/core/internal/preferences/DefaultPersistentModel
instanceKlass sun/reflect/generics/tree/MethodTypeSignature
instanceKlass  @bci org/eclipse/lsp4j/jsonrpc/services/AnnotationUtil getParameterTypes (Ljava/lang/reflect/Method;)[Ljava/lang/reflect/Type; 17 <appendix> argL0 ; # org/eclipse/lsp4j/jsonrpc/services/AnnotationUtil$$Lambda+0x000001d2aa375a28
instanceKlass  @bci org/eclipse/lsp4j/jsonrpc/services/AnnotationUtil getParameterTypes (Ljava/lang/reflect/Method;)[Ljava/lang/reflect/Type; 7 <appendix> argL0 ; # org/eclipse/lsp4j/jsonrpc/services/AnnotationUtil$$Lambda+0x000001d2aa3757f8
instanceKlass  @bci java/util/regex/CharPredicates ctype (I)Ljava/util/regex/Pattern$CharPredicate; 1 <appendix> member <vmtarget> ; # java/util/regex/CharPredicates$$Lambda+0x000001d2aa2eba20
instanceKlass org/eclipse/buildship/core/internal/util/gradle/GradleVersion
instanceKlass org/eclipse/buildship/core/internal/preferences/PersistentModelConverter$18
instanceKlass org/eclipse/lsp4j/jsonrpc/services/JsonRequest
instanceKlass org/eclipse/lsp4j/ShowDocumentParams
instanceKlass org/eclipse/buildship/core/internal/preferences/PersistentModelConverter$17
instanceKlass org/eclipse/lsp4j/ProgressParams
instanceKlass org/eclipse/buildship/core/internal/preferences/BuildCommandConverter
instanceKlass org/eclipse/lsp4j/WorkDoneProgressCreateParams
instanceKlass org/eclipse/lsp4j/ApplyWorkspaceEditParams
instanceKlass org/eclipse/buildship/core/internal/preferences/PersistentModelConverter$16
instanceKlass org/eclipse/lsp4j/LogTraceParams
instanceKlass org/eclipse/lsp4j/MessageParams
instanceKlass org/eclipse/lsp4j/PublishDiagnosticsParams
instanceKlass com/google/common/base/Functions
instanceKlass org/eclipse/lsp4j/UnregistrationParams
instanceKlass org/eclipse/lsp4j/RegistrationParams
instanceKlass org/eclipse/lsp4j/ConfigurationParams
instanceKlass org/eclipse/lsp4j/jsonrpc/services/JsonSegment
instanceKlass org/eclipse/buildship/core/internal/preferences/PersistentModelConverter$15
instanceKlass org/eclipse/lsp4j/jsonrpc/services/AnnotationUtil
instanceKlass com/google/common/collect/ImmutableCollection$Builder
instanceKlass  @bci org/eclipse/lsp4j/jsonrpc/services/ServiceEndpoints getSupportedMethods (Ljava/lang/Class;Ljava/util/Set;)Ljava/util/Map; 11 <appendix> member <vmtarget> ; # org/eclipse/lsp4j/jsonrpc/services/ServiceEndpoints$$Lambda+0x000001d2aa374da8
instanceKlass org/eclipse/lsp4j/jsonrpc/services/AnnotationUtil$MethodInfo
instanceKlass org/eclipse/lsp4j/jsonrpc/services/ServiceEndpoints
instanceKlass org/eclipse/buildship/core/internal/preferences/PersistentModelConverter$14
instanceKlass org/eclipse/lsp4j/jsonrpc/json/MethodProvider
instanceKlass org/eclipse/lsp4j/jsonrpc/Endpoint
instanceKlass org/eclipse/lsp4j/jsonrpc/MessageProducer
instanceKlass org/eclipse/lsp4j/jsonrpc/MessageConsumer
instanceKlass org/eclipse/lsp4j/jsonrpc/MessageIssueHandler
instanceKlass org/eclipse/lsp4j/jsonrpc/Launcher$Builder
instanceKlass org/eclipse/buildship/core/internal/preferences/ClasspathConverter
instanceKlass org/eclipse/lsp4j/jsonrpc/Launcher
instanceKlass org/eclipse/buildship/core/internal/preferences/PersistentModelConverter$13
instanceKlass com/google/common/collect/NullnessCasts
instanceKlass org/eclipse/jdt/ls/core/internal/JavaClientConnection$JavaLanguageClient
instanceKlass org/eclipse/jdt/ls/core/internal/lsp/ExecuteCommandProposedClient
instanceKlass org/eclipse/lsp4j/services/LanguageClient
instanceKlass com/google/common/collect/TransformedIterator
instanceKlass com/google/common/base/ExtraObjectsMethodsForWeb
instanceKlass org/eclipse/buildship/core/internal/configuration/DefaultProjectConfiguration
instanceKlass org/eclipse/buildship/core/internal/configuration/WorkspaceConfiguration
instanceKlass com/google/gson/internal/LinkedTreeMap$Node
instanceKlass com/google/gson/internal/LinkedTreeMap$1
instanceKlass org/eclipse/buildship/core/internal/configuration/DefaultBuildConfiguration
instanceKlass org/eclipse/buildship/core/internal/configuration/BuildConfigurationProperties
instanceKlass com/google/common/base/Predicates
instanceKlass com/google/gson/internal/ConstructorConstructor$13
instanceKlass com/google/common/collect/Lists
instanceKlass com/google/gson/internal/ConstructorConstructor$18
instanceKlass com/google/common/base/NullnessCasts
instanceKlass com/google/gson/internal/ReflectionAccessFilterHelper
instanceKlass com/google/common/base/Splitter$5
instanceKlass com/google/common/base/AbstractIterator
instanceKlass com/google/gson/internal/reflect/ReflectionHelper$RecordHelper
instanceKlass com/google/gson/internal/reflect/ReflectionHelper
instanceKlass com/google/common/base/Splitter$1
instanceKlass com/google/gson/internal/JsonReaderInternalAccess
instanceKlass com/google/common/base/CharMatcher
instanceKlass com/google/gson/internal/$Gson$Preconditions
instanceKlass org/eclipse/buildship/core/internal/preferences/PersistentModelConverter$12
instanceKlass com/google/gson/internal/$Gson$Types$ParameterizedTypeImpl
instanceKlass org/eclipse/buildship/core/internal/preferences/PersistentModelConverter$11
instanceKlass org/eclipse/buildship/core/internal/preferences/PersistentModelConverter$10
instanceKlass java/lang/reflect/WildcardType
instanceKlass com/google/gson/internal/$Gson$Types
instanceKlass org/eclipse/buildship/core/internal/preferences/PersistentModelConverter
instanceKlass  @bci org/eclipse/buildship/core/internal/preferences/DefaultModelPersistence doLoadModel (Lorg/eclipse/core/resources/IProject;)Lorg/eclipse/buildship/core/internal/preferences/PersistentModel; 6 <appendix> member <vmtarget> ; # org/eclipse/buildship/core/internal/preferences/DefaultModelPersistence$$Lambda+0x000001d2aa3646a8
instanceKlass com/google/common/base/CommonPattern
instanceKlass com/google/common/base/Splitter$Strategy
instanceKlass com/google/common/base/Splitter
instanceKlass sun/reflect/generics/tree/TypeVariableSignature
instanceKlass sun/reflect/generics/reflectiveObjects/LazyReflectiveObjectGenerator
instanceKlass sun/reflect/generics/reflectiveObjects/ParameterizedTypeImpl
instanceKlass java/lang/reflect/ParameterizedType
instanceKlass com/google/common/base/Stopwatch
instanceKlass sun/reflect/generics/tree/ClassSignature
instanceKlass sun/reflect/generics/tree/Signature
instanceKlass sun/reflect/generics/tree/FormalTypeParameter
instanceKlass sun/reflect/generics/repository/AbstractRepository
instanceKlass com/google/gson/internal/bind/ReflectiveTypeAdapterFactory$BoundField
instanceKlass com/google/common/collect/Iterables
instanceKlass org/eclipse/jdt/ls/core/internal/ParentProcessWatcher
instanceKlass com/google/common/util/concurrent/AbstractFuture$Waiter
instanceKlass com/google/gson/internal/bind/ReflectiveTypeAdapterFactory
instanceKlass com/google/common/util/concurrent/AbstractFuture$Listener
instanceKlass com/google/common/util/concurrent/AbstractFuture$UnsafeAtomicHelper$1
instanceKlass sun/nio/ch/PendingIoCache
instanceKlass com/google/gson/internal/bind/JsonAdapterAnnotationTypeAdapterFactory$DummyTypeAdapterFactory
instanceKlass com/google/gson/internal/bind/JsonAdapterAnnotationTypeAdapterFactory
instanceKlass com/google/common/util/concurrent/LazyLogger
instanceKlass sun/nio/ch/Invoker$GroupAndInvokeCount
instanceKlass com/google/gson/internal/bind/MapTypeAdapterFactory
instanceKlass sun/nio/ch/Invoker
instanceKlass sun/nio/ch/AsynchronousChannelGroupImpl$1
instanceKlass org/eclipse/buildship/core/internal/workspace/DefaultWorkspaceOperations$2
instanceKlass com/google/common/util/concurrent/AbstractFuture$AtomicHelper
instanceKlass sun/nio/ch/AsynchronousChannelGroupImpl$2
instanceKlass sun/nio/ch/Iocp$EventHandlerTask
instanceKlass com/google/gson/internal/bind/CollectionTypeAdapterFactory
instanceKlass  @bci sun/nio/ch/ThreadPool defaultThreadFactory ()Ljava/util/concurrent/ThreadFactory; 6 <appendix> argL0 ; # sun/nio/ch/ThreadPool$$Lambda+0x000001d2aa2e7b40
instanceKlass com/google/common/util/concurrent/internal/InternalFutureFailureAccess
instanceKlass sun/nio/ch/ThreadPool
instanceKlass com/google/gson/internal/bind/ArrayTypeAdapter$1
instanceKlass com/google/common/collect/FluentIterable
instanceKlass sun/nio/ch/Iocp$CompletionStatus
instanceKlass java/nio/channels/AsynchronousChannelGroup
instanceKlass sun/nio/ch/WindowsAsynchronousFileChannelImpl$DefaultIocpHolder
instanceKlass com/google/gson/internal/bind/DefaultDateTypeAdapter$1
instanceKlass sun/nio/ch/Groupable
instanceKlass sun/nio/ch/Iocp$OverlappedChannel
instanceKlass sun/nio/fs/WindowsChannelFactory$2
instanceKlass java/nio/channels/AsynchronousFileChannel
instanceKlass java/util/concurrent/atomic/AtomicLongArray
instanceKlass java/net/ProtocolFamily
instanceKlass org/eclipse/jdt/ls/core/internal/ConnectionStreamFactory$PipeStreamProvider
instanceKlass com/google/gson/internal/bind/NumberTypeAdapter$1
instanceKlass com/google/common/util/concurrent/AbstractFuture$Trusted
instanceKlass org/eclipse/buildship/core/internal/util/file/RelativePathUtils
instanceKlass  @bci org/eclipse/jdt/ls/core/internal/ConnectionStreamFactory getPipeFile ()Ljava/io/File; 58 <appendix> argL0 ; # org/eclipse/jdt/ls/core/internal/ConnectionStreamFactory$$Lambda+0x000001d2aa317bd8
instanceKlass com/google/common/util/concurrent/ListenableFuture
instanceKlass java/lang/ProcessHandleImpl$Info
instanceKlass java/lang/ProcessHandle$Info
instanceKlass com/google/gson/internal/bind/ObjectTypeAdapter$1
instanceKlass  @bci java/lang/ProcessHandleImpl lambda$static$1 ()Ljava/util/concurrent/Executor; 45 <appendix> form vmentry <vmtarget> ; # java/lang/invoke/LambdaForm$DMH+0x000001d2aa359000
instanceKlass com/google/common/collect/PeekingIterator
instanceKlass  @bci java/lang/ProcessHandleImpl lambda$static$1 ()Ljava/util/concurrent/Executor; 45 <appendix> member <vmtarget> ; # java/lang/ProcessHandleImpl$$Lambda+0x000001d2aa2e5278
instanceKlass  @cpi java/lang/ProcessHandleImpl 436 form vmentry <vmtarget> ; # java/lang/invoke/LambdaForm$DMH+0x000001d2aa358c00
instanceKlass com/google/gson/internal/bind/TypeAdapters$29
instanceKlass com/google/common/collect/Iterators
instanceKlass org/eclipse/buildship/core/internal/configuration/PreferenceStore
# instanceKlass java/lang/invoke/LambdaForm$DMH+0x000001d2aa358800
instanceKlass  @bci java/lang/ProcessHandleImpl <clinit> ()V 32 <appendix> argL0 ; # java/lang/ProcessHandleImpl$$Lambda+0x000001d2aa2e5068
instanceKlass  @bci org/eclipse/buildship/core/internal/CorePlugin scheduleSynchronizationForAbsentModels ()V 15 <appendix> argL0 ; # org/eclipse/buildship/core/internal/CorePlugin$$Lambda+0x000001d2aa353318
instanceKlass com/google/gson/internal/bind/TypeAdapters$33
instanceKlass java/lang/ProcessHandleImpl
instanceKlass java/lang/ProcessHandle
instanceKlass org/eclipse/buildship/core/internal/configuration/GradleProjectNature
instanceKlass org/eclipse/jdt/ls/core/internal/ConnectionStreamFactory$StreamProvider
instanceKlass java/util/Currency
instanceKlass org/eclipse/jdt/ls/core/internal/ConnectionStreamFactory
instanceKlass org/eclipse/buildship/core/internal/extension/DefaultExtensionManager
instanceKlass org/eclipse/buildship/core/internal/operation/DefaultToolingApiOperationManager
instanceKlass org/eclipse/jdt/ls/core/internal/JVMConfigurator
instanceKlass com/google/gson/internal/bind/TypeAdapters$34
instanceKlass org/eclipse/buildship/core/internal/launch/DefaultExternalLaunchConfigurationManager$LaunchConfigurationListener
instanceKlass com/google/common/collect/ObjectArrays
instanceKlass org/eclipse/jdt/ls/core/internal/handlers/TypeHierarchyHandler
instanceKlass org/eclipse/buildship/core/internal/launch/DefaultExternalLaunchConfigurationManager
instanceKlass java/util/concurrent/atomic/AtomicIntegerArray
instanceKlass org/eclipse/jdt/ls/core/internal/handlers/WorkspaceExecuteCommandHandler$CommandHandlerHolder
instanceKlass org/eclipse/buildship/core/internal/configuration/BuildConfigurationPersistence
instanceKlass org/eclipse/buildship/core/internal/configuration/WorkspaceConfigurationPersistence
instanceKlass org/eclipse/jdt/ls/core/internal/handlers/WorkspaceExecuteCommandHandler
instanceKlass com/google/gson/internal/bind/TypeAdapters$32
instanceKlass org/eclipse/buildship/core/GradleDistribution
instanceKlass org/eclipse/buildship/core/internal/configuration/ProjectConfiguration
instanceKlass org/eclipse/buildship/core/internal/configuration/TestRunConfiguration
instanceKlass org/eclipse/buildship/core/internal/configuration/BuildConfiguration
instanceKlass org/eclipse/buildship/core/internal/configuration/RunConfiguration
instanceKlass org/eclipse/buildship/core/internal/configuration/BaseRunConfiguration
instanceKlass com/google/gson/internal/bind/TypeAdapters$31
instanceKlass org/eclipse/buildship/core/internal/launch/BaseRunConfigurationAttributes
instanceKlass org/eclipse/buildship/core/internal/configuration/DefaultConfigurationManager
instanceKlass org/eclipse/lsp4j/PartialResultParams
instanceKlass org/eclipse/lsp4j/WorkDoneProgressParams
instanceKlass org/eclipse/buildship/core/internal/invocation/InvocationCustomizerCollector
instanceKlass org/eclipse/lsp4j/TextDocumentPositionParams
instanceKlass org/eclipse/buildship/core/internal/operation/ToolingApiJobResultHandler
instanceKlass org/eclipse/jdt/ls/core/internal/handlers/BaseDocumentLifeCycleHandler
instanceKlass org/eclipse/buildship/core/internal/workspace/SynchronizingBuildScriptUpdateListener
instanceKlass org/eclipse/buildship/core/internal/workspace/ProjectChangeListener
instanceKlass org/eclipse/buildship/core/internal/preferences/PersistentModel
instanceKlass com/google/gson/internal/bind/TypeAdapters
instanceKlass org/eclipse/buildship/core/internal/preferences/DefaultModelPersistence
instanceKlass org/eclipse/buildship/core/internal/event/EventListener
instanceKlass org/eclipse/debug/core/model/ISourceLocator
instanceKlass com/google/gson/internal/ObjectConstructor
instanceKlass org/eclipse/buildship/core/internal/event/DefaultListenerRegistry
instanceKlass com/google/gson/internal/ConstructorConstructor
instanceKlass org/eclipse/jdt/internal/launching/sourcelookup/advanced/AdvancedSourceLookupSupport
instanceKlass org/eclipse/debug/internal/core/groups/GroupMemberChangeListener
instanceKlass com/google/gson/internal/sql/SqlTimestampTypeAdapter$1
instanceKlass com/google/gson/internal/sql/SqlTimeTypeAdapter$1
instanceKlass com/google/gson/internal/sql/SqlDateTypeAdapter$1
instanceKlass com/google/gson/internal/bind/DefaultDateTypeAdapter$DateType
instanceKlass com/google/gson/internal/sql/SqlTypesSupport
instanceKlass org/eclipse/jdt/launching/StandardClasspathProvider
instanceKlass org/eclipse/jdt/launching/IVMConnector
instanceKlass org/eclipse/jdt/launching/IRuntimeClasspathEntry
instanceKlass org/eclipse/jdt/launching/IRuntimeClasspathEntryResolver
instanceKlass org/eclipse/core/internal/watson/ElementTreeIterator
instanceKlass org/eclipse/jdt/launching/environments/IExecutionEnvironmentsManager
instanceKlass com/google/gson/FormattingStyle
instanceKlass  @bci org/eclipse/jdt/internal/core/search/indexing/AddJrtToIndex$JrtIndexer visitFile (Ljava/nio/file/Path;Ljava/nio/file/Path;Ljava/nio/file/attribute/BasicFileAttributes;)Ljava/nio/file/FileVisitResult; 74 <adapter> ; # java/lang/invoke/LambdaForm$MH+0x000001d2aa341400
instanceKlass org/eclipse/jdt/launching/IVMInstall
# instanceKlass java/lang/invoke/LambdaForm$DMH+0x000001d2aa341000
instanceKlass org/eclipse/jdt/launching/IRuntimeClasspathProvider
instanceKlass  @bci org/eclipse/core/internal/resources/Resource accept (Lorg/eclipse/core/resources/IResourceProxyVisitor;II)V 50 <appendix> form vmentry <vmtarget> ; # java/lang/invoke/LambdaForm$DMH+0x000001d2aa340c00
instanceKlass org/eclipse/jdt/launching/JavaRuntime
instanceKlass com/google/gson/stream/JsonWriter
instanceKlass  @bci org/eclipse/core/internal/resources/Resource accept (Lorg/eclipse/core/resources/IResourceProxyVisitor;II)V 50 <appendix> member <vmtarget> ; # org/eclipse/core/internal/resources/Resource$$Lambda+0x000001d2aa24cd00
instanceKlass  @cpi org/eclipse/core/internal/resources/Resource 1632 form vmentry <vmtarget> ; # java/lang/invoke/LambdaForm$DMH+0x000001d2aa340800
instanceKlass org/eclipse/core/internal/resources/ResourceProxy
instanceKlass com/google/gson/stream/JsonReader
instanceKlass org/eclipse/debug/internal/core/LaunchManager$ResourceProxyVisitor
instanceKlass org/eclipse/debug/core/ILaunchDelegate
instanceKlass org/eclipse/core/resources/IResourceProxyVisitor
instanceKlass org/eclipse/debug/core/ILaunchMode
instanceKlass com/google/gson/ToNumberStrategy
instanceKlass org/eclipse/jdt/internal/launching/LaunchingPlugin$1$1
instanceKlass com/google/gson/Gson
instanceKlass org/eclipse/debug/core/model/IDebugElement
instanceKlass org/eclipse/debug/core/ILaunch
instanceKlass org/eclipse/debug/core/model/ISuspendResume
instanceKlass org/eclipse/debug/core/model/IStepFilters
instanceKlass org/eclipse/debug/core/model/IStep
instanceKlass org/eclipse/debug/core/model/IDropToFrame
instanceKlass org/eclipse/debug/core/model/IDisconnect
instanceKlass com/google/gson/TypeAdapter
instanceKlass com/google/gson/internal/Excluder
instanceKlass com/google/gson/TypeAdapterFactory
instanceKlass com/google/gson/FieldNamingStrategy
instanceKlass org/eclipse/debug/internal/core/commands/ForEachCommand$ExclusiveRule
instanceKlass com/google/gson/GsonBuilder
instanceKlass org/eclipse/debug/core/commands/AbstractDebugCommand
instanceKlass org/eclipse/debug/core/commands/IStepFiltersHandler
instanceKlass org/eclipse/debug/core/commands/IResumeHandler
instanceKlass org/eclipse/debug/core/commands/ISuspendHandler
instanceKlass com/google/common/base/Optional
instanceKlass org/eclipse/debug/core/commands/IDisconnectHandler
instanceKlass org/eclipse/debug/core/commands/IDropToFrameHandler
instanceKlass org/eclipse/debug/core/commands/IStepReturnHandler
instanceKlass org/eclipse/debug/core/commands/IStepIntoHandler
instanceKlass org/eclipse/debug/core/commands/IStepOverHandler
instanceKlass org/eclipse/debug/core/commands/ITerminateHandler
instanceKlass org/eclipse/debug/core/commands/IDebugCommandHandler
instanceKlass org/eclipse/debug/internal/core/commands/CommandAdapterFactory
instanceKlass org/eclipse/debug/core/DebugPlugin$1$1
instanceKlass com/google/common/io/ByteArrayDataOutput
instanceKlass com/google/common/io/ByteArrayDataInput
instanceKlass org/eclipse/debug/core/IDebugEventSetListener
instanceKlass org/eclipse/debug/core/ILaunchesListener
instanceKlass org/eclipse/debug/internal/core/DebugOptions
instanceKlass org/eclipse/debug/core/DebugPlugin$AsynchRunner
instanceKlass com/google/common/io/ByteStreams
instanceKlass org/eclipse/debug/core/DebugPlugin$EventNotifier
instanceKlass java/nio/channels/spi/AbstractInterruptibleChannel$1
instanceKlass org/eclipse/jdt/launching/IVMInstallChangedListener
instanceKlass sun/nio/ch/Interruptible
instanceKlass  @bci com/google/common/io/Closer <clinit> ()V 0 <appendix> argL0 ; # com/google/common/io/Closer$$Lambda+0x000001d2aa32b8d0
instanceKlass  @cpi com/google/common/io/Closer 180 form vmentry <vmtarget> ; # java/lang/invoke/LambdaForm$DMH+0x000001d2aa334400
instanceKlass  @cpi org/eclipse/lsp4j/jsonrpc/services/ServiceEndpoints 160 form vmentry <vmtarget> ; # java/lang/invoke/LambdaForm$DMH+0x000001d2aa334000
instanceKlass java/util/concurrent/Executors$DefaultThreadFactory
instanceKlass com/google/common/io/Closer$Suppressor
instanceKlass com/google/common/io/Closer
instanceKlass org/eclipse/jdt/ls/core/internal/ProjectUtils
instanceKlass org/eclipse/debug/core/IBreakpointManager
instanceKlass org/eclipse/debug/core/IMemoryBlockManager
instanceKlass com/google/common/io/CharSource
instanceKlass org/eclipse/debug/core/IExpressionManager
instanceKlass com/google/gson/JsonElement
instanceKlass org/eclipse/debug/core/model/IProcess
instanceKlass org/eclipse/debug/core/model/ITerminate
instanceKlass org/eclipse/jdt/ls/core/internal/managers/TelemetryManager
instanceKlass org/eclipse/debug/core/ILaunchManager
instanceKlass com/google/common/hash/PrimitiveSink
instanceKlass org/eclipse/debug/core/ILaunchConfigurationListener
instanceKlass com/google/common/io/Files$2
instanceKlass org/eclipse/core/runtime/jobs/ProgressProvider
instanceKlass org/eclipse/jdt/ls/core/internal/LanguageServerApplication
instanceKlass com/google/common/io/ByteSource
instanceKlass org/eclipse/equinox/app/IApplication
instanceKlass com/google/common/io/ByteSink
instanceKlass org/eclipse/debug/core/ILaunchConfiguration
instanceKlass org/eclipse/core/runtime/internal/adaptor/EclipseAppLauncher
instanceKlass com/google/common/io/LineProcessor
instanceKlass com/google/common/graph/SuccessorsFunction
instanceKlass org/eclipse/buildship/core/internal/launch/DefaultGradleLaunchConfigurationManager
instanceKlass com/google/common/io/Files
instanceKlass org/eclipse/buildship/core/internal/console/StdProcessStreamsProvider$1
instanceKlass org/eclipse/buildship/core/internal/console/ProcessStreams
instanceKlass org/eclipse/buildship/core/internal/console/StdProcessStreamsProvider
instanceKlass com/google/common/base/Charsets
instanceKlass org/eclipse/buildship/core/internal/workspace/InternalGradleBuild
instanceKlass org/eclipse/buildship/core/internal/workspace/DefaultGradleWorkspace
instanceKlass com/google/gson/reflect/TypeToken
instanceKlass org/eclipse/buildship/core/internal/event/Event
instanceKlass org/eclipse/buildship/core/internal/util/gradle/PublishedGradleVersions
instanceKlass org/eclipse/buildship/core/internal/workspace/DefaultWorkspaceOperations
instanceKlass java/util/concurrent/ForkJoinTask$Aux
instanceKlass  @bci org/springframework/tooling/jdt/ls/extension/JdtLsExtensionPlugin start (Lorg/osgi/framework/BundleContext;)V 24 <appendix> member <vmtarget> ; # org/springframework/tooling/jdt/ls/extension/JdtLsExtensionPlugin$$Lambda+0x000001d2aa32c000
instanceKlass org/eclipse/buildship/core/internal/util/gradle/PublishedGradleVersionsWrapper$LoadVersionsJob$1
instanceKlass org/springframework/tooling/jdt/ls/extension/JdtLsExtensionPlugin$1
instanceKlass java/util/concurrent/ForkJoinTask
instanceKlass java/util/concurrent/CompletableFuture$AsynchronousCompletionTask
instanceKlass java/util/concurrent/CompletableFuture$AltResult
instanceKlass org/eclipse/buildship/core/internal/util/logging/EclipseLogger
instanceKlass java/util/concurrent/CompletableFuture
instanceKlass org/springframework/tooling/jdt/ls/commons/Logger$1
instanceKlass com/google/common/base/Converter
instanceKlass com/google/common/collect/Maps$EntryTransformer
instanceKlass com/google/common/collect/ImmutableMap
instanceKlass com/google/common/collect/BiMap
instanceKlass com/google/common/collect/UnmodifiableIterator
instanceKlass com/google/common/collect/SortedMapDifference
instanceKlass com/google/common/collect/MapDifference
instanceKlass sun/util/cldr/CLDRBaseLocaleDataMetaInfo$TZCanonicalIDMapHolder
instanceKlass com/google/common/collect/Maps
instanceKlass sun/util/resources/provider/NonBaseLocaleDataMetaInfo
instanceKlass  @bci sun/util/locale/provider/JRELocaleProviderAdapter createSupportedLocaleString (Ljava/lang/String;)Ljava/lang/String; 6 <appendix> member <vmtarget> ; # sun/util/locale/provider/JRELocaleProviderAdapter$$Lambda+0x000001d2aa2e1330
instanceKlass org/eclipse/buildship/core/internal/util/gradle/PublishedGradleVersionsWrapper
instanceKlass sun/util/locale/provider/BaseLocaleDataMetaInfo
instanceKlass  @bci sun/util/locale/provider/JRELocaleProviderAdapter getTimeZoneNameProvider ()Ljava/util/spi/TimeZoneNameProvider; 8 <appendix> member <vmtarget> ; # sun/util/locale/provider/JRELocaleProviderAdapter$$Lambda+0x000001d2aa2e0ed0
instanceKlass org/eclipse/buildship/core/internal/Logger
instanceKlass org/eclipse/buildship/core/internal/preferences/ModelPersistence
instanceKlass org/eclipse/buildship/core/internal/launch/GradleLaunchConfigurationManager
instanceKlass org/eclipse/buildship/core/GradleBuild
instanceKlass org/eclipse/buildship/core/internal/launch/ExternalLaunchConfigurationManager
instanceKlass org/eclipse/buildship/core/internal/console/ProcessStreamsProvider
instanceKlass org/eclipse/buildship/core/internal/workspace/InternalGradleWorkspace
instanceKlass org/eclipse/buildship/core/GradleWorkspace
instanceKlass  @bci sun/util/cldr/CLDRLocaleProviderAdapter getTimeZoneNameProvider ()Ljava/util/spi/TimeZoneNameProvider; 8 <appendix> member <vmtarget> ; # sun/util/cldr/CLDRLocaleProviderAdapter$$Lambda+0x000001d2aa2e0858
instanceKlass org/eclipse/buildship/core/internal/event/ListenerRegistry
instanceKlass sun/util/locale/provider/TimeZoneNameUtility$TimeZoneNameGetter
instanceKlass org/eclipse/buildship/core/internal/workspace/WorkspaceOperations
instanceKlass sun/util/locale/provider/TimeZoneNameUtility
instanceKlass org/eclipse/buildship/core/internal/extension/ExtensionManager
instanceKlass java/io/PrintWriter$1
instanceKlass jdk/internal/access/JavaIOPrintWriterAccess
instanceKlass org/eclipse/buildship/core/internal/operation/ToolingApiOperationManager
instanceKlass org/eclipse/buildship/core/internal/configuration/ConfigurationManager
instanceKlass org/springframework/tooling/jdt/ls/commons/Logger$DefaultLogger
instanceKlass org/eclipse/buildship/core/invocation/InvocationCustomizer
instanceKlass java/util/concurrent/locks/ReentrantReadWriteLock$Sync$HoldCounter
instanceKlass org/springframework/tooling/jdt/ls/commons/Logger
instanceKlass org/eclipse/buildship/core/internal/TraceScope
instanceKlass  @bci org/springframework/tooling/jdt/ls/extension/JdtLsExtensionPlugin start (Lorg/osgi/framework/BundleContext;)V 9 <appendix> argL0 ; # org/springframework/tooling/jdt/ls/extension/JdtLsExtensionPlugin$$Lambda+0x000001d2aa323258
instanceKlass org/eclipse/jdt/ls/core/internal/handlers/BundleUtils
instanceKlass org/eclipse/equinox/internal/security/storage/SecurePreferencesWrapper
instanceKlass org/eclipse/equinox/security/storage/ISecurePreferences
instanceKlass org/eclipse/equinox/internal/security/storage/SecurePreferencesContainer
instanceKlass  @bci org/eclipse/equinox/internal/security/storage/SecurePreferencesRoot load ()V 241 <appendix> member <vmtarget> ; # org/eclipse/equinox/internal/security/storage/SecurePreferencesRoot$$Lambda+0x000001d2aa3212c8
instanceKlass javax/crypto/spec/PBEKeySpec
instanceKlass org/eclipse/equinox/internal/security/storage/PasswordExt
instanceKlass org/eclipse/equinox/internal/security/storage/JavaEncryption
instanceKlass org/eclipse/equinox/security/storage/provider/IPreferencesContainer
instanceKlass org/eclipse/equinox/internal/security/storage/SecurePreferences
instanceKlass org/eclipse/equinox/internal/security/storage/friends/IStorageConstants
instanceKlass org/eclipse/equinox/internal/security/storage/StorageUtils
instanceKlass org/eclipse/equinox/internal/security/storage/SecurePreferencesMapper
instanceKlass org/eclipse/equinox/security/storage/SecurePreferencesFactory
instanceKlass com/sun/jna/Function$PostCallRead
instanceKlass com/sun/jna/NativeString
instanceKlass com/sun/jna/Library$Handler$FunctionInfo
instanceKlass com/sun/jna/internal/ReflectionUtils
instanceKlass com/sun/jna/Native$3
instanceKlass com/sun/jna/Library$Handler
instanceKlass com/sun/jna/win32/W32APIFunctionMapper
instanceKlass com/sun/jna/FunctionMapper
instanceKlass com/sun/jna/win32/W32APIOptions
instanceKlass org/eclipse/core/net/internal/proxy/win32/ProxyProviderWin32$WinHttp
instanceKlass com/sun/jna/win32/StdCallLibrary
instanceKlass com/sun/jna/win32/StdCall
instanceKlass com/sun/jna/AltCallingConvention
instanceKlass org/eclipse/core/internal/net/ProxyData
instanceKlass org/eclipse/equinox/internal/security/auth/AuthPlugin
instanceKlass org/eclipse/core/internal/net/ProxyType
instanceKlass org/eclipse/core/net/proxy/IProxyChangeEvent
instanceKlass org/eclipse/core/internal/net/AbstractProxyProvider
instanceKlass org/eclipse/core/internal/net/ProxyManager
instanceKlass org/eclipse/core/net/proxy/IProxyService
instanceKlass  @bci org/eclipse/core/internal/net/Policy <clinit> ()V 8 <appendix> argL0 ; # org/eclipse/core/internal/net/Policy$$Lambda+0x000001d2aa318c98
instanceKlass org/eclipse/core/internal/net/Policy
instanceKlass org/eclipse/core/net/proxy/IProxyData
instanceKlass org/eclipse/core/internal/net/PreferenceManager
instanceKlass org/eclipse/core/internal/net/Activator
instanceKlass org/eclipse/core/internal/net/ProxySelector
instanceKlass java/text/DontCareFieldPosition$1
instanceKlass java/text/Format$FieldDelegate
instanceKlass org/eclipse/osgi/framework/log/FrameworkLogEntry
instanceKlass org/eclipse/jdt/ls/core/internal/DiagnosticsState
instanceKlass org/eclipse/jdt/ls/core/internal/managers/ContentProviderManager
instanceKlass org/eclipse/jdt/ls/core/internal/managers/DigestStore
instanceKlass org/eclipse/jdt/ls/core/internal/preferences/IPreferencesChangeListener
instanceKlass org/eclipse/jdt/ls/core/internal/framework/IFrameworkSupport
instanceKlass  @bci org/eclipse/core/internal/preferences/EclipsePreferences firePreferenceEvent (Ljava/lang/String;Ljava/lang/Object;Ljava/lang/Object;)V 41 <appendix> member <vmtarget> ; # org/eclipse/core/internal/preferences/EclipsePreferences$$Lambda+0x000001d2aa166d60
instanceKlass org/eclipse/text/templates/TemplateStoreCore
instanceKlass com/sun/org/apache/xml/internal/serializer/WriterChain
instanceKlass com/sun/org/apache/xalan/internal/xsltc/trax/DOM2TO
instanceKlass javax/xml/transform/stax/StAXSource
instanceKlass javax/xml/transform/sax/SAXSource
instanceKlass javax/xml/transform/stream/StreamSource
instanceKlass com/sun/org/apache/xml/internal/serializer/NamespaceMappings$MappingRecord
instanceKlass com/sun/org/apache/xml/internal/serializer/NamespaceMappings
instanceKlass sun/nio/cs/DelegatableDecoder
instanceKlass java/nio/charset/Charset$1
instanceKlass java/nio/charset/Charset$2
instanceKlass java/nio/charset/Charset$ThreadTrackHolder
instanceKlass java/nio/charset/Charset$ExtendedProviderHolder$1
instanceKlass java/nio/charset/Charset$ExtendedProviderHolder
instanceKlass  @bci jdk/xml/internal/SecuritySupport getResourceAsStream (Ljava/lang/String;)Ljava/io/InputStream; 1 <appendix> member <vmtarget> ; # jdk/xml/internal/SecuritySupport$$Lambda+0x000001d2aa2d9ce0
instanceKlass com/sun/org/apache/xml/internal/serializer/Encodings$EncodingInfos
instanceKlass com/sun/org/apache/xml/internal/serializer/Encodings
instanceKlass com/sun/org/apache/xml/internal/serializer/ToStream$CharacterBuffer
instanceKlass com/sun/org/apache/xml/internal/serializer/EncodingInfo
instanceKlass com/sun/org/apache/xml/internal/serializer/ToStream$BoolStack
instanceKlass com/sun/org/apache/xml/internal/serializer/ElemContext
instanceKlass org/xml/sax/helpers/AttributesImpl
instanceKlass com/sun/org/apache/xml/internal/serializer/CharInfo$CharKey
instanceKlass sun/util/ResourceBundleEnumeration
instanceKlass com/sun/org/apache/xml/internal/serializer/CharInfo
instanceKlass com/sun/org/apache/xml/internal/serializer/SerializerBase
instanceKlass com/sun/org/apache/xml/internal/serializer/SerializerConstants
instanceKlass com/sun/org/apache/xml/internal/serializer/SerializationHandler
instanceKlass com/sun/org/apache/xml/internal/serializer/Serializer
instanceKlass com/sun/org/apache/xml/internal/serializer/DOMSerializer
instanceKlass org/xml/sax/ext/DeclHandler
instanceKlass com/sun/org/apache/xml/internal/serializer/XSLOutputAttributes
instanceKlass com/sun/org/apache/xml/internal/serializer/ExtendedLexicalHandler
instanceKlass org/xml/sax/ext/LexicalHandler
instanceKlass com/sun/org/apache/xml/internal/serializer/ExtendedContentHandler
instanceKlass javax/xml/transform/dom/DOMResult
instanceKlass javax/xml/transform/stax/StAXResult
instanceKlass javax/xml/transform/sax/SAXResult
instanceKlass com/sun/org/apache/xalan/internal/xsltc/runtime/output/TransletOutputHandlerFactory
instanceKlass javax/xml/transform/dom/DOMSource
instanceKlass com/sun/org/apache/xml/internal/utils/XMLReaderManager
instanceKlass com/sun/org/apache/xml/internal/serializer/OutputPropertiesFactory
instanceKlass javax/xml/transform/Transformer
instanceKlass com/sun/org/apache/xalan/internal/xsltc/DOMCache
instanceKlass  @bci javax/xml/catalog/CatalogFeatures setProperties (Ljavax/xml/catalog/CatalogFeatures$Builder;)V 5 <appendix> member <vmtarget> ; # javax/xml/catalog/CatalogFeatures$$Lambda+0x000001d2aa2d33f0
instanceKlass javax/xml/catalog/CatalogMessages
instanceKlass javax/xml/catalog/Util
instanceKlass  @bci javax/xml/transform/FactoryFinder newInstance (Ljava/lang/Class;Ljava/lang/String;Ljava/lang/ClassLoader;Z)Ljava/lang/Object; 107 <appendix> member <vmtarget> ; # javax/xml/transform/FactoryFinder$$Lambda+0x000001d2aa2d29c8
instanceKlass jdk/xml/internal/JdkProperty
instanceKlass jdk/xml/internal/XMLSecurityManager
instanceKlass com/sun/org/apache/xalan/internal/utils/FeaturePropertyBase
instanceKlass jdk/xml/internal/JdkXmlFeatures
instanceKlass javax/xml/catalog/CatalogFeatures$Builder
instanceKlass javax/xml/catalog/CatalogFeatures
instanceKlass jdk/xml/internal/TransformErrorListener
instanceKlass javax/xml/transform/ErrorListener
instanceKlass com/sun/org/apache/xalan/internal/xsltc/compiler/SourceLoader
instanceKlass  @bci javax/xml/transform/FactoryFinder find (Ljava/lang/Class;Ljava/lang/String;)Ljava/lang/Object; 123 <appendix> member <vmtarget> ; # javax/xml/transform/FactoryFinder$$Lambda+0x000001d2aa2cf038
instanceKlass javax/xml/transform/FactoryFinder$1
instanceKlass  @bci javax/xml/transform/FactoryFinder find (Ljava/lang/Class;Ljava/lang/String;)Ljava/lang/Object; 24 <appendix> member <vmtarget> ; # javax/xml/transform/FactoryFinder$$Lambda+0x000001d2aa2cec00
instanceKlass javax/xml/transform/FactoryFinder
instanceKlass javax/xml/transform/TransformerFactory
instanceKlass javax/xml/transform/stream/StreamResult
instanceKlass org/eclipse/text/templates/TemplateReaderWriter
instanceKlass  @bci java/util/stream/Collectors toList ()Ljava/util/stream/Collector; 14 <appendix> argL0 ; # java/util/stream/Collectors$$Lambda+0x000001d2aa2ce0a8
instanceKlass  @bci java/util/stream/Collectors toList ()Ljava/util/stream/Collector; 9 <appendix> argL0 ; # java/util/stream/Collectors$$Lambda+0x000001d2aa2cde88
instanceKlass  @bci java/util/stream/Collectors toList ()Ljava/util/stream/Collector; 4 <appendix> argL0 ; # java/util/stream/Collectors$$Lambda+0x000001d2aa2cdc78
instanceKlass  @bci org/eclipse/jdt/ls/core/internal/preferences/PreferenceManager reloadTemplateStore ()V 24 <appendix> argL0 ; # org/eclipse/jdt/ls/core/internal/preferences/PreferenceManager$$Lambda+0x000001d2aa302f20
instanceKlass org/eclipse/text/templates/TemplatePersistenceData
instanceKlass org/eclipse/jface/text/templates/Template
instanceKlass java/util/ResourceBundle$Control$2
instanceKlass  @bci java/util/stream/ReferencePipeline toArray ()[Ljava/lang/Object; 1 <appendix> argL0 ; # java/util/stream/ReferencePipeline$$Lambda+0x000001d2aa2cd488
instanceKlass java/util/ImmutableCollections$Access$1
instanceKlass jdk/internal/access/JavaUtilCollectionAccess
instanceKlass java/util/ImmutableCollections$Access
instanceKlass  @bci java/util/ResourceBundle$ResourceBundleControlProviderHolder lambda$static$0 ()Ljava/util/List; 11 <appendix> argL0 ; # java/util/ResourceBundle$ResourceBundleControlProviderHolder$$Lambda+0x000001d2aa2ccc48
instanceKlass java/util/ServiceLoader$ProviderSpliterator
instanceKlass java/util/spi/ResourceBundleControlProvider
instanceKlass  @bci java/util/ResourceBundle$ResourceBundleControlProviderHolder <clinit> ()V 0 <appendix> argL0 ; # java/util/ResourceBundle$ResourceBundleControlProviderHolder$$Lambda+0x000001d2aa2cc5b8
instanceKlass java/util/ResourceBundle$ResourceBundleControlProviderHolder
instanceKlass org/eclipse/jface/text/templates/TextTemplateMessages
instanceKlass org/eclipse/jface/text/IRegion
instanceKlass org/eclipse/jdt/ls/core/internal/handlers/FormatterHandler
instanceKlass sun/nio/fs/WindowsPath$1
instanceKlass org/apache/commons/lang3/text/StrTokenizer
instanceKlass org/apache/commons/lang3/text/StrBuilder
instanceKlass org/apache/commons/lang3/builder/Builder
instanceKlass  @bci java/util/regex/CharPredicates forUnicodeBlock (Ljava/lang/String;)Ljava/util/regex/Pattern$CharPredicate; 6 <appendix> member <vmtarget> ; # java/util/regex/CharPredicates$$Lambda+0x000001d2aa2cbd20
instanceKlass java/lang/Character$Subset
instanceKlass org/apache/commons/lang3/StringUtils
instanceKlass java/util/DualPivotQuicksort
instanceKlass org/apache/commons/lang3/ArraySorter
instanceKlass org/apache/commons/lang3/text/StrMatcher
instanceKlass org/apache/commons/lang3/text/StrSubstitutor
instanceKlass org/apache/commons/lang3/text/StrLookup
instanceKlass org/eclipse/jdt/ls/core/internal/ResourceUtils
instanceKlass org/eclipse/jdt/ls/core/internal/preferences/Preferences$ReferencedLibraries
instanceKlass java/util/UUID$Holder
instanceKlass org/eclipse/jdt/ls/core/internal/preferences/Preferences
instanceKlass org/eclipse/jface/text/templates/TemplateContextType
instanceKlass org/eclipse/jface/text/templates/TemplateVariableResolver
instanceKlass java/lang/ProcessEnvironment$CheckedEntry
instanceKlass java/lang/ProcessEnvironment$CheckedEntrySet$1
instanceKlass java/lang/ProcessEnvironment$EntryComparator
instanceKlass java/lang/ProcessEnvironment$NameComparator
instanceKlass org/eclipse/jdt/ls/core/internal/Environment
instanceKlass org/eclipse/jdt/ls/core/internal/JDTEnvironmentUtils
instanceKlass org/eclipse/jdt/ls/core/internal/handlers/LogHandler$1
instanceKlass  @bci sun/util/locale/provider/JRELocaleProviderAdapter getDateFormatProvider ()Ljava/text/spi/DateFormatProvider; 8 <appendix> member <vmtarget> ; # sun/util/locale/provider/JRELocaleProviderAdapter$$Lambda+0x800000064
instanceKlass org/eclipse/jdt/ls/core/internal/handlers/DefaultLogFilter
instanceKlass org/eclipse/core/runtime/ILogListener
instanceKlass org/eclipse/jdt/ls/core/internal/handlers/LogHandler
instanceKlass org/eclipse/jdt/internal/core/manipulation/MembersOrderPreferenceCacheCommon
instanceKlass org/eclipse/jdt/core/manipulation/JavaManipulation
instanceKlass org/eclipse/jdt/internal/core/JavaModelManager$21$1
instanceKlass  @bci org/eclipse/jdt/internal/core/search/processing/JobManager reset ()V 38 <appendix> member <vmtarget> ; # org/eclipse/jdt/internal/core/search/processing/JobManager$$Lambda+0x000001d2aa2bd768
instanceKlass org/eclipse/jdt/internal/core/ExternalAnnotationTracker$DirectoryNode
instanceKlass org/eclipse/jdt/internal/core/ExternalAnnotationTracker
instanceKlass org/eclipse/jdt/internal/core/ClasspathAttribute
instanceKlass org/eclipse/jdt/internal/core/DeltaProcessor$RootInfo
instanceKlass org/eclipse/jdt/internal/core/JavaProject$ResolvedClasspath
instanceKlass org/eclipse/jdt/internal/core/ClasspathChange
instanceKlass  @bci jdk/xml/internal/SecuritySupport getResourceBundle (Ljava/lang/String;Ljava/util/Locale;)Ljava/util/ResourceBundle; 2 <appendix> member <vmtarget> ; # jdk/xml/internal/SecuritySupport$$Lambda+0x000001d2aa2c9d88
instanceKlass com/sun/org/apache/xerces/internal/dom/DOMMessageFormatter
instanceKlass org/eclipse/jdt/internal/core/ClasspathEntry
instanceKlass org/w3c/dom/Attr
instanceKlass com/sun/org/apache/xerces/internal/dom/NamedNodeMapImpl
instanceKlass org/w3c/dom/NamedNodeMap
instanceKlass com/sun/org/apache/xerces/internal/dom/CharacterDataImpl$1
instanceKlass org/w3c/dom/Text
instanceKlass org/w3c/dom/CharacterData
instanceKlass com/sun/org/apache/xerces/internal/dom/DeepNodeListImpl
instanceKlass com/sun/org/apache/xerces/internal/dom/DeferredDocumentImpl$RefCount
instanceKlass com/sun/org/apache/xerces/internal/dom/NodeListCache
instanceKlass org/w3c/dom/TypeInfo
instanceKlass org/w3c/dom/ElementTraversal
instanceKlass org/w3c/dom/Element
instanceKlass org/w3c/dom/DocumentType
instanceKlass com/sun/org/apache/xerces/internal/dom/NodeImpl
instanceKlass org/w3c/dom/events/EventTarget
instanceKlass org/w3c/dom/NodeList
instanceKlass org/w3c/dom/Document
instanceKlass org/w3c/dom/ranges/DocumentRange
instanceKlass org/w3c/dom/events/DocumentEvent
instanceKlass org/w3c/dom/traversal/DocumentTraversal
instanceKlass com/sun/org/apache/xerces/internal/dom/DeferredNode
instanceKlass sun/nio/ch/Util$BufferCache
instanceKlass sun/nio/ch/Util
instanceKlass sun/nio/ch/IOStatus
instanceKlass java/nio/channels/NetworkChannel
instanceKlass sun/nio/ch/SelChImpl
instanceKlass sun/nio/ch/Streams
instanceKlass java/nio/channels/Channels
instanceKlass sun/nio/fs/WindowsSecurityDescriptor
instanceKlass org/eclipse/jdt/internal/core/util/Util
instanceKlass org/eclipse/jdt/internal/core/JavaModelManager$SecondaryTypes
instanceKlass org/eclipse/jdt/core/eval/IEvaluationContext
instanceKlass org/eclipse/jdt/internal/core/JavaModelManager$PerProjectInfo
instanceKlass org/eclipse/jdt/internal/compiler/env/IModulePathEntry
instanceKlass org/eclipse/jdt/core/IJavaModelStatusConstants
# instanceKlass java/lang/invoke/LambdaForm$MH+0x000001d2aa2b5400
# instanceKlass java/lang/invoke/LambdaForm$MH+0x000001d2aa2b5000
instanceKlass org/eclipse/jdt/internal/compiler/CompilationResult
instanceKlass lombok/eclipse/agent/PatchDelegate$BindingTuple
instanceKlass org/eclipse/jdt/internal/compiler/ast/Invocation
instanceKlass org/eclipse/jdt/internal/compiler/ast/IPolyExpression
instanceKlass lombok/eclipse/agent/PatchDelegate
instanceKlass lombok/eclipse/agent/PatchDelegatePortal
instanceKlass lombok/core/LombokNode
instanceKlass lombok/core/DiagnosticsReceiver
instanceKlass lombok/launch/PatchFixesHider$Util
instanceKlass lombok/launch/PatchFixesHider$Delegate
instanceKlass org/eclipse/jdt/internal/core/DeltaProcessingState$RootInfos
instanceKlass org/eclipse/jdt/internal/core/JavaModelManager$20
instanceKlass org/eclipse/jdt/internal/core/JavaModelManager$19
instanceKlass org/eclipse/jdt/internal/core/JavaModelManager$14
instanceKlass org/eclipse/jdt/internal/core/JavaModelManager$13
instanceKlass org/eclipse/jdt/internal/formatter/DefaultCodeFormatterOptions
instanceKlass org/eclipse/jdt/core/formatter/DefaultCodeFormatterConstants
instanceKlass org/eclipse/jdt/internal/compiler/util/Util
instanceKlass org/eclipse/jdt/internal/compiler/impl/IrritantSet
instanceKlass org/eclipse/jdt/internal/core/util/ICacheEnumeration
instanceKlass org/eclipse/jdt/internal/formatter/TokenTraverser
instanceKlass org/eclipse/text/edits/TextEdit
instanceKlass org/eclipse/jdt/core/formatter/CodeFormatter
instanceKlass lombok/patcher/scripts/WrapperMethodDescriptor
instanceKlass lombok/patcher/scripts/SetSymbolDuringMethodCallScript$1
instanceKlass org/eclipse/jdt/core/SourceRange
instanceKlass org/eclipse/jdt/internal/compiler/util/JRTUtil$JrtFileVisitor
instanceKlass org/eclipse/jdt/core/IOrdinaryClassFile
instanceKlass org/eclipse/jdt/internal/core/util/ReferenceInfoAdapter
instanceKlass org/eclipse/jdt/internal/compiler/ISourceElementRequestor
instanceKlass org/eclipse/jdt/internal/compiler/env/ISourceType
instanceKlass org/eclipse/jdt/internal/compiler/env/IGenericType
instanceKlass org/eclipse/jdt/core/search/TypeNameMatchRequestor
instanceKlass org/eclipse/jdt/internal/compiler/problem/ProblemHandler
instanceKlass org/eclipse/jdt/core/search/IJavaSearchScope
instanceKlass org/eclipse/jdt/core/search/MethodNameMatch
instanceKlass org/eclipse/jdt/internal/compiler/ASTVisitor
instanceKlass org/eclipse/jdt/core/search/TypeNameMatch
instanceKlass org/eclipse/jdt/internal/core/search/IndexQueryRequestor
instanceKlass org/eclipse/jdt/core/search/SearchPattern
instanceKlass org/eclipse/jdt/core/search/IParallelizable
instanceKlass org/eclipse/jdt/core/search/SearchParticipant
instanceKlass org/eclipse/jdt/internal/core/search/BasicSearchEngine
instanceKlass org/eclipse/jdt/core/ITypeParameter
instanceKlass org/eclipse/jdt/core/ISourceRange
instanceKlass org/eclipse/jdt/core/IAnnotation
instanceKlass org/eclipse/jdt/internal/core/AbstractModule
instanceKlass org/eclipse/jdt/core/IModuleDescription
instanceKlass org/eclipse/jdt/internal/core/NameLookup
instanceKlass org/eclipse/jface/text/IDocument
instanceKlass org/eclipse/jdt/internal/core/JavaModelCache$1
instanceKlass org/eclipse/jdt/internal/compiler/env/IBinaryInfo
instanceKlass org/eclipse/jdt/internal/core/JavaModelCache
instanceKlass org/eclipse/jdt/core/IType
instanceKlass org/eclipse/jdt/core/IAnnotatable
instanceKlass org/eclipse/jdt/core/IMember
instanceKlass org/eclipse/jdt/internal/core/hierarchy/HierarchyBuilder
instanceKlass org/eclipse/jdt/internal/core/hierarchy/TypeHierarchy
instanceKlass org/eclipse/jdt/core/ITypeHierarchy
instanceKlass org/eclipse/jdt/core/dom/ASTNode
instanceKlass org/eclipse/jdt/core/dom/StructuralPropertyDescriptor
instanceKlass org/eclipse/jdt/internal/core/dom/rewrite/RewriteEvent
instanceKlass org/eclipse/jdt/internal/core/dom/rewrite/RewriteEventStore
instanceKlass org/eclipse/jdt/core/dom/ASTVisitor
instanceKlass org/eclipse/jdt/internal/core/DeltaProcessor
instanceKlass org/eclipse/jdt/internal/codeassist/CompletionEngine$1
instanceKlass  @bci org/eclipse/jdt/internal/compiler/lookup/ReferenceBinding <clinit> ()V 46 <appendix> argL0 ; # org/eclipse/jdt/internal/compiler/lookup/ReferenceBinding$$Lambda+0x000001d2aa28b480
instanceKlass org/eclipse/jdt/internal/compiler/lookup/ParameterNonNullDefaultProvider
instanceKlass org/eclipse/jdt/internal/compiler/lookup/ReferenceBinding$3
instanceKlass org/eclipse/jdt/internal/compiler/lookup/ReferenceBinding$2
instanceKlass org/eclipse/jdt/internal/compiler/lookup/ReductionResult
instanceKlass org/eclipse/jdt/internal/compiler/lookup/ElementValuePair
instanceKlass org/eclipse/jdt/internal/compiler/lookup/AnnotationBinding
instanceKlass org/eclipse/jdt/internal/compiler/env/IUpdatableModule
instanceKlass org/eclipse/jdt/internal/compiler/lookup/TypeBindingVisitor
instanceKlass org/eclipse/jdt/internal/compiler/parser/ScannerHelper
instanceKlass org/eclipse/jdt/core/Signature
instanceKlass org/eclipse/jdt/internal/compiler/lookup/TypeConstants$CloseMethodRecord
instanceKlass org/eclipse/jdt/internal/core/INamingRequestor
instanceKlass org/eclipse/jdt/internal/compiler/lookup/Substitution
instanceKlass org/eclipse/jdt/internal/core/IJavaElementRequestor
instanceKlass org/eclipse/jdt/core/search/SearchRequestor
instanceKlass org/eclipse/jdt/internal/codeassist/UnresolvedReferenceNameFinder$UnresolvedReferenceNameRequestor
instanceKlass org/eclipse/jdt/core/CompletionRequestor
instanceKlass org/eclipse/core/internal/jobs/JobQueue$2
instanceKlass lombok/patcher/scripts/ReplaceMethodCallScript$1
instanceKlass org/eclipse/jdt/internal/codeassist/MissingTypesGuesser$GuessedTypeRequestor
instanceKlass org/eclipse/jdt/internal/compiler/lookup/Binding
instanceKlass org/eclipse/jdt/internal/codeassist/complete/CompletionNode
instanceKlass org/eclipse/jdt/core/CompletionProposal
instanceKlass org/eclipse/jdt/internal/compiler/lookup/Scope
instanceKlass org/eclipse/jdt/core/compiler/IProblem
instanceKlass org/eclipse/jdt/core/CompletionContext
instanceKlass org/eclipse/jdt/internal/compiler/env/INameEnvironment
instanceKlass org/eclipse/jdt/internal/compiler/lookup/InvocationSite
instanceKlass org/eclipse/jdt/internal/compiler/ast/ASTNode
instanceKlass org/eclipse/jdt/internal/codeassist/impl/Engine
instanceKlass org/eclipse/jdt/internal/codeassist/RelevanceConstants
instanceKlass org/eclipse/jdt/internal/compiler/lookup/TypeConstants
instanceKlass org/eclipse/jdt/internal/codeassist/ISearchRequestor
instanceKlass org/eclipse/jdt/internal/compiler/impl/ReferenceContext
instanceKlass org/eclipse/jdt/internal/compiler/ICompilerRequestor
instanceKlass org/eclipse/jdt/internal/compiler/Compiler
instanceKlass org/eclipse/jdt/internal/compiler/problem/ProblemSeverities
instanceKlass org/eclipse/jdt/internal/compiler/impl/ITypeRequestor
instanceKlass org/eclipse/jdt/internal/core/builder/ClasspathLocation
instanceKlass org/eclipse/jdt/core/IBuffer
instanceKlass org/eclipse/jdt/core/IBufferFactory
instanceKlass org/eclipse/jdt/internal/core/BufferManager
instanceKlass org/eclipse/jdt/internal/core/JavaModelManager$8
instanceKlass  @bci org/eclipse/jdt/internal/core/JavaModelManager <clinit> ()V 139 <appendix> argL0 ; # org/eclipse/jdt/internal/core/JavaModelManager$$Lambda+0x000001d2aa263ae0
instanceKlass  @bci org/eclipse/jdt/internal/core/search/indexing/IndexNamesRegistry <init> (Ljava/io/File;Lorg/eclipse/core/runtime/IPath;)V 24 <appendix> member <vmtarget> ; # org/eclipse/jdt/internal/core/search/indexing/IndexNamesRegistry$$Lambda+0x000001d2aa2638c8
instanceKlass org/eclipse/jdt/internal/core/search/indexing/IndexNamesRegistry
instanceKlass org/eclipse/jdt/internal/compiler/util/SimpleLookupTable
instanceKlass org/eclipse/jdt/internal/compiler/parser/Parser
instanceKlass org/eclipse/jdt/internal/compiler/lookup/TypeIds
instanceKlass org/eclipse/jdt/internal/compiler/ast/OperatorIds
instanceKlass org/eclipse/jdt/internal/compiler/parser/ConflictedParser
instanceKlass org/eclipse/jdt/internal/compiler/parser/ParserBasicInformation
instanceKlass org/eclipse/jdt/internal/compiler/parser/TerminalTokens
instanceKlass org/eclipse/jdt/internal/compiler/IProblemFactory
instanceKlass org/eclipse/jdt/internal/core/index/IndexLocation
instanceKlass org/eclipse/jdt/internal/core/search/indexing/IndexRequest
instanceKlass org/eclipse/jdt/internal/core/search/processing/JobManager
instanceKlass org/eclipse/jdt/internal/core/search/indexing/IIndexConstants
instanceKlass  @bci org/eclipse/jdt/internal/core/JavaModelManager <init> ()V 404 <appendix> argL0 ; # org/eclipse/jdt/internal/core/JavaModelManager$$Lambda+0x000001d2aa260230
instanceKlass org/eclipse/jdt/internal/core/JavaModelManager$3
instanceKlass org/eclipse/jdt/internal/core/JavaModelManager$2
instanceKlass org/eclipse/jdt/internal/core/JavaModelManager$EclipsePreferencesListener
instanceKlass org/eclipse/jdt/core/IElementChangedListener
instanceKlass  @bci org/eclipse/core/internal/jobs/JobManager wakeUp (Lorg/eclipse/core/internal/jobs/InternalJob;J)V 23 <appendix> member <vmtarget> ; # org/eclipse/core/internal/jobs/JobManager$$Lambda+0x000001d2aa1a1380
instanceKlass org/eclipse/jdt/internal/core/DeltaProcessingState
instanceKlass org/eclipse/jdt/internal/core/ExternalFoldersManager
instanceKlass org/eclipse/jdt/internal/core/util/Util$Comparer
instanceKlass org/eclipse/jdt/internal/core/JavaModelManager$CompilationParticipants
instanceKlass org/eclipse/jdt/internal/core/BatchInitializationMonitor
instanceKlass org/eclipse/jdt/internal/core/JavaModelOperation
instanceKlass org/eclipse/jdt/internal/codeassist/ISelectionRequestor
instanceKlass org/eclipse/jdt/internal/core/JavaElementInfo
instanceKlass org/eclipse/jdt/core/IJavaModelStatus
instanceKlass org/eclipse/jdt/internal/compiler/env/IElementInfo
instanceKlass org/eclipse/jdt/internal/core/JavaModelManager$1
instanceKlass org/eclipse/jdt/internal/core/search/IRestrictedAccessTypeRequestor
instanceKlass org/eclipse/jdt/internal/core/util/LRUCache
instanceKlass org/eclipse/jdt/core/IPackageFragmentRoot
instanceKlass org/eclipse/jdt/core/IClassFile
instanceKlass org/eclipse/jdt/core/IPackageFragment
instanceKlass org/eclipse/jdt/core/IJavaElementDelta
instanceKlass org/eclipse/jdt/core/IBufferChangedListener
instanceKlass org/eclipse/jdt/internal/compiler/util/SuffixConstants
instanceKlass org/eclipse/jdt/internal/compiler/env/ICompilationUnit
instanceKlass org/eclipse/jdt/internal/compiler/env/IDependent
instanceKlass org/eclipse/jdt/core/ICompilationUnit
instanceKlass org/eclipse/jdt/core/ISourceManipulation
instanceKlass org/eclipse/jdt/core/ITypeRoot
instanceKlass org/eclipse/jdt/core/ICodeAssist
instanceKlass org/eclipse/jdt/core/ISourceReference
instanceKlass org/lombokweb/asm/Handle
instanceKlass org/eclipse/jdt/core/IAccessRule
instanceKlass org/eclipse/jdt/internal/core/search/processing/IJob
instanceKlass org/eclipse/jdt/internal/compiler/util/Util$Displayable
instanceKlass org/eclipse/jdt/core/IJavaProject
instanceKlass org/eclipse/jdt/core/IClasspathContainer
instanceKlass org/eclipse/jdt/internal/core/JavaModelManager
instanceKlass  @bci java/util/Comparator thenComparing (Ljava/util/Comparator;)Ljava/util/Comparator; 7 <appendix> member <vmtarget> ; # java/util/Comparator$$Lambda+0x000001d2aa1fb6c8
instanceKlass  @cpi java/util/Comparator 251 form vmentry <vmtarget> ; # java/lang/invoke/LambdaForm$DMH+0x000001d2aa252800
instanceKlass  @bci java/util/Comparator comparingDouble (Ljava/util/function/ToDoubleFunction;)Ljava/util/Comparator; 6 <appendix> member <vmtarget> ; # java/util/Comparator$$Lambda+0x000001d2aa1fb438
instanceKlass  @bci org/eclipse/jdt/core/JavaCore <clinit> ()V 193 <appendix> argL0 ; # org/eclipse/jdt/core/JavaCore$$Lambda+0x000001d2aa2509d0
instanceKlass  @cpi org/eclipse/jdt/core/JavaCore 2460 form vmentry <vmtarget> ; # java/lang/invoke/LambdaForm$DMH+0x000001d2aa252400
# instanceKlass java/lang/invoke/LambdaForm$DMH+0x000001d2aa252000
instanceKlass java/util/function/ToDoubleFunction
instanceKlass org/eclipse/jdt/core/compiler/CharOperation
instanceKlass org/eclipse/jdt/internal/compiler/impl/CompilerOptions
instanceKlass org/eclipse/jdt/core/IClasspathAttribute
instanceKlass org/eclipse/jdt/internal/compiler/env/IModule
instanceKlass org/eclipse/jdt/core/IWorkingCopy
instanceKlass org/eclipse/jdt/core/search/TypeNameRequestor
instanceKlass org/eclipse/jdt/core/IRegion
instanceKlass org/eclipse/jdt/core/IClasspathEntry
instanceKlass org/eclipse/jdt/core/IJavaModel
instanceKlass org/eclipse/jdt/core/IParent
instanceKlass org/eclipse/jdt/core/IOpenable
instanceKlass org/eclipse/jdt/core/IJavaElement
instanceKlass org/eclipse/core/resources/IWorkspaceRunnable
instanceKlass org/eclipse/core/internal/events/NodeIDMap
instanceKlass org/eclipse/core/internal/events/ResourceDeltaInfo
instanceKlass org/eclipse/core/internal/dtree/NodeComparison
instanceKlass org/eclipse/core/internal/events/ResourceComparator
instanceKlass org/eclipse/jdt/core/WorkingCopyOwner
instanceKlass org/eclipse/jdt/ls/core/internal/managers/ISourceDownloader
instanceKlass org/eclipse/core/internal/events/ResourceDeltaFactory
instanceKlass org/eclipse/text/templates/ContextTypeRegistry
instanceKlass org/eclipse/core/resources/IMarkerDelta
instanceKlass org/eclipse/jdt/ls/core/contentassist/ICompletionContributionService
instanceKlass java/nio/channels/AsynchronousByteChannel
instanceKlass java/nio/channels/AsynchronousChannel
instanceKlass java/net/SocketAddress
instanceKlass org/eclipse/jdt/ls/core/internal/syntaxserver/IExtendedProtocol
instanceKlass org/eclipse/jdt/ls/core/internal/lsp/JavaProtocolExtensions
instanceKlass org/eclipse/lsp4j/services/WorkspaceService
instanceKlass org/eclipse/lsp4j/services/TextDocumentService
instanceKlass org/eclipse/lsp4j/services/LanguageServer
instanceKlass org/eclipse/jdt/ls/core/internal/BaseJDTLanguageServer
instanceKlass java/net/Authenticator
instanceKlass org/eclipse/core/runtime/SubMonitor$RootInfo
instanceKlass org/eclipse/jdt/ls/core/internal/preferences/PreferenceManager
instanceKlass org/eclipse/core/resources/team/ResourceRuleFactory
instanceKlass org/eclipse/m2e/core/internal/repository/IRepositoryIndexer
instanceKlass org/eclipse/m2e/core/internal/repository/IRepositoryDiscoverer
instanceKlass org/apache/maven/wagon/authentication/AuthenticationInfo
instanceKlass org/eclipse/m2e/core/internal/repository/RepositoryInfo
instanceKlass org/eclipse/m2e/core/repository/IRepository
instanceKlass org/eclipse/m2e/core/internal/repository/RepositoryRegistry
instanceKlass org/eclipse/m2e/core/repository/IRepositoryRegistry
instanceKlass org/eclipse/m2e/core/internal/project/WorkspaceStateWriter
instanceKlass  @bci org/eclipse/core/internal/runtime/AdapterManager registerFactory (Lorg/eclipse/core/runtime/IAdapterFactory;Ljava/lang/String;)V 5 <appendix> argL0 ; # org/eclipse/core/internal/runtime/AdapterManager$$Lambda+0x000001d2aa1ac878
# instanceKlass java/lang/invoke/LambdaForm$MH+0x000001d2aa245400
instanceKlass org/eclipse/m2e/core/project/ResolverConfiguration
instanceKlass org/eclipse/m2e/core/project/configurator/ILifecycleMapping
instanceKlass org/eclipse/m2e/core/project/IProjectCreationListener
instanceKlass org/eclipse/m2e/core/project/ProjectImportConfiguration
instanceKlass org/eclipse/m2e/core/project/MavenProjectInfo
instanceKlass org/eclipse/aether/graph/DependencyNode
instanceKlass ch/qos/logback/classic/spi/EventArgUtil
instanceKlass ch/qos/logback/classic/spi/IThrowableProxy
instanceKlass ch/qos/logback/classic/spi/LoggingEvent
instanceKlass org/eclipse/m2e/core/internal/project/registry/MavenProjectManager
instanceKlass org/eclipse/m2e/core/project/IMavenProjectRegistry
instanceKlass javax/xml/transform/Source
instanceKlass javax/xml/transform/Result
instanceKlass org/w3c/dom/Node
instanceKlass org/eclipse/aether/graph/DependencyVisitor
instanceKlass org/eclipse/aether/graph/DependencyFilter
instanceKlass org/eclipse/aether/collection/DependencyGraphTransformer
instanceKlass org/eclipse/aether/util/graph/transformer/ConflictResolver$VersionSelector
instanceKlass org/eclipse/aether/util/graph/transformer/ConflictResolver$ScopeSelector
instanceKlass org/eclipse/aether/util/graph/transformer/ConflictResolver$OptionalitySelector
instanceKlass org/eclipse/aether/util/graph/transformer/ConflictResolver$ScopeDeriver
instanceKlass org/eclipse/m2e/core/embedder/MavenModelManager
instanceKlass org/eclipse/m2e/core/project/configurator/ILifecycleMappingConfiguration
instanceKlass org/eclipse/m2e/core/internal/project/ProjectConfigurationManager
instanceKlass org/eclipse/m2e/core/project/IProjectConfigurationManager
instanceKlass org/eclipse/core/runtime/jobs/IJobFunction
instanceKlass org/eclipse/m2e/core/project/MavenUpdateRequest
instanceKlass org/eclipse/m2e/core/internal/project/registry/ProjectRegistryReader$MavenProjectManagerImplReplace
instanceKlass org/eclipse/m2e/core/internal/project/registry/ProjectRegistryReader$IFileReplace
instanceKlass org/eclipse/m2e/core/internal/project/registry/ProjectRegistryReader$IPathReplace
instanceKlass java/util/HashMap$UnsafeHolder
instanceKlass java/io/SerialCallbackContext
instanceKlass java/io/ObjectInputStream$GetField
instanceKlass java/io/ObjectStreamClass$ClassDataSlot
instanceKlass java/io/ObjectStreamClass$FieldReflector
instanceKlass java/io/ObjectStreamClass$FieldReflectorKey
instanceKlass jdk/internal/reflect/ClassDefiner$1
instanceKlass jdk/internal/reflect/ClassDefiner
instanceKlass jdk/internal/reflect/MethodAccessorGenerator$1
instanceKlass jdk/internal/reflect/Label$PatchInfo
instanceKlass jdk/internal/reflect/Label
instanceKlass jdk/internal/reflect/UTF8
instanceKlass jdk/internal/reflect/ClassFileAssembler
instanceKlass jdk/internal/reflect/ByteVectorImpl
instanceKlass jdk/internal/reflect/ByteVector
instanceKlass jdk/internal/reflect/ByteVectorFactory
instanceKlass jdk/internal/reflect/AccessorGenerator
instanceKlass jdk/internal/reflect/ClassFileConstants
instanceKlass  @bci jdk/internal/reflect/MethodHandleLongFieldAccessorImpl getLong (Ljava/lang/Object;)J 11 <adapter> ; # java/lang/invoke/LambdaForm$MH+0x000001d2aa244400
# instanceKlass java/lang/invoke/LambdaForm$DMH+0x000001d2aa244000
instanceKlass java/io/ObjectStreamClass$2
instanceKlass java/io/ClassCache
instanceKlass java/io/ObjectStreamClass$Caches
instanceKlass sun/reflect/misc/ReflectUtil
instanceKlass java/io/ObjectStreamClass
instanceKlass  @bci java/io/ObjectInputFilter$Config <clinit> ()V 368 <appendix> argL0 ; # java/io/ObjectInputFilter$Config$$Lambda+0x000001d2aa1f59f0
instanceKlass jdk/internal/access/JavaObjectInputFilterAccess
instanceKlass java/io/ObjectInputFilter$Config$BuiltinFilterFactory
instanceKlass  @bci java/io/ObjectInputFilter$Config <clinit> ()V 80 <appendix> argL0 ; # java/io/ObjectInputFilter$Config$$Lambda+0x000001d2aa1f53b8
instanceKlass  @bci java/io/ObjectInputFilter$Config <clinit> ()V 56 <appendix> argL0 ; # java/io/ObjectInputFilter$Config$$Lambda+0x000001d2aa1f51a8
instanceKlass java/io/ObjectInputFilter
instanceKlass java/io/ObjectInputFilter$Config
instanceKlass java/io/ObjectInputStream$ValidationList
instanceKlass java/io/ObjectInputStream$HandleTable$HandleList
instanceKlass java/io/ObjectInputStream$HandleTable
instanceKlass  @bci java/io/ObjectInputStream <clinit> ()V 100 <appendix> argL0 ; # java/io/ObjectInputStream$$Lambda+0x000001d2aa1f3cb8
instanceKlass jdk/internal/access/JavaObjectInputStreamReadString
instanceKlass  @bci java/io/ObjectInputStream <clinit> ()V 92 <appendix> argL0 ; # java/io/ObjectInputStream$$Lambda+0x000001d2aa1f38b8
instanceKlass jdk/internal/access/JavaObjectInputStreamAccess
instanceKlass org/apache/maven/execution/MavenExecutionRequest
instanceKlass org/apache/maven/project/ProjectBuildingResult
instanceKlass org/eclipse/m2e/core/project/IMavenProjectChangedListener
instanceKlass org/eclipse/core/runtime/SubMonitor
instanceKlass org/eclipse/m2e/core/internal/project/registry/DependencyResolutionContext
instanceKlass org/eclipse/m2e/core/internal/project/registry/MavenProjectFacade
instanceKlass com/google/common/cache/LocalCache$AbstractReferenceEntry
instanceKlass java/util/concurrent/atomic/AtomicReferenceArray
instanceKlass com/google/common/cache/LocalCache$LoadingValueReference
instanceKlass com/google/common/cache/Weigher
instanceKlass com/google/common/base/Predicate
instanceKlass com/google/common/base/Equivalence
instanceKlass java/util/function/BiPredicate
instanceKlass com/google/common/base/MoreObjects
instanceKlass com/google/common/cache/LocalCache$1
instanceKlass com/google/common/cache/ReferenceEntry
instanceKlass com/google/common/cache/LocalCache$ValueReference
instanceKlass com/google/common/cache/LocalCache$LocalManualCache
instanceKlass com/google/common/cache/CacheLoader
instanceKlass  @bci org/eclipse/m2e/core/internal/project/registry/MavenProjectCache <init> ()V 25 <appendix> member <vmtarget> ; # org/eclipse/m2e/core/internal/project/registry/MavenProjectCache$$Lambda+0x000001d2aa234618
instanceKlass org/eclipse/m2e/core/internal/project/registry/MavenProjectCache$CacheLine
instanceKlass  @bci org/eclipse/m2e/core/internal/project/registry/MavenProjectCache <init> ()V 16 <appendix> member <vmtarget> ; # org/eclipse/m2e/core/internal/project/registry/MavenProjectCache$$Lambda+0x000001d2aa234200
instanceKlass com/google/common/cache/RemovalListener
instanceKlass com/google/common/cache/CacheBuilder$2
instanceKlass com/google/common/base/Preconditions
instanceKlass com/google/common/cache/CacheStats
instanceKlass com/google/common/base/Suppliers$SupplierOfInstance
instanceKlass com/google/common/base/Suppliers
instanceKlass com/google/common/cache/CacheBuilder$1
instanceKlass com/google/common/cache/AbstractCache$StatsCounter
instanceKlass com/google/common/base/Ticker
instanceKlass com/google/common/base/Supplier
instanceKlass com/google/common/cache/CacheBuilder
instanceKlass com/google/common/cache/LoadingCache
instanceKlass com/google/common/base/Function
instanceKlass com/google/common/cache/Cache
instanceKlass org/eclipse/m2e/core/internal/preferences/MavenPreferenceConstants
instanceKlass org/eclipse/m2e/core/internal/embedder/MavenExecutionContext
instanceKlass org/apache/maven/model/building/ModelProblemCollectorRequest
instanceKlass org/apache/maven/model/ConfigurationContainer
instanceKlass org/apache/maven/model/ModelBase
instanceKlass org/apache/maven/model/InputLocationTracker
instanceKlass org/apache/maven/wagon/proxy/ProxyInfo
instanceKlass org/apache/maven/execution/MavenSession
instanceKlass org/apache/maven/project/ProjectBuildingRequest
instanceKlass org/eclipse/m2e/core/embedder/ILocalRepositoryListener
instanceKlass org/apache/maven/settings/TrackableBase
instanceKlass org/apache/maven/plugin/MojoExecution
instanceKlass org/eclipse/m2e/core/internal/embedder/MavenImpl$MavenSettings
instanceKlass org/apache/maven/lifecycle/MavenExecutionPlan
instanceKlass org/eclipse/m2e/core/embedder/ICallable
instanceKlass org/apache/maven/artifact/Artifact
instanceKlass org/eclipse/m2e/core/embedder/ISettingsChangeListener
instanceKlass org/eclipse/sisu/inject/MildKeys
instanceKlass org/eclipse/sisu/inject/Weak
instanceKlass java/text/DigitList
instanceKlass  @bci sun/util/locale/provider/JRELocaleProviderAdapter getNumberFormatProvider ()Ljava/text/spi/NumberFormatProvider; 8 <appendix> member <vmtarget> ; # sun/util/locale/provider/JRELocaleProviderAdapter$$Lambda+0x800000067
instanceKlass java/util/stream/Node$Builder
instanceKlass java/util/stream/Nodes$ArrayNode
instanceKlass java/util/stream/Node$OfDouble
instanceKlass java/util/stream/Node$OfLong
instanceKlass java/util/stream/Node$OfInt
instanceKlass java/util/stream/Node$OfPrimitive
instanceKlass java/util/stream/Nodes$EmptyNode
instanceKlass java/util/stream/Node
instanceKlass java/util/stream/Nodes
instanceKlass  @bci sun/util/locale/provider/LocaleProviderAdapter toLocaleArray (Ljava/util/Set;)[Ljava/util/Locale; 16 <appendix> argL0 ; # sun/util/locale/provider/LocaleProviderAdapter$$Lambda+0x800000069
instanceKlass  @bci sun/util/locale/provider/LocaleProviderAdapter toLocaleArray (Ljava/util/Set;)[Ljava/util/Locale; 6 <appendix> argL0 ; # sun/util/locale/provider/LocaleProviderAdapter$$Lambda+0x800000068
instanceKlass  @bci sun/util/cldr/CLDRLocaleProviderAdapter getCalendarDataProvider ()Ljava/util/spi/CalendarDataProvider; 8 <appendix> member <vmtarget> ; # sun/util/cldr/CLDRLocaleProviderAdapter$$Lambda+0x800000062
instanceKlass sun/util/locale/provider/CalendarDataUtility$CalendarWeekParameterGetter
instanceKlass sun/util/locale/provider/LocaleServiceProviderPool$LocalizedObjectGetter
instanceKlass sun/util/locale/provider/LocaleServiceProviderPool
instanceKlass java/util/Calendar$Builder
instanceKlass  @bci sun/util/locale/provider/JRELocaleProviderAdapter getCalendarProvider ()Lsun/util/spi/CalendarProvider; 8 <appendix> member <vmtarget> ; # sun/util/locale/provider/JRELocaleProviderAdapter$$Lambda+0x800000063
instanceKlass com/google/inject/matcher/AbstractMatcher
instanceKlass com/google/inject/matcher/Matcher
instanceKlass com/google/inject/Module
instanceKlass com/google/inject/spi/TypeConverter
instanceKlass org/codehaus/plexus/component/configurator/converters/ParameterizedConfigurationConverter
instanceKlass org/codehaus/plexus/component/configurator/converters/AbstractConfigurationConverter
instanceKlass org/codehaus/plexus/component/configurator/converters/ConfigurationConverter
instanceKlass org/codehaus/plexus/component/configurator/converters/lookup/DefaultConverterLookup
instanceKlass org/eclipse/m2e/core/internal/markers/MavenProblemInfo
instanceKlass org/eclipse/m2e/core/internal/markers/SourceLocation
instanceKlass org/apache/maven/project/MavenProject
instanceKlass org/eclipse/aether/artifact/Artifact
instanceKlass org/eclipse/m2e/core/internal/markers/MavenMarkerManager
instanceKlass org/apache/maven/extension/internal/CoreExtensionEntry
instanceKlass org/eclipse/m2e/core/internal/embedder/MavenProperties
instanceKlass org/apache/felix/scr/impl/ComponentRegistry$2
instanceKlass  @bci org/eclipse/core/internal/preferences/EclipsePreferences fireNodeEvent (Lorg/eclipse/core/runtime/preferences/IEclipsePreferences$NodeChangeEvent;Z)V 26 <adapter> ; # java/lang/invoke/LambdaForm$MH+0x000001d2aa226800
instanceKlass  @bci org/eclipse/core/internal/preferences/EclipsePreferences fireNodeEvent (Lorg/eclipse/core/runtime/preferences/IEclipsePreferences$NodeChangeEvent;Z)V 26 <appendix> form vmentry <vmtarget> ; # java/lang/invoke/LambdaForm$DMH+0x000001d2aa226400
instanceKlass  @bci org/eclipse/core/internal/preferences/EclipsePreferences fireNodeEvent (Lorg/eclipse/core/runtime/preferences/IEclipsePreferences$NodeChangeEvent;Z)V 26 <appendix> member <vmtarget> ; # org/eclipse/core/internal/preferences/EclipsePreferences$$Lambda+0x000001d2aa166b38
instanceKlass  @cpi org/eclipse/core/internal/preferences/EclipsePreferences 1056 form vmentry <vmtarget> ; # java/lang/invoke/LambdaForm$DMH+0x000001d2aa226000
instanceKlass org/eclipse/m2e/core/internal/preferences/MavenConfigurationImpl$1
instanceKlass org/eclipse/core/runtime/preferences/IPreferenceFilter
instanceKlass org/apache/felix/scr/impl/ComponentRegistry$Entry
instanceKlass org/eclipse/osgi/internal/log/ExtendedLogEntryImpl
instanceKlass org/eclipse/equinox/log/ExtendedLogEntry
instanceKlass org/eclipse/osgi/internal/log/Arguments
instanceKlass java/lang/StackTraceElement$HashedModules
instanceKlass java/text/AttributedCharacterIterator$Attribute
instanceKlass java/text/FieldPosition
instanceKlass java/text/Format
instanceKlass org/eclipse/m2e/core/internal/embedder/EclipseLogger
instanceKlass org/codehaus/plexus/logging/Logger
instanceKlass org/codehaus/plexus/logging/AbstractLoggerManager
instanceKlass org/codehaus/plexus/logging/LoggerManager
instanceKlass org/eclipse/m2e/core/internal/embedder/IMavenPlexusContainer
instanceKlass org/codehaus/plexus/classworlds/ClassWorldListener
instanceKlass org/codehaus/plexus/classworlds/ClassWorld
instanceKlass org/codehaus/plexus/PlexusContainer
instanceKlass org/apache/maven/plugin/version/PluginVersionRequest
instanceKlass org/codehaus/plexus/component/configurator/expression/ExpressionEvaluator
instanceKlass org/codehaus/plexus/configuration/PlexusConfiguration
instanceKlass org/apache/maven/model/building/ModelBuildingRequest
instanceKlass org/apache/maven/settings/crypto/SettingsDecryptionRequest
instanceKlass org/apache/maven/settings/building/SettingsBuildingRequest
instanceKlass org/apache/maven/execution/MavenExecutionResult
instanceKlass org/eclipse/aether/RepositorySystemSession
instanceKlass org/codehaus/plexus/component/configurator/converters/lookup/ConverterLookup
instanceKlass org/eclipse/m2e/core/internal/embedder/MavenImpl
instanceKlass org/eclipse/m2e/core/embedder/IMavenConfigurationChangeListener
instanceKlass org/eclipse/m2e/core/internal/preferences/MavenConfigurationImpl
instanceKlass org/eclipse/m2e/core/internal/project/registry/MavenProjectCache
instanceKlass org/eclipse/m2e/core/internal/project/registry/ProjectRegistryReader
instanceKlass org/eclipse/m2e/core/internal/embedder/PlexusContainerManager
instanceKlass org/eclipse/m2e/core/internal/markers/IMavenMarkerManager
instanceKlass org/eclipse/m2e/core/internal/project/registry/BasicProjectRegistry
instanceKlass org/eclipse/m2e/core/internal/project/registry/AbstractMavenDependencyResolver
instanceKlass org/eclipse/m2e/core/embedder/IMavenExecutionContext
instanceKlass org/eclipse/aether/repository/WorkspaceReader
instanceKlass org/apache/maven/artifact/repository/MavenArtifactRepository
instanceKlass org/apache/maven/artifact/repository/ArtifactRepository
instanceKlass org/eclipse/m2e/core/project/IProjectConfiguration
instanceKlass org/eclipse/m2e/core/internal/project/registry/IProjectRegistry
instanceKlass org/eclipse/m2e/core/internal/project/registry/Capability
instanceKlass org/eclipse/m2e/core/project/IMavenProjectFacade
instanceKlass org/eclipse/m2e/core/embedder/IMavenExecutableLocation
instanceKlass org/eclipse/m2e/core/embedder/IMaven
instanceKlass org/eclipse/m2e/core/embedder/IComponentLookup
instanceKlass org/eclipse/m2e/core/embedder/IMavenConfiguration
instanceKlass org/eclipse/m2e/core/internal/project/registry/ProjectRegistryManager
instanceKlass ch/qos/logback/classic/util/LoggerNameUtil
instanceKlass org/slf4j/helpers/Reporter
instanceKlass ch/qos/logback/classic/util/LogbackMDCAdapter
instanceKlass ch/qos/logback/core/util/CachingDateFormatter$CacheTuple
instanceKlass ch/qos/logback/core/util/CachingDateFormatter
instanceKlass ch/qos/logback/core/util/StatusPrinter2
instanceKlass ch/qos/logback/core/util/StatusPrinter
instanceKlass ch/qos/logback/core/status/StatusUtil
instanceKlass  @bci ch/qos/logback/classic/util/ContextInitializer printDuration (JLch/qos/logback/classic/spi/Configurator;Lch/qos/logback/classic/spi/Configurator$ExecutionStatus;)V 31 <adapter> ; # java/lang/invoke/LambdaForm$MH+0x000001d2aa215400
instanceKlass  @bci ch/qos/logback/classic/util/ContextInitializer printDuration (JLch/qos/logback/classic/spi/Configurator;Lch/qos/logback/classic/spi/Configurator$ExecutionStatus;)V 31 <appendix> form vmentry <vmtarget> ; # java/lang/invoke/LambdaForm$MH+0x000001d2aa215000
# instanceKlass java/lang/invoke/LambdaForm$MH+0x000001d2aa214c00
instanceKlass  @bci ch/qos/logback/classic/util/ContextInitializer printDuration (JLch/qos/logback/classic/spi/Configurator;Lch/qos/logback/classic/spi/Configurator$ExecutionStatus;)V 31 <appendix> form names 8 function resolvedHandle form vmentry <vmtarget> ; # java/lang/invoke/LambdaForm$DMH+0x000001d2aa214800
instanceKlass  @bci ch/qos/logback/classic/util/ContextInitializer printDuration (JLch/qos/logback/classic/spi/Configurator;Lch/qos/logback/classic/spi/Configurator$ExecutionStatus;)V 31 <appendix> argL3 form vmentry <vmtarget> ; # java/lang/invoke/LambdaForm$MH+0x000001d2aa214400
# instanceKlass java/lang/invoke/LambdaForm$MH+0x000001d2aa214000
# instanceKlass java/lang/invoke/LambdaForm$MH+0x000001d2aa213c00
# instanceKlass java/lang/invoke/LambdaForm$MH+0x000001d2aa213800
# instanceKlass java/lang/invoke/LambdaForm$MH+0x000001d2aa213400
instanceKlass  @bci ch/qos/logback/classic/util/ContextInitializer printDuration (JLch/qos/logback/classic/spi/Configurator;Lch/qos/logback/classic/spi/Configurator$ExecutionStatus;)V 31 <appendix> form names 12 function resolvedHandle form vmentry <vmtarget> ; # java/lang/invoke/LambdaForm$DMH+0x000001d2aa213000
instanceKlass  @bci ch/qos/logback/classic/util/ContextInitializer printDuration (JLch/qos/logback/classic/spi/Configurator;Lch/qos/logback/classic/spi/Configurator$ExecutionStatus;)V 31 <appendix> argL1 form vmentry <vmtarget> ; # java/lang/invoke/LambdaForm$MH+0x000001d2aa212c00
# instanceKlass java/lang/invoke/LambdaForm$MH+0x000001d2aa212800
# instanceKlass java/lang/invoke/LambdaForm$MH+0x000001d2aa212400
# instanceKlass java/lang/invoke/LambdaForm$MH+0x000001d2aa212000
instanceKlass ch/qos/logback/core/Appender
instanceKlass ch/qos/logback/core/spi/FilterAttachable
instanceKlass ch/qos/logback/core/spi/ContextAwareBase
instanceKlass ch/qos/logback/classic/util/ClassicEnvUtil
instanceKlass ch/qos/logback/core/status/StatusListener
instanceKlass ch/qos/logback/core/util/StatusListenerConfigHelper
instanceKlass ch/qos/logback/core/status/StatusBase
instanceKlass ch/qos/logback/core/util/EnvUtil
instanceKlass java/security/Policy$PolicyInfo
instanceKlass ch/qos/logback/core/util/Loader$1
instanceKlass ch/qos/logback/core/util/OptionHelper
instanceKlass ch/qos/logback/core/util/Loader
instanceKlass ch/qos/logback/classic/spi/Configurator
instanceKlass ch/qos/logback/core/spi/ContextAwareImpl
instanceKlass ch/qos/logback/classic/util/ContextInitializer$1
instanceKlass ch/qos/logback/core/spi/ContextAware
instanceKlass ch/qos/logback/classic/util/ContextInitializer
instanceKlass ch/qos/logback/classic/Level
instanceKlass ch/qos/logback/classic/spi/ILoggingEvent
instanceKlass ch/qos/logback/core/spi/DeferredProcessingAware
instanceKlass org/slf4j/spi/LoggingEventBuilder
instanceKlass ch/qos/logback/classic/Logger
instanceKlass ch/qos/logback/core/spi/AppenderAttachable
instanceKlass org/slf4j/spi/LoggingEventAware
instanceKlass org/slf4j/spi/LocationAwareLogger
instanceKlass ch/qos/logback/classic/spi/LoggerContextVO
instanceKlass ch/qos/logback/core/spi/LogbackLock
instanceKlass ch/qos/logback/core/helpers/CyclicBuffer
instanceKlass ch/qos/logback/core/BasicStatusManager
instanceKlass ch/qos/logback/core/status/Status
instanceKlass ch/qos/logback/core/status/StatusManager
instanceKlass ch/qos/logback/core/ContextBase
instanceKlass ch/qos/logback/core/spi/LifeCycle
instanceKlass ch/qos/logback/core/Context
instanceKlass ch/qos/logback/core/spi/PropertyContainer
instanceKlass  @cpi org/eclipse/core/internal/resources/Workspace 2662 form vmentry <vmtarget> ; # java/lang/invoke/LambdaForm$DMH+0x000001d2aa208000
instanceKlass org/apache/aries/spifly/Util$7
instanceKlass org/apache/aries/spifly/Util$5
instanceKlass org/eclipse/osgi/internal/container/NamespaceList$Builder$1
instanceKlass org/apache/felix/resolver/WireImpl
instanceKlass org/apache/felix/resolver/util/ArrayMap$1$1
instanceKlass org/apache/felix/resolver/ResolverImpl$UsedBlames
instanceKlass org/apache/felix/resolver/ResolverImpl$6
instanceKlass org/apache/felix/resolver/ResolverImpl$5
instanceKlass org/apache/felix/resolver/ResolverImpl$4
instanceKlass org/apache/felix/resolver/ResolverImpl$Blame
instanceKlass org/apache/felix/resolver/ResolverImpl$3
instanceKlass org/apache/felix/resolver/ResolverImpl$Packages
instanceKlass org/apache/felix/resolver/WrappedRequirement
instanceKlass org/apache/felix/resolver/ResolverImpl$WireCandidate
instanceKlass org/apache/felix/resolver/ResolverImpl$EnhancedExecutor$1
instanceKlass org/apache/felix/resolver/ResolverImpl$1Computer
instanceKlass org/apache/felix/resolver/WrappedResource
instanceKlass org/apache/felix/resolver/util/CopyOnWriteSet
instanceKlass org/apache/felix/resolver/util/CandidateSelector
instanceKlass org/apache/felix/resolver/ResolverImpl$DumbExecutor
instanceKlass org/slf4j/helpers/Util
instanceKlass org/slf4j/helpers/NOPMDCAdapter
instanceKlass org/slf4j/helpers/NOPLoggerFactory
instanceKlass org/slf4j/helpers/NOP_FallbackServiceProvider
instanceKlass org/slf4j/helpers/ThreadLocalMapOfStacks
instanceKlass org/objectweb/asm/tree/ParameterNode
instanceKlass org/slf4j/helpers/BasicMDCAdapter
instanceKlass org/slf4j/Marker
instanceKlass org/slf4j/helpers/BasicMarkerFactory
instanceKlass org/slf4j/Logger
instanceKlass org/slf4j/helpers/SubstituteLoggerFactory
instanceKlass org/slf4j/ILoggerFactory
instanceKlass org/slf4j/spi/MDCAdapter
instanceKlass org/slf4j/IMarkerFactory
instanceKlass org/slf4j/helpers/SubstituteServiceProvider
instanceKlass org/slf4j/event/LoggingEvent
instanceKlass org/slf4j/LoggerFactory
instanceKlass  @bci org/eclipse/osgi/container/ModuleWiring lambda$1 (Lorg/eclipse/osgi/internal/container/NamespaceList$Builder;)V 26 <appendix> argL0 ; # org/eclipse/osgi/container/ModuleWiring$$Lambda+0x000001d2aa1533f0
instanceKlass java/util/function/UnaryOperator
instanceKlass  @bci org/eclipse/osgi/container/ModuleWiring addDynamicImports (Lorg/eclipse/osgi/container/ModuleRevisionBuilder;)V 39 <appendix> member <vmtarget> ; # org/eclipse/osgi/container/ModuleWiring$$Lambda+0x000001d2aa1531d8
instanceKlass  @bci org/eclipse/osgi/container/ModuleWiring addDynamicImports (Lorg/eclipse/osgi/container/ModuleRevisionBuilder;)V 7 <appendix> member <vmtarget> ; # org/eclipse/osgi/container/ModuleWiring$$Lambda+0x000001d2aa152fa0
instanceKlass org/eclipse/osgi/container/builders/OSGiManifestBuilderFactory
instanceKlass  @bci sun/net/www/protocol/jrt/JavaRuntimeURLConnection <clinit> ()V 0 <appendix> argL0 ; # sun/net/www/protocol/jrt/JavaRuntimeURLConnection$$Lambda+0x000001d2aa1f0000
instanceKlass org/objectweb/asm/Handler
instanceKlass org/objectweb/asm/tree/TryCatchBlockNode
instanceKlass org/objectweb/asm/Handle
instanceKlass org/objectweb/asm/Edge
instanceKlass org/objectweb/asm/tree/LocalVariableNode
instanceKlass java/util/BitSet
instanceKlass org/objectweb/asm/tree/InsnList
instanceKlass org/objectweb/asm/tree/Util
instanceKlass org/objectweb/asm/tree/AbstractInsnNode
instanceKlass org/objectweb/asm/commons/Method
instanceKlass org/objectweb/asm/Label
instanceKlass org/objectweb/asm/Frame
instanceKlass org/objectweb/asm/Context
instanceKlass org/objectweb/asm/Attribute
instanceKlass org/objectweb/asm/Type
instanceKlass org/objectweb/asm/ByteVector
instanceKlass org/objectweb/asm/Symbol
instanceKlass org/objectweb/asm/SymbolTable
instanceKlass org/objectweb/asm/FieldVisitor
instanceKlass org/objectweb/asm/MethodVisitor
instanceKlass org/objectweb/asm/AnnotationVisitor
instanceKlass org/objectweb/asm/ModuleVisitor
instanceKlass org/objectweb/asm/RecordComponentVisitor
instanceKlass org/objectweb/asm/ClassReader
instanceKlass org/eclipse/m2e/core/internal/URLConnectionCaches
instanceKlass  @bci org/eclipse/m2e/core/internal/MavenPluginActivator <init> ()V 16 <appendix> argL0 ; # org/eclipse/m2e/core/internal/MavenPluginActivator$$Lambda+0x000001d2aa1dbd58
instanceKlass org/eclipse/m2e/core/internal/jobs/IBackgroundProcessingQueue
# instanceKlass java/lang/invoke/LambdaForm$MH+0x000001d2aa1db400
# instanceKlass java/lang/invoke/LambdaForm$MH+0x000001d2aa1db000
# instanceKlass java/lang/invoke/LambdaForm$MH+0x000001d2aa1dac00
# instanceKlass java/lang/invoke/LambdaForm$MH+0x000001d2aa1da800
# instanceKlass java/lang/invoke/LambdaForm$DMH+0x000001d2aa1da400
instanceKlass org/eclipse/core/resources/IResourceChangeEvent
instanceKlass java/util/concurrent/atomic/Striped64$1
instanceKlass jdk/internal/util/random/RandomSupport
instanceKlass  @bci org/apache/felix/scr/impl/manager/ComponentContextImpl createNewFieldHandlerMap ()Ljava/util/Map; 4 <appendix> argL0 ; # org/apache/felix/scr/impl/manager/ComponentContextImpl$$Lambda+0x000001d2aa16f0b8
instanceKlass  @bci org/eclipse/core/internal/runtime/InternalPlatform getLog (Lorg/osgi/framework/Bundle;)Lorg/eclipse/core/runtime/ILog; 13 <appendix> member <vmtarget> ; # org/eclipse/core/internal/runtime/InternalPlatform$$Lambda+0x000001d2aa19d748
instanceKlass org/eclipse/core/internal/runtime/Log
instanceKlass org/eclipse/core/internal/preferences/BundleStateScope
instanceKlass org/apache/felix/scr/impl/inject/field/FieldHandler$Resolved
instanceKlass org/apache/felix/scr/impl/inject/field/FieldUtils$FieldSearchResult
instanceKlass org/apache/felix/scr/impl/inject/field/FieldUtils$1
instanceKlass org/apache/felix/scr/impl/inject/field/FieldUtils
instanceKlass org/apache/felix/scr/impl/inject/field/FieldHandler$1
instanceKlass org/apache/felix/scr/impl/inject/field/FieldHandler$ReferenceMethodImpl
instanceKlass org/apache/felix/scr/impl/inject/field/FieldHandler$NotResolved
instanceKlass org/apache/felix/scr/impl/inject/field/FieldHandler$State
instanceKlass org/apache/felix/scr/impl/inject/InitReferenceMethod
instanceKlass org/apache/felix/scr/impl/inject/field/FieldHandler
instanceKlass org/apache/felix/scr/impl/inject/field/FieldMethods
instanceKlass org/eclipse/core/internal/resources/CheckMissingNaturesListener
instanceKlass org/eclipse/core/internal/resources/Rules
instanceKlass org/eclipse/core/internal/resources/ResourceChangeListenerRegistrar
instanceKlass  @bci org/eclipse/core/internal/jobs/JobManager startJob (Lorg/eclipse/core/internal/jobs/Worker;)Lorg/eclipse/core/runtime/jobs/Job; 45 <appendix> member <vmtarget> ; # org/eclipse/core/internal/jobs/JobManager$$Lambda+0x000001d2aa1a0f58
instanceKlass  @cpi org/eclipse/core/internal/jobs/JobManager 1512 form vmentry <vmtarget> ; # java/lang/invoke/LambdaForm$DMH+0x000001d2aa1da000
instanceKlass  @bci org/eclipse/jdt/internal/compiler/lookup/TypeSystem$HashedParameterizedTypes$PTBKey <init> (Lorg/eclipse/jdt/internal/compiler/lookup/TypeSystem$HashedParameterizedTypes;Lorg/eclipse/jdt/internal/compiler/lookup/ReferenceBinding;[Lorg/eclipse/jdt/internal/compiler/lookup/TypeBinding;Lorg/eclipse/jdt/internal/compiler/lookup/ReferenceBinding;Lorg/eclipse/jdt/internal/compiler/lookup/LookupEnvironment;)V 138 <adapter> ; # java/lang/invoke/LambdaForm$MH+0x000001d2aa1d9c00
instanceKlass  @bci org/eclipse/jdt/internal/compiler/lookup/TypeSystem$HashedParameterizedTypes$PTBKey <init> (Lorg/eclipse/jdt/internal/compiler/lookup/TypeSystem$HashedParameterizedTypes;Lorg/eclipse/jdt/internal/compiler/lookup/ReferenceBinding;[Lorg/eclipse/jdt/internal/compiler/lookup/TypeBinding;Lorg/eclipse/jdt/internal/compiler/lookup/ReferenceBinding;Lorg/eclipse/jdt/internal/compiler/lookup/LookupEnvironment;)V 138 <appendix> form vmentry <vmtarget> ; # java/lang/invoke/LambdaForm$DMH+0x000001d2aa1d9800
instanceKlass  @bci org/eclipse/core/internal/jobs/JobManager endJob (Lorg/eclipse/core/internal/jobs/InternalJob;Lorg/eclipse/core/runtime/IStatus;ZZ)V 14 <appendix> member <vmtarget> ; # org/eclipse/core/internal/jobs/JobManager$$Lambda+0x000001d2aa1a0d20
instanceKlass  @cpi org/eclipse/core/internal/jobs/JobManager 1468 form vmentry <vmtarget> ; # java/lang/invoke/LambdaForm$DMH+0x000001d2aa1d9400
instanceKlass  @bci org/eclipse/core/internal/resources/AliasManager buildAliasedProjectsSet ()V 30 <appendix> member <vmtarget> ; # org/eclipse/core/internal/resources/AliasManager$$Lambda+0x000001d2aa1dd510
instanceKlass org/eclipse/core/internal/filesystem/FileStoreUtil
instanceKlass  @bci org/eclipse/core/internal/resources/AliasManager$LocationMap <init> (Lorg/eclipse/core/internal/resources/AliasManager;)V 14 <appendix> argL0 ; # org/eclipse/core/internal/resources/AliasManager$LocationMap$$Lambda+0x000001d2aa1dd288
instanceKlass org/eclipse/core/internal/resources/AliasManager$LocationMap
instanceKlass org/eclipse/core/internal/resources/AliasManager
instanceKlass org/eclipse/core/resources/refresh/IRefreshMonitor
instanceKlass org/eclipse/core/internal/refresh/MonitorManager
instanceKlass org/eclipse/core/resources/IResourceDeltaVisitor
instanceKlass org/eclipse/core/resources/IPathVariableChangeListener
instanceKlass org/eclipse/core/internal/refresh/RefreshManager
instanceKlass org/eclipse/core/resources/refresh/IRefreshResult
instanceKlass  @bci org/eclipse/core/internal/resources/ContentDescriptionManager getCurrentPlatformState ()Ljava/lang/String; 39 <appendix> argL0 ; # org/eclipse/core/internal/resources/ContentDescriptionManager$$Lambda+0x000001d2aa1d3680
instanceKlass  @bci org/eclipse/core/internal/properties/PropertyBucket$PropertyEntry <clinit> ()V 0 <appendix> argL0 ; # org/eclipse/core/internal/properties/PropertyBucket$PropertyEntry$$Lambda+0x000001d2aa1d3078
instanceKlass  @cpi org/eclipse/jdt/internal/compiler/util/SortedCharArrays 78 form vmentry <vmtarget> ; # java/lang/invoke/LambdaForm$DMH+0x000001d2aa1d9000
instanceKlass org/eclipse/core/internal/resources/ProjectContentTypes
instanceKlass org/eclipse/core/internal/utils/Cache
instanceKlass org/eclipse/core/internal/resources/ContentDescriptionManager
instanceKlass  @bci org/eclipse/core/internal/resources/CharsetManager initPreferenceChangeListener ()V 2 <appendix> member <vmtarget> ; # org/eclipse/core/internal/resources/CharsetManager$$Lambda+0x000001d2aa1bfd98
instanceKlass  @bci org/eclipse/jdt/internal/compiler/ClassFile initializeDefaultLocals (Lorg/eclipse/jdt/internal/compiler/codegen/StackMapFrame;Lorg/eclipse/jdt/internal/compiler/lookup/MethodBinding;II)V 760 <appendix> form vmentry <vmtarget> ; # java/lang/invoke/LambdaForm$MH+0x000001d2aa1d8c00
instanceKlass  @bci org/eclipse/jdt/internal/compiler/ClassFile initializeDefaultLocals (Lorg/eclipse/jdt/internal/compiler/codegen/StackMapFrame;Lorg/eclipse/jdt/internal/compiler/lookup/MethodBinding;II)V 760 <appendix> argL3 form vmentry <vmtarget> ; # java/lang/invoke/LambdaForm$MH+0x000001d2aa1d8800
# instanceKlass java/lang/invoke/LambdaForm$MH+0x000001d2aa1d8400
# instanceKlass java/lang/invoke/LambdaForm$MH+0x000001d2aa1d8000
instanceKlass  @bci org/eclipse/jdt/internal/compiler/ClassFile initializeDefaultLocals (Lorg/eclipse/jdt/internal/compiler/codegen/StackMapFrame;Lorg/eclipse/jdt/internal/compiler/lookup/MethodBinding;II)V 760 <appendix> argL1 form vmentry <vmtarget> ; # java/lang/invoke/LambdaForm$MH+0x000001d2aa1d1c00
# instanceKlass java/lang/invoke/LambdaForm$MH+0x000001d2aa1d1800
instanceKlass  @bci org/eclipse/core/internal/jobs/JobManager now ()J 5 <appendix> member <vmtarget> ; # org/eclipse/core/internal/jobs/JobManager$$Lambda+0x000001d2aa1a0ae8
instanceKlass java/util/function/LongUnaryOperator
instanceKlass org/eclipse/core/internal/jobs/JobChangeEvent
instanceKlass  @bci org/eclipse/core/internal/jobs/JobManager schedule (Lorg/eclipse/core/internal/jobs/InternalJob;J)V 5 <adapter> ; # java/lang/invoke/LambdaForm$MH+0x000001d2aa1d1400
instanceKlass  @bci org/eclipse/core/internal/jobs/JobManager schedule (Lorg/eclipse/core/internal/jobs/InternalJob;J)V 5 <appendix> form vmentry <vmtarget> ; # java/lang/invoke/LambdaForm$DMH+0x000001d2aa1d1000
instanceKlass  @bci org/eclipse/core/internal/jobs/JobManager schedule (Lorg/eclipse/core/internal/jobs/InternalJob;J)V 5 <appendix> member <vmtarget> ; # org/eclipse/core/internal/jobs/JobManager$$Lambda+0x000001d2aa1a0658
instanceKlass  @cpi org/eclipse/core/internal/jobs/JobManager 1485 form vmentry <vmtarget> ; # java/lang/invoke/LambdaForm$DMH+0x000001d2aa1d0c00
instanceKlass org/eclipse/core/internal/resources/CharsetDeltaJob$ICharsetListenerFilter
instanceKlass  @bci org/osgi/framework/FrameworkUtil lambda$4 (Ljava/lang/Class;)Lorg/osgi/framework/Bundle; 29 <appendix> argL0 ; # org/osgi/framework/FrameworkUtil$$Lambda+0x000001d2aa152b78
instanceKlass  @bci org/osgi/framework/FrameworkUtil lambda$4 (Ljava/lang/Class;)Lorg/osgi/framework/Bundle; 19 <appendix> argL0 ; # org/osgi/framework/FrameworkUtil$$Lambda+0x000001d2aa152938
instanceKlass  @bci org/osgi/framework/FrameworkUtil lambda$4 (Ljava/lang/Class;)Lorg/osgi/framework/Bundle; 9 <appendix> member <vmtarget> ; # org/osgi/framework/FrameworkUtil$$Lambda+0x000001d2aa152700
instanceKlass org/eclipse/core/runtime/PerformanceStats
instanceKlass org/eclipse/core/internal/events/ResourceStats
instanceKlass org/eclipse/core/internal/events/ResourceChangeListenerList$ListenerEntry
instanceKlass org/eclipse/core/internal/resources/CharsetManager$ResourceChangeListener
instanceKlass org/eclipse/core/resources/IResourceChangeListener
instanceKlass org/eclipse/core/internal/resources/CharsetManager
instanceKlass org/eclipse/core/internal/localstore/Bucket$Entry
instanceKlass org/eclipse/core/internal/localstore/BucketTree
instanceKlass org/eclipse/core/internal/localstore/Bucket$Visitor
instanceKlass org/eclipse/core/internal/localstore/Bucket
instanceKlass org/eclipse/core/internal/properties/PropertyManager2
instanceKlass org/eclipse/core/internal/events/LifecycleEvent
instanceKlass org/eclipse/core/internal/resources/LinkDescription
instanceKlass  @bci jdk/internal/reflect/MethodHandleBooleanFieldAccessorImpl setBoolean (Ljava/lang/Object;Z)V 41 <adapter> ; # java/lang/invoke/LambdaForm$MH+0x000001d2aa1d0800
instanceKlass java/lang/Short$ShortCache
# instanceKlass java/lang/invoke/LambdaForm$MH+0x000001d2aa1d0400
# instanceKlass java/lang/invoke/LambdaForm$MH+0x000001d2aa1d0000
instanceKlass com/sun/jna/NativeMappedConverter
instanceKlass com/sun/jna/Klass
instanceKlass com/sun/jna/Native$Buffers
instanceKlass com/sun/jna/VarArgsChecker
instanceKlass com/sun/jna/NativeLibrary$NativeLibraryDisposer
instanceKlass com/sun/jna/NativeLibrary$1
instanceKlass com/sun/jna/SymbolProvider
instanceKlass com/sun/jna/NativeLibrary
instanceKlass org/eclipse/core/internal/filesystem/local/Win32Handler$FileAPIh
instanceKlass com/sun/jna/Memory$MemoryDisposer
instanceKlass com/sun/jna/internal/Cleaner$Cleanable
instanceKlass com/sun/jna/internal/Cleaner
instanceKlass com/sun/jna/WeakMemoryHolder
instanceKlass org/eclipse/core/filesystem/provider/FileInfo
# instanceKlass java/lang/invoke/LambdaForm$MH+0x000001d2aa1ce400
instanceKlass  @bci org/eclipse/jdt/internal/core/JrtPackageFragmentRoot$JrtModuleKey hashCode ()I 1 <appendix> argL1 argL1 form vmentry <vmtarget> ; # java/lang/invoke/LambdaForm$MH+0x000001d2aa1ce000
instanceKlass  @bci jdk/internal/reflect/MethodHandleBooleanFieldAccessorImpl getBoolean (Ljava/lang/Object;)Z 20 <adapter> ; # java/lang/invoke/LambdaForm$MH+0x000001d2aa1cdc00
# instanceKlass java/lang/invoke/LambdaForm$MH+0x000001d2aa1cd800
# instanceKlass java/lang/invoke/LambdaForm$BMH+0x000001d2aa1cd400
instanceKlass  @cpi java/io/ObjectInputStream 1214 form vmentry <vmtarget> ; # java/lang/invoke/LambdaForm$DMH+0x000001d2aa1cd000
instanceKlass com/sun/jna/Structure$StructField
instanceKlass com/sun/jna/Structure$LayoutInfo
instanceKlass java/lang/Class$AnnotationData
instanceKlass com/sun/jna/Structure$FieldOrder
instanceKlass  @bci com/sun/jna/Structure fieldOrder ()Ljava/util/List; 84 <appendix> member <vmtarget> ; # com/sun/jna/Structure$$Lambda+0x000001d2aa1c8660
instanceKlass  @bci com/sun/jna/Structure getFieldList ()Ljava/util/List; 84 <appendix> member <vmtarget> ; # com/sun/jna/Structure$$Lambda+0x000001d2aa1c8428
instanceKlass  @bci com/sun/jna/Structure validateFields ()V 75 <appendix> member <vmtarget> ; # com/sun/jna/Structure$$Lambda+0x000001d2aa1c81f0
instanceKlass com/sun/jna/platform/win32/WinBase
instanceKlass com/sun/jna/platform/win32/BaseTSD
instanceKlass com/sun/jna/platform/win32/WinDef
instanceKlass com/sun/jna/Library
instanceKlass com/sun/jna/win32/W32APITypeMapper$2
instanceKlass com/sun/jna/DefaultTypeMapper$Entry
instanceKlass com/sun/jna/win32/W32APITypeMapper$1
instanceKlass com/sun/jna/TypeConverter
instanceKlass com/sun/jna/DefaultTypeMapper
instanceKlass com/sun/jna/TypeMapper
instanceKlass com/sun/jna/Structure$ByReference
instanceKlass com/sun/jna/Native$2
instanceKlass com/sun/jna/Structure$FFIType$FFITypes
instanceKlass com/sun/jna/Native$ffi_callback
instanceKlass com/sun/jna/JNIEnv
instanceKlass com/sun/jna/PointerType
instanceKlass com/sun/jna/NativeMapped
instanceKlass com/sun/jna/WString
instanceKlass com/sun/jna/win32/DLLCallback
instanceKlass com/sun/jna/CallbackProxy
instanceKlass com/sun/jna/Callback
instanceKlass com/sun/jna/Structure$ByValue
instanceKlass jdk/internal/loader/NativeLibraries$Unloader
instanceKlass java/io/FileOutputStream$1
instanceKlass sun/security/provider/AbstractDrbg$NonceProvider
instanceKlass  @bci sun/security/provider/AbstractDrbg$SeederHolder <clinit> ()V 42 <appendix> member <vmtarget> ; # sun/security/provider/AbstractDrbg$SeederHolder$$Lambda+0x000001d2aa0fc788
instanceKlass  @cpi sun/security/provider/AbstractDrbg$SeederHolder 91 form vmentry <vmtarget> ; # java/lang/invoke/LambdaForm$DMH+0x000001d2aa1c4800
# instanceKlass java/lang/invoke/LambdaForm$DMH+0x000001d2aa1c4400
instanceKlass sun/nio/fs/BasicFileAttributesHolder
instanceKlass sun/nio/fs/WindowsDirectoryStream$WindowsDirectoryIterator
instanceKlass sun/nio/fs/WindowsDirectoryStream
instanceKlass java/nio/file/DirectoryStream
instanceKlass java/nio/file/Files$AcceptAllFilter
instanceKlass java/nio/file/DirectoryStream$Filter
instanceKlass java/net/NetworkInterface$1
instanceKlass java/net/DefaultInterface
instanceKlass java/net/Inet6Address$Inet6AddressHolder
instanceKlass java/net/InetAddress$PlatformResolver
instanceKlass java/net/spi/InetAddressResolver
instanceKlass java/net/spi/InetAddressResolver$LookupPolicy
instanceKlass java/net/Inet4AddressImpl
instanceKlass java/net/Inet6AddressImpl
instanceKlass java/net/InetAddressImpl
instanceKlass java/util/concurrent/ConcurrentSkipListMap$Node
instanceKlass java/util/concurrent/ConcurrentSkipListMap$Index
instanceKlass java/util/concurrent/ConcurrentNavigableMap
instanceKlass java/net/InetAddress$InetAddressHolder
instanceKlass java/net/InetAddress$1
instanceKlass jdk/internal/access/JavaNetInetAddressAccess
instanceKlass java/net/InetAddress
instanceKlass java/net/InterfaceAddress
instanceKlass java/net/NetworkInterface
instanceKlass sun/security/provider/SeedGenerator$1
instanceKlass sun/security/provider/SeedGenerator
instanceKlass sun/security/provider/AbstractDrbg$SeederHolder
instanceKlass java/security/DrbgParameters$NextBytes
instanceKlass  @bci sun/security/provider/AbstractDrbg <clinit> ()V 12 <appendix> argL0 ; # sun/security/provider/AbstractDrbg$$Lambda+0x000001d2aa0f9f00
instanceKlass  @cpi sun/security/provider/AbstractDrbg 383 form vmentry <vmtarget> ; # java/lang/invoke/LambdaForm$DMH+0x000001d2aa1c4000
# instanceKlass java/lang/invoke/LambdaForm$DMH+0x000001d2aa1b9400
instanceKlass sun/security/provider/EntropySource
instanceKlass sun/security/provider/AbstractDrbg
instanceKlass java/security/DrbgParameters$Instantiation
instanceKlass java/security/DrbgParameters
instanceKlass sun/security/provider/MoreDrbgParameters
instanceKlass  @bci sun/security/provider/DRBG <init> (Ljava/security/SecureRandomParameters;)V 26 <appendix> argL0 ; # sun/security/provider/DRBG$$Lambda+0x000001d2aa0f8a40
instanceKlass java/security/SecureRandomSpi
instanceKlass java/io/File$TempDirectory
instanceKlass com/sun/jna/Native$5
instanceKlass com/sun/jna/Platform
instanceKlass com/sun/jna/Native$1
instanceKlass com/sun/jna/Callback$UncaughtExceptionHandler
instanceKlass com/sun/jna/Native
instanceKlass com/sun/jna/Version
instanceKlass com/sun/jna/ToNativeContext
instanceKlass com/sun/jna/FromNativeContext
instanceKlass com/sun/jna/FromNativeConverter
instanceKlass com/sun/jna/ToNativeConverter
instanceKlass com/sun/jna/Structure
instanceKlass com/sun/jna/Pointer
instanceKlass org/eclipse/core/internal/filesystem/local/NativeHandler
instanceKlass org/eclipse/core/internal/filesystem/local/LocalFileNativesManager
instanceKlass org/eclipse/core/resources/FileInfoMatcherDescription
instanceKlass org/eclipse/core/internal/resources/FilterDescription
instanceKlass javax/xml/parsers/DocumentBuilder
instanceKlass javax/xml/parsers/DocumentBuilderFactory
instanceKlass org/eclipse/core/internal/runtime/XmlProcessorFactory
instanceKlass org/eclipse/core/internal/resources/IModelObjectConstants
instanceKlass org/eclipse/core/filesystem/URIUtil
instanceKlass java/util/AbstractMap$2$1
instanceKlass  @bci org/eclipse/core/internal/resources/ProjectVariableProviderManager <clinit> ()V 14 <appendix> argL0 ; # org/eclipse/core/internal/resources/ProjectVariableProviderManager$$Lambda+0x000001d2aa1bc000
instanceKlass  @cpi org/eclipse/core/internal/resources/ProjectVariableProviderManager 171 form vmentry <vmtarget> ; # java/lang/invoke/LambdaForm$DMH+0x000001d2aa1b9000
instanceKlass org/eclipse/core/resources/variableresolvers/PathVariableResolver
instanceKlass org/eclipse/core/internal/resources/ProjectVariableProviderManager$Descriptor
instanceKlass org/eclipse/core/internal/resources/ProjectVariableProviderManager
instanceKlass org/eclipse/core/internal/resources/ProjectPathVariableManager
instanceKlass  @bci org/eclipse/core/internal/filesystem/local/LocalFile createExecutor (I)Ljava/util/concurrent/ForkJoinPool; 15 <appendix> argL0 ; # org/eclipse/core/internal/filesystem/local/LocalFile$$Lambda+0x000001d2aa1ba210
instanceKlass  @bci org/eclipse/core/internal/filesystem/local/LocalFile createExecutor (I)Ljava/util/concurrent/ForkJoinPool; 5 <appendix> argL0 ; # org/eclipse/core/internal/filesystem/local/LocalFile$$Lambda+0x000001d2aa1ba000
instanceKlass org/eclipse/jdt/ls/core/internal/filesystem/JLSFsUtils
instanceKlass sun/nio/fs/WindowsUriSupport
instanceKlass org/eclipse/core/filesystem/IFileStore
instanceKlass org/eclipse/jdt/ls/core/internal/filesystem/JDTLSFilesystemActivator$1
instanceKlass org/eclipse/jdt/ls/core/internal/filesystem/JDTLSFilesystemActivator
instanceKlass org/eclipse/core/filesystem/IFileSystem
instanceKlass org/eclipse/core/internal/filesystem/InternalFileSystemCore
instanceKlass org/eclipse/core/filesystem/EFS
instanceKlass org/eclipse/core/internal/localstore/FileStoreRoot
instanceKlass org/eclipse/core/filesystem/IFileInfo
instanceKlass org/eclipse/core/internal/resources/MarkerAttributeMap
instanceKlass org/eclipse/core/internal/resources/MarkerSet
instanceKlass org/eclipse/core/internal/resources/MarkerReader
instanceKlass org/eclipse/core/internal/watson/ElementTree$ChildIDsCache
instanceKlass  @bci org/eclipse/core/internal/resources/SaveManager initSnap (Lorg/eclipse/core/runtime/IProgressMonitor;)V 67 <appendix> argL0 ; # org/eclipse/core/internal/resources/SaveManager$$Lambda+0x000001d2aa1b2800
instanceKlass java/io/FilenameFilter
instanceKlass  @bci org/eclipse/lsp4j/jsonrpc/services/GenericEndpoint recursiveFindRpcMethods (Ljava/lang/Object;Ljava/util/Set;Ljava/util/Set;)V 24 <appendix> form vmentry <vmtarget> ; # java/lang/invoke/LambdaForm$DMH+0x000001d2aa1b4000
instanceKlass  @bci org/eclipse/core/internal/jobs/JobManager cancel (Lorg/eclipse/core/internal/jobs/InternalJob;)Z 15 <appendix> member <vmtarget> ; # org/eclipse/core/internal/jobs/JobManager$$Lambda+0x000001d2aa1a0420
instanceKlass org/eclipse/core/internal/utils/ObjectMap
instanceKlass org/eclipse/core/internal/dtree/DataTreeLookup
instanceKlass org/eclipse/core/internal/dtree/DataTreeReader
instanceKlass org/eclipse/core/internal/watson/ElementTreeReader$1
instanceKlass org/eclipse/core/internal/dtree/IDataFlattener
instanceKlass org/eclipse/core/internal/watson/ElementTreeReader
instanceKlass org/eclipse/core/resources/IFileState
instanceKlass org/eclipse/core/internal/events/BuilderPersistentInfo
instanceKlass org/eclipse/core/internal/resources/SyncInfoReader
instanceKlass org/eclipse/core/internal/resources/WorkspaceTreeReader
instanceKlass org/eclipse/core/resources/ISaveContext
instanceKlass org/eclipse/core/resources/ISavedState
instanceKlass org/eclipse/core/internal/resources/SaveManager
instanceKlass org/eclipse/core/internal/watson/IElementInfoFlattener
instanceKlass org/eclipse/core/internal/resources/SyncInfoWriter
instanceKlass org/eclipse/core/internal/resources/Synchronizer
instanceKlass org/eclipse/core/internal/resources/MarkerWriter
instanceKlass org/eclipse/core/internal/resources/MarkerDeltaManager
instanceKlass org/eclipse/core/internal/resources/MarkerTypeDefinitionCache$MarkerTypeDefinition
instanceKlass org/eclipse/core/internal/resources/MarkerTypeDefinitionCache
instanceKlass org/eclipse/core/internal/resources/MarkerInfo
instanceKlass org/eclipse/core/internal/resources/IMarkerSetElement
instanceKlass org/eclipse/core/internal/resources/MarkerManager
instanceKlass  @bci org/eclipse/core/internal/events/NotificationManager$NotifyJob <init> (Lorg/eclipse/core/internal/events/NotificationManager;)V 13 <appendix> argL0 ; # org/eclipse/core/internal/events/NotificationManager$NotifyJob$$Lambda+0x000001d2aa1a8000
instanceKlass org/eclipse/core/internal/events/ResourceChangeListenerList
instanceKlass org/eclipse/core/internal/events/NotificationManager
instanceKlass java/util/stream/SortedOps
instanceKlass  @bci org/eclipse/core/internal/runtime/InternalPlatform getBundles0 (Ljava/lang/String;Ljava/lang/String;)Ljava/util/stream/Stream; 90 <appendix> argL0 ; # org/eclipse/core/internal/runtime/InternalPlatform$$Lambda+0x000001d2aa19cdb0
instanceKlass  @bci org/eclipse/core/internal/runtime/InternalPlatform getBundles0 (Ljava/lang/String;Ljava/lang/String;)Ljava/util/stream/Stream; 80 <appendix> argL0 ; # org/eclipse/core/internal/runtime/InternalPlatform$$Lambda+0x000001d2aa19cb80
instanceKlass org/eclipse/core/internal/events/BuildManager$DeltaCache
instanceKlass org/eclipse/core/resources/ICommand
instanceKlass org/eclipse/core/resources/IResourceDelta
instanceKlass org/eclipse/core/internal/events/InternalBuilder
instanceKlass org/eclipse/core/resources/IBuildContext
instanceKlass org/eclipse/core/internal/events/BuildManager
instanceKlass org/eclipse/core/internal/resources/FilterTypeManager$1
instanceKlass org/eclipse/core/internal/resources/FilterDescriptor
instanceKlass org/eclipse/core/resources/IFilterMatcherDescriptor
instanceKlass org/eclipse/core/internal/resources/FilterTypeManager
instanceKlass org/eclipse/core/resources/IProjectNatureDescriptor
instanceKlass org/eclipse/core/internal/resources/NatureManager
instanceKlass org/eclipse/core/internal/events/ILifecycleListener
instanceKlass org/eclipse/core/internal/resources/PathVariableManager
instanceKlass  @bci org/eclipse/core/internal/resources/WorkspaceRoot getProject (Ljava/lang/String;)Lorg/eclipse/core/resources/IProject; 72 <appendix> member <vmtarget> ; # org/eclipse/core/internal/resources/WorkspaceRoot$$Lambda+0x000001d2aa193b80
instanceKlass org/eclipse/core/internal/preferences/PreferencesService$1
instanceKlass  @bci org/eclipse/core/internal/preferences/PreferencesService getLookupOrder (Ljava/lang/String;Ljava/lang/String;)[Ljava/lang/String; 29 <appendix> argL0 ; # org/eclipse/core/internal/preferences/PreferencesService$$Lambda+0x000001d2aa165cc0
instanceKlass java/util/function/IntFunction
instanceKlass  @bci org/eclipse/core/internal/localstore/FileSystemResourceManager <init> (Lorg/eclipse/core/internal/resources/Workspace;)V 6 <appendix> member <vmtarget> ; # org/eclipse/core/internal/localstore/FileSystemResourceManager$$Lambda+0x000001d2aa1927b0
instanceKlass org/eclipse/core/internal/localstore/RefreshLocalVisitor
instanceKlass org/eclipse/core/internal/localstore/ILocalStoreConstants
instanceKlass org/eclipse/core/internal/localstore/IHistoryStore
instanceKlass org/eclipse/core/internal/localstore/IUnifiedTreeVisitor
instanceKlass org/eclipse/core/internal/localstore/FileSystemResourceManager
instanceKlass org/eclipse/core/runtime/jobs/MultiRule
instanceKlass org/eclipse/core/internal/jobs/OrderedLock
instanceKlass org/eclipse/core/internal/resources/WorkManager$NotifyRule
instanceKlass org/eclipse/core/internal/resources/WorkManager
instanceKlass org/eclipse/core/runtime/NullProgressMonitor
instanceKlass org/eclipse/core/runtime/preferences/IExportedPreferences
instanceKlass  @bci org/eclipse/core/internal/resources/WorkspacePreferences <init> ()V 189 <appendix> member <vmtarget> ; # org/eclipse/core/internal/resources/WorkspacePreferences$$Lambda+0x000001d2aa190aa8
instanceKlass org/eclipse/core/runtime/Preferences$IPropertyChangeListener
instanceKlass org/eclipse/core/runtime/preferences/IEclipsePreferences$INodeChangeListener
instanceKlass org/eclipse/core/runtime/preferences/IEclipsePreferences$IPreferenceChangeListener
instanceKlass  @bci org/eclipse/core/runtime/Plugin getPluginPreferences ()Lorg/eclipse/core/runtime/Preferences; 65 <appendix> member <vmtarget> ; # org/eclipse/core/runtime/Plugin$$Lambda+0x000001d2aa19c1e8
instanceKlass org/eclipse/core/runtime/Preferences
# instanceKlass java/lang/invoke/LambdaForm$MH+0x000001d2aa19b800
instanceKlass lombok/eclipse/agent/PatchFixesShadowLoaded
instanceKlass lombok/core/LombokNode
instanceKlass lombok/core/DiagnosticsReceiver
instanceKlass lombok/launch/PatchFixesHider$Util
instanceKlass lombok/launch/PatchFixesHider$LombokDeps
instanceKlass lombok/launch/ClassFileMetaData
instanceKlass  @bci jdk/internal/reflect/MethodHandleObjectFieldAccessorImpl set (Ljava/lang/Object;Ljava/lang/Object;)V 41 <adapter> ; # java/lang/invoke/LambdaForm$MH+0x000001d2aa19a400
instanceKlass lombok/launch/PackageShader
# instanceKlass java/lang/invoke/LambdaForm$MH+0x000001d2aa19a000
# instanceKlass java/lang/invoke/LambdaForm$MH+0x000001d2aa199c00
# instanceKlass java/lang/invoke/LambdaForm$MH+0x000001d2aa199800
# instanceKlass java/lang/invoke/LambdaForm$MH+0x000001d2aa199400
instanceKlass  @bci org/eclipse/core/internal/events/BuildManager getDeltaCached (Lorg/eclipse/core/resources/IProject;Lorg/eclipse/core/internal/watson/ElementTree;Lorg/eclipse/core/internal/watson/ElementTree;)Lorg/eclipse/core/resources/IResourceDelta; 22 <appendix> form vmentry <vmtarget> ; # java/lang/invoke/LambdaForm$DMH+0x000001d2aa199000
# instanceKlass java/lang/invoke/LambdaForm$MH+0x000001d2aa197400
# instanceKlass java/lang/invoke/LambdaForm$MH+0x000001d2aa197000
# instanceKlass java/lang/invoke/LambdaForm$MH+0x000001d2aa196c00
instanceKlass  @cpi org/eclipse/jdt/internal/core/builder/ClasspathJrt 444 form vmentry <vmtarget> ; # java/lang/invoke/LambdaForm$DMH+0x000001d2aa196800
# instanceKlass java/lang/invoke/LambdaForm$MH+0x000001d2aa196000
# instanceKlass java/lang/invoke/LambdaForm$MH+0x000001d2aa195c00
# instanceKlass java/lang/invoke/LambdaForm$MH+0x000001d2aa195800
# instanceKlass java/lang/invoke/LambdaForm$MH+0x000001d2aa195400
# instanceKlass java/lang/invoke/LambdaForm$MH+0x000001d2aa195000
instanceKlass java/lang/constant/ClassDesc
instanceKlass java/io/ObjectOutput
instanceKlass java/io/ObjectStreamConstants
instanceKlass java/io/ObjectInput
instanceKlass java/lang/foreign/ValueLayout
instanceKlass java/lang/foreign/MemoryLayout
# instanceKlass java/lang/invoke/LambdaForm$MH+0x000001d2aa194c00
# instanceKlass java/lang/invoke/LambdaForm$MH+0x000001d2aa194800
# instanceKlass java/lang/invoke/LambdaForm$MH+0x000001d2aa194400
# instanceKlass java/lang/invoke/LambdaForm$MH+0x000001d2aa194000
instanceKlass org/eclipse/core/internal/runtime/Product
instanceKlass org/eclipse/core/runtime/IProduct
instanceKlass lombok/patcher/scripts/WrapReturnValuesScript$1
instanceKlass org/eclipse/osgi/internal/url/URLStreamHandlerProxy$1
instanceKlass org/eclipse/osgi/internal/url/URLStreamHandlerSetter
instanceKlass org/eclipse/osgi/internal/url/NullURLStreamHandlerService
instanceKlass org/osgi/service/url/URLStreamHandlerSetter
instanceKlass  @bci org/eclipse/osgi/internal/url/URLStreamHandlerFactoryImpl createInternalURLStreamHandler (Ljava/lang/String;)Ljava/net/URLStreamHandler; 18 <appendix> member <vmtarget> ; # org/eclipse/osgi/internal/url/URLStreamHandlerFactoryImpl$$Lambda+0x000001d2aa151ba8
instanceKlass org/eclipse/equinox/internal/app/ProductExtensionBranding
instanceKlass org/eclipse/core/internal/runtime/FindSupport
instanceKlass org/eclipse/core/runtime/FileLocator
instanceKlass  @bci org/eclipse/osgi/internal/framework/legacy/PackageAdminImpl getBundles (Ljava/lang/String;Ljava/lang/String;)[Lorg/osgi/framework/Bundle; 281 <appendix> argL0 ; # org/eclipse/osgi/internal/framework/legacy/PackageAdminImpl$$Lambda+0x000001d2aa151978
instanceKlass org/eclipse/core/runtime/SafeRunner
instanceKlass  @bci org/eclipse/core/internal/preferences/PreferenceServiceRegistryHelper runInitializer (Lorg/eclipse/core/runtime/IConfigurationElement;)V 18 <appendix> member <vmtarget> ; # org/eclipse/core/internal/preferences/PreferenceServiceRegistryHelper$$Lambda+0x000001d2aa164d40
instanceKlass org/eclipse/core/runtime/IExecutableExtensionFactory
instanceKlass org/eclipse/core/runtime/IExecutableExtension
instanceKlass org/eclipse/core/runtime/preferences/AbstractPreferenceInitializer
instanceKlass org/eclipse/core/internal/dtree/AbstractDataTree
instanceKlass org/eclipse/core/internal/dtree/AbstractDataTreeNode
instanceKlass org/eclipse/core/internal/watson/ElementTree
instanceKlass org/eclipse/core/internal/runtime/DataArea
instanceKlass org/eclipse/core/internal/runtime/MetaDataKeeper
instanceKlass org/eclipse/core/internal/resources/LocalMetaArea
instanceKlass org/eclipse/core/internal/resources/LocationValidator
instanceKlass org/eclipse/core/runtime/Platform$OS
instanceKlass org/eclipse/core/internal/utils/FileUtil
instanceKlass org/eclipse/core/internal/watson/IElementContentVisitor
instanceKlass org/eclipse/core/resources/IResourceFilterDescription
instanceKlass org/eclipse/core/resources/IResourceProxy
instanceKlass org/eclipse/core/resources/team/IResourceTree
instanceKlass org/eclipse/core/resources/IMarker
instanceKlass org/eclipse/core/runtime/Platform
instanceKlass org/eclipse/core/resources/team/FileModificationValidationContext
instanceKlass org/eclipse/core/resources/team/IMoveDeleteHook
instanceKlass org/eclipse/core/internal/resources/ModelObject
instanceKlass org/eclipse/core/resources/IProject
instanceKlass org/eclipse/core/resources/IPathVariableManager
instanceKlass org/eclipse/core/resources/IProjectDescription
instanceKlass org/eclipse/core/internal/properties/IPropertyManager
instanceKlass org/eclipse/core/internal/resources/IManager
instanceKlass org/eclipse/core/internal/resources/InternalTeamHook
instanceKlass org/eclipse/core/internal/watson/IElementComparator
instanceKlass org/eclipse/core/internal/dtree/IComparator
instanceKlass org/eclipse/core/resources/ISynchronizer
instanceKlass org/eclipse/core/resources/IBuildConfiguration
instanceKlass org/eclipse/core/resources/IResourceRuleFactory
instanceKlass org/eclipse/core/resources/IWorkspaceDescription
instanceKlass org/eclipse/core/resources/IFile
instanceKlass org/eclipse/core/resources/IEncodedStorage
instanceKlass org/eclipse/core/resources/IStorage
instanceKlass org/eclipse/core/resources/IFolder
instanceKlass org/eclipse/core/internal/watson/IPathRequestor
instanceKlass org/eclipse/core/internal/resources/ResourceInfo
instanceKlass org/eclipse/core/internal/utils/IStringPoolParticipant
instanceKlass org/eclipse/core/runtime/ICoreRunnable
instanceKlass org/eclipse/core/internal/watson/IElementTreeData
instanceKlass org/eclipse/core/internal/jobs/WorkerPool
instanceKlass org/eclipse/core/internal/jobs/JobQueue
instanceKlass org/eclipse/core/internal/jobs/DeadlockDetector
instanceKlass org/eclipse/core/internal/jobs/LockManager
instanceKlass org/eclipse/core/runtime/jobs/JobChangeAdapter
instanceKlass  @bci org/eclipse/core/internal/jobs/JobManager <init> ()V 52 <appendix> member <vmtarget> ; # org/eclipse/core/internal/jobs/JobManager$$Lambda+0x000001d2aa17fdc8
instanceKlass  @bci org/eclipse/core/internal/jobs/JobListeners <init> ()V 50 <appendix> argL0 ; # org/eclipse/core/internal/jobs/JobListeners$$Lambda+0x000001d2aa17fbb8
instanceKlass  @bci org/eclipse/core/internal/jobs/JobListeners <init> ()V 41 <appendix> argL0 ; # org/eclipse/core/internal/jobs/JobListeners$$Lambda+0x000001d2aa17f9a8
instanceKlass  @bci org/eclipse/core/internal/jobs/JobListeners <init> ()V 32 <appendix> argL0 ; # org/eclipse/core/internal/jobs/JobListeners$$Lambda+0x000001d2aa17f798
instanceKlass  @bci org/eclipse/core/internal/jobs/JobListeners <init> ()V 23 <appendix> argL0 ; # org/eclipse/core/internal/jobs/JobListeners$$Lambda+0x000001d2aa17f588
instanceKlass  @bci org/eclipse/core/internal/jobs/JobListeners <init> ()V 14 <appendix> argL0 ; # org/eclipse/core/internal/jobs/JobListeners$$Lambda+0x000001d2aa17f378
instanceKlass  @bci org/eclipse/core/internal/jobs/JobListeners <init> ()V 5 <appendix> argL0 ; # org/eclipse/core/internal/jobs/JobListeners$$Lambda+0x000001d2aa17f168
instanceKlass  @cpi org/eclipse/core/internal/jobs/JobListeners 385 form vmentry <vmtarget> ; # java/lang/invoke/LambdaForm$DMH+0x000001d2aa180000
instanceKlass org/eclipse/core/internal/jobs/JobListeners$IListenerDoit
instanceKlass org/eclipse/core/runtime/jobs/IJobChangeEvent
instanceKlass org/eclipse/core/internal/jobs/JobListeners
instanceKlass org/eclipse/core/internal/jobs/ImplicitJobs
instanceKlass org/eclipse/core/internal/jobs/JobManager$1
instanceKlass org/eclipse/core/runtime/ProgressMonitorWrapper
instanceKlass org/eclipse/core/runtime/IProgressMonitorWithBlocking
instanceKlass org/eclipse/core/internal/jobs/InternalJobGroup
instanceKlass org/eclipse/core/runtime/jobs/ILock
instanceKlass org/eclipse/core/runtime/jobs/IJobChangeListener
instanceKlass org/eclipse/core/internal/jobs/JobManager
instanceKlass org/eclipse/core/runtime/jobs/IJobManager
instanceKlass org/eclipse/core/internal/jobs/JobOSGiUtils
instanceKlass org/eclipse/core/internal/jobs/JobActivator
instanceKlass org/eclipse/core/resources/IWorkspaceRoot
instanceKlass org/eclipse/core/resources/IContainer
instanceKlass org/eclipse/core/resources/IResource
instanceKlass org/eclipse/core/runtime/jobs/ISchedulingRule
instanceKlass org/eclipse/core/runtime/PlatformObject
instanceKlass org/eclipse/core/internal/resources/ICoreConstants
instanceKlass  @bci java/time/format/DateTimeFormatter <clinit> ()V 1075 <appendix> argL0 ; # java/time/format/DateTimeFormatter$$Lambda+0x80000000e
instanceKlass  @bci java/time/format/DateTimeFormatter <clinit> ()V 1067 <appendix> argL0 ; # java/time/format/DateTimeFormatter$$Lambda+0x80000000d
instanceKlass  @bci org/eclipse/jdt/internal/compiler/ast/SwitchStatement$SwitchTranslator initializeLabels (Lorg/eclipse/jdt/internal/compiler/codegen/CodeStream;)V 27 <bsm> form vmentry <vmtarget> ; # java/lang/invoke/LambdaForm$DMH+0x000001d2aa17a800
instanceKlass java/time/Period
instanceKlass java/time/chrono/ChronoPeriod
instanceKlass java/time/format/DateTimeFormatterBuilder$TextPrinterParser
instanceKlass java/time/format/DateTimeTextProvider$1
instanceKlass java/time/format/DateTimeTextProvider
instanceKlass java/time/format/DateTimeTextProvider$LocaleStore
instanceKlass java/time/format/DateTimeFormatterBuilder$InstantPrinterParser
instanceKlass java/time/format/DateTimeFormatterBuilder$StringLiteralPrinterParser
instanceKlass java/time/format/DateTimeFormatterBuilder$ZoneIdPrinterParser
instanceKlass java/time/format/DateTimeFormatterBuilder$OffsetIdPrinterParser
instanceKlass java/time/format/DecimalStyle
instanceKlass java/time/format/DateTimeFormatterBuilder$CompositePrinterParser
instanceKlass java/time/chrono/AbstractChronology
instanceKlass java/time/chrono/Chronology
instanceKlass java/time/format/DateTimeFormatterBuilder$CharLiteralPrinterParser
instanceKlass java/time/format/DateTimeFormatterBuilder$NumberPrinterParser
instanceKlass java/time/format/DateTimeFormatterBuilder$DateTimePrinterParser
instanceKlass java/time/temporal/JulianFields
instanceKlass java/time/temporal/IsoFields
instanceKlass  @bci java/time/format/DateTimeFormatterBuilder <clinit> ()V 0 <appendix> argL0 ; # java/time/format/DateTimeFormatterBuilder$$Lambda+0x80000000f
instanceKlass java/time/temporal/TemporalQuery
instanceKlass java/time/format/DateTimeFormatterBuilder
instanceKlass java/time/format/DateTimeFormatter
instanceKlass org/eclipse/osgi/internal/debug/EclipseDebugTrace
instanceKlass org/eclipse/core/internal/utils/Policy$1
instanceKlass org/eclipse/core/runtime/IProgressMonitor
instanceKlass org/eclipse/core/internal/utils/Policy
instanceKlass org/eclipse/core/resources/ResourcesPlugin$WorkspaceInitCustomizer
instanceKlass org/eclipse/core/resources/IWorkspace
instanceKlass org/eclipse/core/runtime/IAdaptable
instanceKlass org/eclipse/jdt/ls/core/internal/managers/ProjectsManager
instanceKlass org/eclipse/jdt/ls/core/internal/managers/IProjectsManager
instanceKlass org/eclipse/core/resources/ISaveParticipant
instanceKlass org/eclipse/core/internal/runtime/LogServiceFactory
instanceKlass org/eclipse/equinox/internal/app/AppCommands
instanceKlass  @bci org/eclipse/jdt/ls/core/internal/handlers/BundleUtils startBundle (Ljava/lang/String;)V 29 <adapter> ; # java/lang/invoke/LambdaForm$MH+0x000001d2aa178400
instanceKlass  @bci org/eclipse/jdt/ls/core/internal/handlers/BundleUtils startBundle (Ljava/lang/String;)V 29 <appendix> form vmentry <vmtarget> ; # java/lang/invoke/LambdaForm$MH+0x000001d2aa178000
# instanceKlass java/lang/invoke/LambdaForm$MH+0x000001d2aa177c00
instanceKlass  @bci org/eclipse/jdt/ls/core/internal/handlers/BundleUtils startBundle (Ljava/lang/String;)V 29 <appendix> form names 6 function resolvedHandle form vmentry <vmtarget> ; # java/lang/invoke/LambdaForm$DMH+0x000001d2aa177800
instanceKlass  @bci org/eclipse/jdt/ls/core/internal/handlers/BundleUtils startBundle (Ljava/lang/String;)V 29 <appendix> argL3 form vmentry <vmtarget> ; # java/lang/invoke/LambdaForm$MH+0x000001d2aa177400
# instanceKlass java/lang/invoke/LambdaForm$MH+0x000001d2aa177000
# instanceKlass java/lang/invoke/LambdaForm$MH+0x000001d2aa176c00
# instanceKlass java/lang/invoke/LambdaForm$MH+0x000001d2aa176800
# instanceKlass java/lang/invoke/LambdaForm$MH+0x000001d2aa176400
instanceKlass  @bci org/eclipse/jdt/ls/core/internal/handlers/BundleUtils startBundle (Ljava/lang/String;)V 29 <appendix> form names 10 function resolvedHandle form vmentry <vmtarget> ; # java/lang/invoke/LambdaForm$DMH+0x000001d2aa176000
instanceKlass  @bci org/eclipse/jdt/ls/core/internal/handlers/BundleUtils startBundle (Ljava/lang/String;)V 29 <appendix> argL1 form vmentry <vmtarget> ; # java/lang/invoke/LambdaForm$MH+0x000001d2aa175c00
# instanceKlass java/lang/invoke/LambdaForm$MH+0x000001d2aa175800
# instanceKlass java/lang/invoke/LambdaForm$MH+0x000001d2aa175400
# instanceKlass java/lang/invoke/LambdaForm$MH+0x000001d2aa175000
instanceKlass org/eclipse/equinox/internal/app/EclipseAppContainer$RegisterService
instanceKlass org/eclipse/equinox/app/IApplicationContext
instanceKlass org/osgi/service/application/ApplicationHandle
instanceKlass org/osgi/service/application/ApplicationDescriptor
instanceKlass org/eclipse/osgi/service/runnable/ApplicationLauncher
instanceKlass org/eclipse/osgi/service/runnable/ApplicationRunnable
instanceKlass org/eclipse/equinox/internal/app/IBranding
instanceKlass org/eclipse/osgi/service/runnable/ParameterizedRunnable
instanceKlass org/eclipse/equinox/internal/app/EclipseAppContainer
instanceKlass org/osgi/service/application/ScheduledApplication
instanceKlass org/eclipse/equinox/internal/app/AppPersistence
instanceKlass org/eclipse/equinox/internal/app/Activator
instanceKlass org/eclipse/equinox/internal/app/CommandLineArgs
instanceKlass org/eclipse/core/internal/preferences/legacy/InitLegacyPreferences
instanceKlass org/eclipse/core/internal/preferences/legacy/ProductPreferencesService
instanceKlass org/eclipse/core/internal/preferences/exchange/IProductPreferencesService
instanceKlass org/eclipse/core/internal/runtime/AuthorizationHandler
instanceKlass org/eclipse/core/runtime/IBundleGroupProvider
instanceKlass  @bci org/eclipse/core/internal/runtime/InternalPlatform <clinit> ()V 98 <appendix> argL0 ; # org/eclipse/core/internal/runtime/InternalPlatform$$Lambda+0x000001d2aa1718a0
instanceKlass org/eclipse/core/runtime/ILog
instanceKlass org/eclipse/core/internal/runtime/InternalPlatform
instanceKlass org/eclipse/core/runtime/Plugin
instanceKlass org/eclipse/equinox/internal/frameworkadmin/equinox/Log
instanceKlass java/lang/Process
instanceKlass org/eclipse/equinox/internal/provisional/configuratormanipulator/ConfiguratorManipulator
instanceKlass org/eclipse/equinox/internal/provisional/frameworkadmin/Manipulator
instanceKlass org/eclipse/equinox/internal/frameworkadmin/equinox/EquinoxFwAdminImpl
instanceKlass org/eclipse/equinox/internal/provisional/frameworkadmin/FrameworkAdmin
instanceKlass org/osgi/util/promise/DeferredPromiseImpl$ResolveWith
instanceKlass  @bci org/osgi/util/promise/PromiseFactory$All run ()V 81 <appendix> member <vmtarget> ; # org/osgi/util/promise/PromiseFactory$All$$Lambda+0x000001d2aa16a448
instanceKlass  @cpi org/osgi/util/promise/PromiseFactory$All 144 form vmentry <vmtarget> ; # java/lang/invoke/LambdaForm$DMH+0x000001d2aa16b000
instanceKlass org/osgi/util/promise/PromiseImpl$Result
instanceKlass org/osgi/util/promise/PromiseFactory$All
instanceKlass org/osgi/util/promise/PromiseImpl$InlineCallback
instanceKlass org/eclipse/core/runtime/QualifiedName
instanceKlass org/apache/felix/scr/impl/inject/methods/ActivateMethod$1
instanceKlass org/apache/felix/scr/impl/inject/MethodResult
instanceKlass org/eclipse/core/internal/content/ContentTypeManager$ContentTypeRegistryChangeListener
instanceKlass org/apache/felix/scr/impl/manager/DependencyManager$OpenStatusImpl
instanceKlass org/apache/felix/scr/impl/manager/SingleComponentManager$1
instanceKlass org/apache/felix/scr/impl/inject/ReferenceMethod$1
instanceKlass org/apache/felix/scr/impl/inject/methods/BaseMethod$Resolved
instanceKlass org/apache/felix/scr/impl/inject/methods/BaseMethod$MethodInfo
instanceKlass org/apache/felix/scr/impl/inject/methods/BaseMethod$1
instanceKlass org/eclipse/core/internal/content/BasicDescription
instanceKlass org/eclipse/core/runtime/content/IContentTypeManager$ISelectionPolicy
instanceKlass org/eclipse/core/runtime/content/IContentTypeManager$IContentTypeChangeListener
instanceKlass org/eclipse/core/internal/content/ContentTypeBuilder
instanceKlass org/eclipse/core/internal/content/ContentTypeCatalog
instanceKlass org/eclipse/core/internal/preferences/BundleStateScopeServiceFactory
instanceKlass org/eclipse/core/internal/preferences/Activator$1
instanceKlass  @bci org/eclipse/jdt/internal/compiler/util/Messages buildVariants (Ljava/lang/String;)[Ljava/lang/String; 24 <appendix> form vmentry <vmtarget> ; # java/lang/invoke/LambdaForm$MH+0x000001d2aa163800
# instanceKlass java/lang/invoke/LambdaForm$MH+0x000001d2aa163400
instanceKlass  @bci org/eclipse/jdt/internal/compiler/util/Messages buildVariants (Ljava/lang/String;)[Ljava/lang/String; 24 <appendix> argL3 form vmentry <vmtarget> ; # java/lang/invoke/LambdaForm$MH+0x000001d2aa163000
# instanceKlass java/lang/invoke/LambdaForm$MH+0x000001d2aa162c00
# instanceKlass java/lang/invoke/LambdaForm$MH+0x000001d2aa162800
# instanceKlass java/lang/invoke/LambdaForm$MH+0x000001d2aa162400
instanceKlass org/eclipse/core/internal/registry/ExtensionRegistry$ListenerInfo
instanceKlass org/eclipse/core/internal/preferences/PreferenceServiceRegistryHelper
instanceKlass  @bci org/eclipse/jdt/ls/core/internal/JavaLanguageServerPlugin$1 run (Lorg/eclipse/core/runtime/IProgressMonitor;)Lorg/eclipse/core/runtime/IStatus; 22 <appendix> form vmentry <vmtarget> ; # java/lang/invoke/LambdaForm$MH+0x000001d2aa162000
instanceKlass  @bci org/eclipse/jdt/ls/core/internal/JavaLanguageServerPlugin$1 run (Lorg/eclipse/core/runtime/IProgressMonitor;)Lorg/eclipse/core/runtime/IStatus; 22 <appendix> argL3 form vmentry <vmtarget> ; # java/lang/invoke/LambdaForm$MH+0x000001d2aa161c00
# instanceKlass java/lang/invoke/LambdaForm$MH+0x000001d2aa161800
# instanceKlass java/lang/invoke/LambdaForm$MH+0x000001d2aa161400
instanceKlass  @bci org/eclipse/jdt/ls/core/internal/handlers/BundleUtils startBundle (Ljava/lang/String;)V 29 <appendix> argL1 argL1 form vmentry <vmtarget> ; # java/lang/invoke/LambdaForm$MH+0x000001d2aa161000
# instanceKlass java/lang/invoke/LambdaForm$MH+0x000001d2aa160c00
instanceKlass org/eclipse/core/runtime/ListenerList$ListenerListIterator
instanceKlass  @bci org/eclipse/core/internal/preferences/EclipsePreferences absolutePath ()Ljava/lang/String; 66 <appendix> form vmentry <vmtarget> ; # java/lang/invoke/LambdaForm$MH+0x000001d2aa160800
# instanceKlass java/lang/invoke/LambdaForm$MH+0x000001d2aa160400
instanceKlass  @bci org/eclipse/core/internal/preferences/EclipsePreferences absolutePath ()Ljava/lang/String; 66 <appendix> argL3 form vmentry <vmtarget> ; # java/lang/invoke/LambdaForm$MH+0x000001d2aa160000
# instanceKlass java/lang/invoke/LambdaForm$MH+0x000001d2aa15fc00
# instanceKlass java/lang/invoke/LambdaForm$MH+0x000001d2aa15f800
# instanceKlass java/lang/invoke/LambdaForm$MH+0x000001d2aa15f400
# instanceKlass java/lang/invoke/LambdaForm$MH+0x000001d2aa15f000
instanceKlass  @bci org/eclipse/core/internal/preferences/EclipsePreferences absolutePath ()Ljava/lang/String; 66 <appendix> argL1 form vmentry <vmtarget> ; # java/lang/invoke/LambdaForm$MH+0x000001d2aa15ec00
# instanceKlass java/lang/invoke/LambdaForm$MH+0x000001d2aa15e800
# instanceKlass java/lang/invoke/LambdaForm$MH+0x000001d2aa15e400
# instanceKlass java/lang/invoke/LambdaForm$MH+0x000001d2aa15e000
instanceKlass org/eclipse/core/internal/preferences/OSGiPreferencesServiceManager
instanceKlass org/osgi/service/prefs/PreferencesService
instanceKlass org/eclipse/core/internal/preferences/AbstractScope
instanceKlass org/eclipse/core/runtime/Path
instanceKlass org/eclipse/core/runtime/Path$Constants
instanceKlass org/eclipse/core/runtime/IPath
instanceKlass org/eclipse/core/internal/preferences/ImmutableMap
instanceKlass org/eclipse/core/internal/preferences/EclipsePreferences
instanceKlass org/eclipse/core/runtime/preferences/IScope
instanceKlass org/eclipse/core/runtime/preferences/IEclipsePreferences
instanceKlass org/eclipse/core/internal/preferences/PreferencesService
instanceKlass org/eclipse/core/runtime/preferences/IPreferencesService
instanceKlass org/eclipse/core/internal/preferences/exchange/ILegacyPreferences
instanceKlass org/eclipse/core/internal/preferences/PreferencesOSGiUtils
instanceKlass org/eclipse/core/internal/preferences/Activator
instanceKlass org/eclipse/core/runtime/preferences/IScopeContext
instanceKlass org/apache/felix/scr/impl/inject/ValueUtils
instanceKlass org/eclipse/core/internal/content/ILazySource
instanceKlass org/eclipse/core/internal/adapter/AdapterManagerListener
instanceKlass org/eclipse/core/internal/runtime/IAdapterManagerProvider
instanceKlass org/eclipse/core/runtime/IRegistryEventListener
instanceKlass org/eclipse/core/internal/registry/osgi/RegistryCommandProvider
instanceKlass org/eclipse/osgi/framework/console/CommandProvider
instanceKlass org/eclipse/core/internal/registry/RegistryProviderFactory
instanceKlass org/eclipse/core/internal/registry/osgi/RegistryProviderOSGI
instanceKlass org/eclipse/core/internal/registry/TemporaryObjectManager
instanceKlass org/eclipse/core/internal/registry/RegistryIndexChildren
instanceKlass org/eclipse/core/internal/registry/RegistryIndexElement
instanceKlass org/eclipse/core/internal/registry/CombinedEventDelta
instanceKlass org/eclipse/core/internal/registry/Contribution
instanceKlass org/eclipse/core/runtime/Assert
instanceKlass java/lang/invoke/DirectMethodHandle$1
instanceKlass org/eclipse/core/internal/runtime/LocalizationUtils
instanceKlass org/eclipse/core/runtime/Status
instanceKlass  @bci jdk/internal/reflect/MethodHandleObjectFieldAccessorImpl set (Ljava/lang/Object;Ljava/lang/Object;)V 29 <adapter> ; # java/lang/invoke/LambdaForm$MH+0x000001d2aa158800
# instanceKlass java/lang/invoke/LambdaForm$MH+0x000001d2aa158400
# instanceKlass java/lang/invoke/LambdaForm$MH+0x000001d2aa158000
instanceKlass  @bci org/eclipse/osgi/util/NLS <clinit> ()V 7 <appendix> argL0 ; # org/eclipse/osgi/util/NLS$$Lambda+0x000001d2aa1503e0
instanceKlass org/eclipse/osgi/util/NLS
instanceKlass org/eclipse/core/internal/runtime/ResourceTranslator
instanceKlass org/eclipse/core/runtime/spi/RegistryContributor
instanceKlass org/eclipse/core/runtime/IContributor
instanceKlass org/eclipse/core/runtime/ContributorFactoryOSGi
instanceKlass org/eclipse/core/internal/registry/osgi/EclipseBundleListener
instanceKlass org/eclipse/osgi/compatibility/state/ReadOnlyState
instanceKlass org/eclipse/core/internal/registry/HashtableOfStringAndInt
instanceKlass org/eclipse/core/internal/registry/KeyedHashSet
instanceKlass org/eclipse/core/runtime/IConfigurationElement
instanceKlass org/eclipse/core/internal/registry/Handle
instanceKlass org/eclipse/core/internal/registry/RegistryObjectManager
instanceKlass org/eclipse/core/internal/registry/IObjectManager
instanceKlass  @bci org/eclipse/core/internal/registry/RegistryProperties getContextProperty (Ljava/lang/String;)Ljava/lang/String; 18 <appendix> member <vmtarget> ; # org/eclipse/core/internal/registry/RegistryProperties$$Lambda+0x000001d2aa14ca80
instanceKlass org/eclipse/core/internal/registry/RegistryTimestamp
instanceKlass org/eclipse/core/internal/registry/TableReader
instanceKlass org/eclipse/core/runtime/ListenerList
instanceKlass org/eclipse/core/internal/registry/ReadWriteMonitor
instanceKlass org/eclipse/core/internal/registry/RegistryObjectFactory
instanceKlass org/eclipse/core/runtime/ISafeRunnable
instanceKlass org/eclipse/core/runtime/IExtensionPoint
instanceKlass org/eclipse/core/runtime/IExtensionDelta
instanceKlass org/eclipse/core/runtime/IExtension
instanceKlass org/eclipse/core/internal/registry/RegistryObject
instanceKlass org/eclipse/core/internal/registry/KeyedElement
instanceKlass org/eclipse/core/internal/registry/ExtensionRegistry
instanceKlass org/eclipse/core/runtime/spi/IDynamicExtensionRegistry
instanceKlass org/eclipse/core/runtime/IExtensionRegistry
instanceKlass org/eclipse/core/runtime/RegistryFactory
instanceKlass org/eclipse/core/internal/registry/ReferenceMap$IEntry
instanceKlass org/eclipse/core/internal/registry/ReferenceMap
instanceKlass org/eclipse/core/internal/registry/osgi/OSGIUtils
instanceKlass org/eclipse/core/internal/registry/osgi/EquinoxUtils
instanceKlass org/eclipse/core/internal/registry/RegistryProperties
instanceKlass org/eclipse/core/runtime/spi/IRegistryProvider
instanceKlass org/eclipse/core/runtime/spi/RegistryStrategy
instanceKlass org/eclipse/core/internal/registry/osgi/Activator
instanceKlass org/eclipse/core/runtime/IRegistryChangeListener
instanceKlass org/eclipse/core/internal/content/IContentTypeInfo
instanceKlass org/eclipse/core/runtime/content/IContentDescription
instanceKlass org/eclipse/core/runtime/content/IContentType
instanceKlass org/eclipse/core/runtime/content/IContentTypeSettings
instanceKlass org/osgi/service/prefs/Preferences
instanceKlass org/apache/felix/scr/impl/inject/internal/ComponentConstructorImpl
instanceKlass org/apache/felix/scr/impl/inject/ReferenceMethods$1
instanceKlass org/apache/felix/scr/impl/inject/ReferenceMethod
instanceKlass org/apache/felix/scr/impl/inject/methods/BindMethods
instanceKlass org/apache/felix/scr/impl/inject/ReferenceMethods
instanceKlass org/apache/felix/scr/impl/inject/methods/BaseMethod$NotApplicable
instanceKlass org/apache/felix/scr/impl/inject/methods/BaseMethod$NotResolved
instanceKlass org/apache/felix/scr/impl/inject/methods/BaseMethod$State
instanceKlass org/apache/felix/scr/impl/inject/BaseParameter
instanceKlass org/apache/felix/scr/impl/inject/methods/BaseMethod
instanceKlass org/eclipse/core/internal/content/ContentTypeMatcher
instanceKlass org/eclipse/core/runtime/content/IContentTypeManager
instanceKlass org/eclipse/core/runtime/content/IContentTypeMatcher
instanceKlass org/apache/felix/scr/impl/helper/ComponentServiceObjectsHelper
instanceKlass org/apache/felix/scr/impl/manager/EdgeInfo
instanceKlass org/apache/felix/scr/impl/manager/ComponentContextImpl$ComponentInstanceImpl
instanceKlass org/osgi/service/component/ComponentInstance
instanceKlass org/apache/felix/scr/impl/manager/ComponentContextImpl
instanceKlass org/apache/felix/scr/impl/manager/RegistrationManager$RegStateWrapper
instanceKlass org/apache/felix/scr/impl/BundleComponentActivator$ListenerInfo
instanceKlass org/apache/felix/scr/impl/manager/ServiceTracker$AbstractTracked
instanceKlass org/apache/felix/scr/impl/manager/ExtendedServiceListener
instanceKlass org/apache/felix/scr/impl/manager/ServiceTracker
instanceKlass org/apache/felix/scr/impl/helper/Coercions
instanceKlass org/apache/felix/scr/impl/manager/DependencyManager$AbstractCustomizer
instanceKlass org/apache/felix/scr/impl/inject/RefPair
instanceKlass org/apache/felix/scr/impl/manager/DependencyManager$Customizer
instanceKlass org/apache/felix/scr/impl/manager/ServiceTrackerCustomizer
instanceKlass org/apache/felix/scr/impl/inject/OpenStatus
instanceKlass org/apache/felix/scr/impl/manager/DependencyManager
instanceKlass org/apache/felix/scr/impl/manager/ReferenceManager
instanceKlass org/osgi/util/promise/Deferred
instanceKlass org/apache/felix/scr/impl/manager/SingleComponentManager$SetImplementationObject
instanceKlass org/apache/felix/scr/impl/inject/ScrComponentContext
instanceKlass org/apache/felix/scr/component/ExtComponentContext
instanceKlass org/apache/felix/scr/impl/manager/RegistrationManager
instanceKlass org/apache/felix/scr/impl/helper/ConfigAdminTracker$1
instanceKlass org/apache/felix/scr/impl/helper/ConfigAdminTracker
instanceKlass java/util/Timer$ThreadReaper
instanceKlass java/util/TaskQueue
instanceKlass java/util/Timer
instanceKlass org/apache/felix/scr/impl/inject/ComponentConstructor
instanceKlass org/apache/felix/scr/impl/inject/LifecycleMethod
instanceKlass org/apache/felix/scr/impl/inject/internal/ComponentMethodsImpl
instanceKlass org/apache/felix/scr/impl/metadata/TargetedPID
instanceKlass java/util/concurrent/CompletionStage
instanceKlass org/osgi/util/promise/PromiseImpl
instanceKlass org/osgi/util/promise/Promise
instanceKlass org/osgi/util/promise/PromiseFactory
instanceKlass org/osgi/util/promise/Promises
instanceKlass org/apache/felix/scr/impl/inject/ComponentMethods
instanceKlass org/osgi/service/component/ComponentFactory
instanceKlass org/apache/felix/scr/impl/manager/AbstractComponentManager
instanceKlass org/apache/felix/scr/impl/manager/ComponentManager
instanceKlass org/apache/felix/scr/impl/manager/ConfigurableComponentHolder
instanceKlass org/apache/felix/scr/impl/manager/ComponentContainer
instanceKlass org/apache/felix/scr/impl/ComponentRegistryKey
instanceKlass org/apache/felix/scr/impl/metadata/PropertyMetadata
instanceKlass org/apache/felix/scr/impl/metadata/ReferenceMetadata
instanceKlass org/apache/felix/scr/impl/metadata/ServiceMetadata
instanceKlass org/apache/felix/scr/impl/metadata/ComponentMetadata
instanceKlass org/apache/felix/scr/impl/xml/XmlConstants
instanceKlass com/sun/org/apache/xerces/internal/impl/Constants$ArrayEnumeration
instanceKlass com/sun/org/apache/xerces/internal/impl/Constants
instanceKlass com/sun/org/apache/xerces/internal/parsers/AbstractSAXParser$LocatorProxy
instanceKlass org/xml/sax/ext/Locator2
instanceKlass org/xml/sax/Locator
instanceKlass com/sun/org/apache/xerces/internal/util/XMLSymbols
instanceKlass com/sun/org/apache/xerces/internal/util/XMLChar
instanceKlass com/sun/xml/internal/stream/Entity
instanceKlass com/sun/xml/internal/stream/util/BufferAllocator
instanceKlass com/sun/xml/internal/stream/util/ThreadLocalBufferAllocator
instanceKlass com/sun/org/apache/xerces/internal/impl/XMLEntityManager$EncodingInfo
instanceKlass com/sun/org/apache/xerces/internal/utils/XMLLimitAnalyzer
instanceKlass com/sun/org/apache/xerces/internal/xni/parser/XMLInputSource
instanceKlass com/sun/org/apache/xerces/internal/util/ErrorHandlerWrapper
instanceKlass com/sun/org/apache/xerces/internal/xni/parser/XMLErrorHandler
instanceKlass com/sun/org/apache/xerces/internal/impl/ExternalSubsetResolver
instanceKlass com/sun/org/apache/xerces/internal/util/EntityResolverWrapper
instanceKlass org/xml/sax/ext/EntityResolver2
instanceKlass org/xml/sax/InputSource
instanceKlass com/sun/org/apache/xerces/internal/parsers/AbstractSAXParser$AttributesProxy
instanceKlass org/xml/sax/ext/Attributes2
instanceKlass org/xml/sax/Attributes
instanceKlass org/xml/sax/AttributeList
instanceKlass com/sun/org/apache/xerces/internal/util/FeatureState
instanceKlass com/sun/org/apache/xerces/internal/util/PropertyState
instanceKlass com/sun/org/apache/xerces/internal/impl/msg/XMLMessageFormatter
instanceKlass com/sun/org/apache/xerces/internal/util/MessageFormatter
instanceKlass com/sun/org/apache/xerces/internal/impl/XMLVersionDetector
instanceKlass com/sun/org/apache/xerces/internal/impl/validation/ValidationManager
instanceKlass com/sun/org/apache/xerces/internal/impl/dv/dtd/NMTOKENDatatypeValidator
instanceKlass com/sun/org/apache/xerces/internal/impl/dv/dtd/NOTATIONDatatypeValidator
instanceKlass com/sun/org/apache/xerces/internal/impl/dv/dtd/ENTITYDatatypeValidator
instanceKlass com/sun/org/apache/xerces/internal/impl/dv/dtd/ListDatatypeValidator
instanceKlass com/sun/org/apache/xerces/internal/impl/dv/dtd/IDREFDatatypeValidator
instanceKlass com/sun/org/apache/xerces/internal/impl/dv/dtd/IDDatatypeValidator
instanceKlass com/sun/org/apache/xerces/internal/impl/dv/dtd/StringDatatypeValidator
instanceKlass com/sun/org/apache/xerces/internal/impl/dv/DatatypeValidator
instanceKlass com/sun/org/apache/xerces/internal/impl/dv/DTDDVFactory
instanceKlass com/sun/org/apache/xerces/internal/impl/dtd/DTDGrammarBucket
instanceKlass com/sun/org/apache/xerces/internal/impl/dtd/XMLAttributeDecl
instanceKlass com/sun/org/apache/xerces/internal/impl/dtd/XMLSimpleType
instanceKlass com/sun/org/apache/xerces/internal/impl/dtd/XMLElementDecl
instanceKlass com/sun/org/apache/xerces/internal/impl/validation/ValidationState
instanceKlass com/sun/org/apache/xerces/internal/impl/dv/ValidationContext
instanceKlass com/sun/org/apache/xerces/internal/impl/dtd/XMLDTDValidator
instanceKlass com/sun/org/apache/xerces/internal/impl/RevalidationHandler
instanceKlass com/sun/org/apache/xerces/internal/impl/dtd/XMLDTDValidatorFilter
instanceKlass com/sun/org/apache/xerces/internal/xni/parser/XMLDocumentFilter
instanceKlass com/sun/org/apache/xerces/internal/impl/dtd/XMLEntityDecl
instanceKlass com/sun/org/apache/xerces/internal/impl/dtd/XMLDTDProcessor
instanceKlass com/sun/org/apache/xerces/internal/xni/parser/XMLDTDContentModelFilter
instanceKlass com/sun/org/apache/xerces/internal/xni/parser/XMLDTDFilter
instanceKlass com/sun/org/apache/xerces/internal/xni/parser/XMLDTDScanner
instanceKlass com/sun/org/apache/xerces/internal/xni/parser/XMLDTDContentModelSource
instanceKlass com/sun/org/apache/xerces/internal/xni/parser/XMLDTDSource
instanceKlass com/sun/org/apache/xerces/internal/xni/grammars/XMLDTDDescription
instanceKlass com/sun/org/apache/xerces/internal/xni/grammars/XMLGrammarDescription
instanceKlass com/sun/org/apache/xerces/internal/impl/XMLDocumentScannerImpl$TrailingMiscDriver
instanceKlass com/sun/org/apache/xerces/internal/impl/XMLDocumentScannerImpl$PrologDriver
instanceKlass com/sun/org/apache/xerces/internal/impl/XMLDocumentScannerImpl$XMLDeclDriver
instanceKlass com/sun/org/apache/xerces/internal/util/NamespaceSupport
instanceKlass com/sun/org/apache/xerces/internal/xni/NamespaceContext
instanceKlass com/sun/org/apache/xerces/internal/util/XMLAttributesImpl$Attribute
instanceKlass com/sun/org/apache/xerces/internal/util/XMLAttributesImpl
instanceKlass com/sun/org/apache/xerces/internal/xni/XMLAttributes
instanceKlass com/sun/org/apache/xerces/internal/impl/XMLDocumentFragmentScannerImpl$FragmentContentDriver
instanceKlass com/sun/org/apache/xerces/internal/impl/XMLDocumentFragmentScannerImpl$Driver
instanceKlass com/sun/org/apache/xerces/internal/impl/XMLDocumentFragmentScannerImpl$ElementStack2
instanceKlass com/sun/org/apache/xerces/internal/xni/QName
instanceKlass com/sun/org/apache/xerces/internal/impl/XMLDocumentFragmentScannerImpl$ElementStack
instanceKlass com/sun/org/apache/xerces/internal/xni/XMLString
instanceKlass com/sun/org/apache/xerces/internal/impl/XMLScanner
instanceKlass com/sun/xml/internal/stream/XMLBufferListener
instanceKlass com/sun/org/apache/xerces/internal/impl/XMLEntityHandler
instanceKlass com/sun/org/apache/xerces/internal/xni/parser/XMLDocumentScanner
instanceKlass com/sun/org/apache/xerces/internal/xni/parser/XMLDocumentSource
instanceKlass com/sun/org/apache/xerces/internal/impl/XMLErrorReporter
instanceKlass com/sun/org/apache/xerces/internal/impl/XMLEntityScanner
instanceKlass com/sun/org/apache/xerces/internal/xni/XMLLocator
instanceKlass com/sun/xml/internal/stream/XMLEntityStorage
instanceKlass com/sun/org/apache/xerces/internal/util/AugmentationsImpl$AugmentationsItemsContainer
instanceKlass com/sun/org/apache/xerces/internal/util/AugmentationsImpl
instanceKlass com/sun/org/apache/xerces/internal/xni/Augmentations
instanceKlass com/sun/org/apache/xerces/internal/util/XMLResourceIdentifierImpl
instanceKlass com/sun/org/apache/xerces/internal/xni/XMLResourceIdentifier
instanceKlass com/sun/org/apache/xerces/internal/impl/XMLEntityManager
instanceKlass com/sun/org/apache/xerces/internal/xni/parser/XMLEntityResolver
instanceKlass com/sun/org/apache/xerces/internal/xni/parser/XMLComponent
instanceKlass com/sun/org/apache/xerces/internal/util/SymbolTable$Entry
instanceKlass com/sun/org/apache/xerces/internal/util/SymbolTable
instanceKlass jdk/xml/internal/JdkConstants
instanceKlass jdk/xml/internal/JdkXmlUtils
instanceKlass com/sun/org/apache/xerces/internal/util/ParserConfigurationSettings
instanceKlass com/sun/org/apache/xerces/internal/parsers/XML11Configurable
instanceKlass com/sun/org/apache/xerces/internal/xni/parser/XMLPullParserConfiguration
instanceKlass com/sun/org/apache/xerces/internal/xni/parser/XMLParserConfiguration
instanceKlass com/sun/org/apache/xerces/internal/xni/parser/XMLComponentManager
instanceKlass com/sun/org/apache/xerces/internal/parsers/XMLParser
instanceKlass com/sun/org/apache/xerces/internal/xni/XMLDTDContentModelHandler
instanceKlass com/sun/org/apache/xerces/internal/xni/XMLDTDHandler
instanceKlass com/sun/org/apache/xerces/internal/xni/XMLDocumentHandler
instanceKlass org/xml/sax/XMLReader
instanceKlass org/xml/sax/Parser
instanceKlass com/sun/org/apache/xerces/internal/utils/XMLSecurityPropertyManager
instanceKlass com/sun/org/apache/xerces/internal/utils/XMLSecurityManager
instanceKlass javax/xml/parsers/SAXParser
instanceKlass com/sun/org/apache/xerces/internal/xs/PSVIProvider
instanceKlass com/sun/org/apache/xerces/internal/jaxp/JAXPConstants
instanceKlass  @bci javax/xml/parsers/FactoryFinder newInstance (Ljava/lang/Class;Ljava/lang/String;Ljava/lang/ClassLoader;ZZ)Ljava/lang/Object; 104 <appendix> member <vmtarget> ; # javax/xml/parsers/FactoryFinder$$Lambda+0x000001d2aa0d5850
instanceKlass  @bci jdk/xml/internal/SecuritySupport getContextClassLoader ()Ljava/lang/ClassLoader; 0 <appendix> argL0 ; # jdk/xml/internal/SecuritySupport$$Lambda+0x000001d2aa0d53e8
instanceKlass  @bci javax/xml/parsers/FactoryFinder find (Ljava/lang/Class;Ljava/lang/String;)Ljava/lang/Object; 104 <appendix> member <vmtarget> ; # javax/xml/parsers/FactoryFinder$$Lambda+0x000001d2aa0d51d0
instanceKlass javax/xml/parsers/FactoryFinder$1
instanceKlass  @bci jdk/xml/internal/SecuritySupport getFileInputStream (Ljava/io/File;)Ljava/io/FileInputStream; 1 <appendix> member <vmtarget> ; # jdk/xml/internal/SecuritySupport$$Lambda+0x000001d2aa0d4d98
instanceKlass  @bci jdk/xml/internal/SecuritySupport doesFileExist (Ljava/io/File;)Z 1 <appendix> member <vmtarget> ; # jdk/xml/internal/SecuritySupport$$Lambda+0x000001d2aa0d4b80
instanceKlass  @bci javax/xml/parsers/FactoryFinder find (Ljava/lang/Class;Ljava/lang/String;)Ljava/lang/Object; 6 <appendix> member <vmtarget> ; # javax/xml/parsers/FactoryFinder$$Lambda+0x000001d2aa0d4968
instanceKlass  @bci jdk/xml/internal/SecuritySupport getSystemProperty (Ljava/lang/String;)Ljava/lang/String; 1 <appendix> member <vmtarget> ; # jdk/xml/internal/SecuritySupport$$Lambda+0x000001d2aa0d4750
instanceKlass jdk/xml/internal/SecuritySupport
instanceKlass javax/xml/parsers/FactoryFinder
instanceKlass javax/xml/parsers/SAXParserFactory
instanceKlass org/xml/sax/helpers/DefaultHandler
instanceKlass org/xml/sax/ErrorHandler
instanceKlass org/xml/sax/ContentHandler
instanceKlass org/xml/sax/DTDHandler
instanceKlass org/xml/sax/EntityResolver
instanceKlass org/apache/felix/scr/impl/BundleComponentActivator
instanceKlass org/apache/felix/scr/impl/manager/ComponentActivator
instanceKlass org/apache/felix/scr/impl/manager/ExtendedServiceListenerContext
instanceKlass org/eclipse/core/internal/runtime/IAdapterFactoryExt
instanceKlass org/eclipse/core/internal/runtime/AdapterFactoryBridge$LazyAdapterFactory
instanceKlass org/eclipse/core/internal/runtime/AdapterFactoryBridge
instanceKlass org/eclipse/core/runtime/IAdapterFactory
instanceKlass org/eclipse/core/internal/runtime/TracingOptions$1
instanceKlass org/eclipse/core/internal/runtime/TracingOptions
instanceKlass java/util/AbstractMap$1$1
instanceKlass org/osgi/service/url/URLStreamHandlerService
instanceKlass  @bci org/eclipse/core/runtime/ServiceCaller current ()Ljava/util/Optional; 4 <appendix> argL0 ; # org/eclipse/core/runtime/ServiceCaller$$Lambda+0x000001d2aa131018
instanceKlass  @bci org/eclipse/jdt/internal/compiler/util/Messages buildVariants (Ljava/lang/String;)[Ljava/lang/String; 24 <appendix> argL2 form vmentry <vmtarget> ; # java/lang/invoke/LambdaForm$MH+0x000001d2aa132000
instanceKlass  @bci org/eclipse/core/runtime/ServiceCaller trackCurrent ()Ljava/util/Optional; 19 <appendix> member <vmtarget> ; # org/eclipse/core/runtime/ServiceCaller$$Lambda+0x000001d2aa130de0
instanceKlass  @bci org/eclipse/core/runtime/ServiceCaller getCurrent ()Ljava/util/Optional; 12 <appendix> member <vmtarget> ; # org/eclipse/core/runtime/ServiceCaller$$Lambda+0x000001d2aa130ba8
instanceKlass org/eclipse/core/runtime/ServiceCaller$ReferenceAndService
instanceKlass org/eclipse/core/internal/runtime/AdapterManager
instanceKlass org/eclipse/core/runtime/IAdapterManager
instanceKlass org/eclipse/core/internal/runtime/PlatformURLConverter
instanceKlass org/eclipse/core/internal/runtime/RuntimeLog
instanceKlass org/eclipse/core/runtime/IStatus
instanceKlass org/eclipse/core/internal/runtime/PlatformLogWriter
instanceKlass org/eclipse/osgi/internal/log/ExtendedLogReaderServiceImpl
instanceKlass  @bci org/eclipse/core/runtime/ServiceCaller <init> (Ljava/lang/Class;Ljava/lang/Class;Ljava/lang/String;)V 39 <appendix> argL0 ; # org/eclipse/core/runtime/ServiceCaller$$Lambda+0x000001d2aa12d000
instanceKlass  @bci org/osgi/framework/FrameworkUtil getBundle (Ljava/lang/Class;)Lorg/osgi/framework/Bundle; 26 <appendix> member <vmtarget> ; # org/osgi/framework/FrameworkUtil$$Lambda+0x000001d2aa11f0f0
instanceKlass  @bci org/osgi/framework/FrameworkUtil getBundle (Ljava/lang/Class;)Lorg/osgi/framework/Bundle; 17 <appendix> argL0 ; # org/osgi/framework/FrameworkUtil$$Lambda+0x000001d2aa11eec0
instanceKlass  @bci org/osgi/framework/FrameworkUtil getBundle (Ljava/lang/Class;)Lorg/osgi/framework/Bundle; 1 <appendix> member <vmtarget> ; # org/osgi/framework/FrameworkUtil$$Lambda+0x000001d2aa11eca8
instanceKlass  @bci org/eclipse/core/runtime/ServiceCaller <init> (Ljava/lang/Class;Ljava/lang/Class;Ljava/lang/String;)V 31 <appendix> argL0 ; # org/eclipse/core/runtime/ServiceCaller$$Lambda+0x000001d2aa12cc88
instanceKlass org/eclipse/core/runtime/ServiceCaller
instanceKlass org/eclipse/core/internal/runtime/Activator
instanceKlass org/apache/felix/scr/impl/config/ScrMetaTypeProviderServiceFactory
instanceKlass org/apache/felix/scr/impl/config/ScrManagedServiceServiceFactory
instanceKlass org/apache/felix/scr/impl/ComponentCommands$2
instanceKlass org/apache/felix/scr/impl/ComponentCommands$1
instanceKlass org/apache/felix/scr/impl/ComponentCommands
instanceKlass org/apache/felix/scr/impl/Activator$ScrExtension
instanceKlass org/apache/felix/scr/impl/ComponentActorThread$1
instanceKlass org/apache/felix/scr/impl/ComponentActorThread
instanceKlass org/apache/felix/scr/impl/runtime/ServiceComponentRuntimeImpl
instanceKlass org/apache/felix/scr/impl/manager/RegionConfigurationSupport
instanceKlass java/util/TimerTask
instanceKlass org/apache/felix/scr/impl/manager/ComponentHolder
instanceKlass org/apache/felix/scr/impl/ComponentRegistry
instanceKlass org/apache/felix/scr/impl/logger/ScrLogManager$1
instanceKlass org/apache/felix/scr/impl/logger/LogManager$LogDomain
instanceKlass org/apache/felix/scr/impl/logger/LogManager$Lock
instanceKlass org/apache/felix/scr/impl/logger/LogManager$LoggerFacade
instanceKlass org/apache/felix/scr/impl/logger/BundleLogger
instanceKlass org/apache/felix/scr/impl/logger/ComponentLogger
instanceKlass org/apache/felix/scr/impl/logger/ScrLogger
instanceKlass org/apache/felix/scr/impl/logger/InternalLogger
instanceKlass org/apache/felix/scr/impl/logger/ScrLoggerFactory
instanceKlass org/osgi/service/component/ComponentContext
instanceKlass org/osgi/service/component/ComponentServiceObjects
instanceKlass org/apache/felix/scr/impl/inject/internal/ClassUtils
instanceKlass org/apache/felix/scr/impl/config/ScrConfigurationImpl
instanceKlass org/osgi/service/component/runtime/ServiceComponentRuntime
instanceKlass org/apache/felix/scr/impl/manager/ScrConfiguration
instanceKlass org/apache/felix/scr/impl/logger/LogConfiguration
instanceKlass org/apache/felix/scr/impl/AbstractExtender
instanceKlass org/eclipse/osgi/internal/loader/buddy/PolicyHandler
instanceKlass org/apache/aries/spifly/WeavingData
instanceKlass org/apache/aries/spifly/ConsumerRestriction
instanceKlass org/apache/aries/spifly/MethodRestriction
instanceKlass org/apache/aries/spifly/ArgRestrictions
instanceKlass org/apache/aries/spifly/BundleDescriptor
instanceKlass  @bci org/apache/aries/spifly/BaseActivator addConsumerWeavingData (Lorg/osgi/framework/Bundle;Ljava/lang/String;)V 177 <appendix> member <vmtarget> ; # org/apache/aries/spifly/BaseActivator$$Lambda+0x000001d2aa126458
instanceKlass  @bci org/apache/aries/spifly/BaseActivator addConsumerWeavingData (Lorg/osgi/framework/Bundle;Ljava/lang/String;)V 161 <appendix> member <vmtarget> ; # org/apache/aries/spifly/BaseActivator$$Lambda+0x000001d2aa126210
instanceKlass  @bci org/apache/aries/spifly/BaseActivator addConsumerWeavingData (Lorg/osgi/framework/Bundle;Ljava/lang/String;)V 149 <appendix> argL0 ; # org/apache/aries/spifly/BaseActivator$$Lambda+0x000001d2aa126000
instanceKlass  @bci org/apache/aries/spifly/BaseActivator addConsumerWeavingData (Lorg/osgi/framework/Bundle;Ljava/lang/String;)V 141 <appendix> argL0 ; # org/apache/aries/spifly/BaseActivator$$Lambda+0x000001d2aa11dc70
instanceKlass org/apache/aries/spifly/ConsumerBundleTrackerCustomizer
instanceKlass ch/qos/logback/classic/spi/LogbackServiceProvider
instanceKlass org/slf4j/spi/SLF4JServiceProvider
instanceKlass java/util/Formattable
instanceKlass java/time/LocalTime$1
instanceKlass sun/util/locale/provider/LocaleResources
instanceKlass  @bci sun/util/locale/provider/JRELocaleProviderAdapter getDecimalFormatSymbolsProvider ()Ljava/text/spi/DecimalFormatSymbolsProvider; 8 <appendix> member <vmtarget> ; # sun/util/locale/provider/JRELocaleProviderAdapter$$Lambda+0x800000066
instanceKlass java/text/DecimalFormatSymbols
instanceKlass sun/util/resources/Bundles$2
instanceKlass sun/util/resources/Bundles$CacheKeyReference
instanceKlass  @bci sun/util/cldr/CLDRLocaleProviderAdapter applyAliases (Ljava/util/Locale;)Ljava/util/Locale; 4 <appendix> argL0 ; # sun/util/cldr/CLDRLocaleProviderAdapter$$Lambda+0x80000005f
instanceKlass sun/util/resources/LocaleData$LocaleDataResourceBundleProvider
instanceKlass java/util/spi/ResourceBundleProvider
instanceKlass sun/util/resources/Bundles$CacheKey
instanceKlass sun/util/resources/Bundles
instanceKlass sun/util/resources/LocaleData$LocaleDataStrategy
instanceKlass sun/util/resources/Bundles$Strategy
instanceKlass sun/util/resources/LocaleData$1
instanceKlass sun/util/resources/LocaleData
instanceKlass java/util/Locale$Builder
instanceKlass sun/util/locale/provider/CalendarDataUtility
instanceKlass sun/util/locale/provider/AvailableLanguageTags
instanceKlass  @bci sun/util/locale/provider/JRELocaleProviderAdapter getDateFormatSymbolsProvider ()Ljava/text/spi/DateFormatSymbolsProvider; 8 <appendix> member <vmtarget> ; # sun/util/locale/provider/JRELocaleProviderAdapter$$Lambda+0x800000065
instanceKlass sun/util/resources/cldr/provider/CLDRLocaleDataMetaInfo
instanceKlass jdk/internal/module/ModulePatcher$PatchedModuleReader
instanceKlass  @bci sun/util/cldr/CLDRLocaleProviderAdapter <init> ()V 4 <appendix> argL0 ; # sun/util/cldr/CLDRLocaleProviderAdapter$$Lambda+0x800000061
instanceKlass sun/util/locale/InternalLocaleBuilder$CaseInsensitiveChar
instanceKlass sun/util/locale/InternalLocaleBuilder
instanceKlass sun/util/locale/StringTokenIterator
instanceKlass sun/util/locale/ParseStatus
instanceKlass sun/util/locale/LanguageTag
instanceKlass sun/util/cldr/CLDRBaseLocaleDataMetaInfo
instanceKlass sun/util/locale/provider/LocaleDataMetaInfo
instanceKlass sun/util/locale/provider/ResourceBundleBasedAdapter
instanceKlass sun/util/locale/provider/LocaleProviderAdapter
instanceKlass java/util/spi/LocaleServiceProvider
instanceKlass java/text/DateFormatSymbols
instanceKlass java/time/LocalDate$1
instanceKlass java/time/ZonedDateTime$1
instanceKlass java/util/Calendar
instanceKlass java/util/Formatter$FixedString
instanceKlass java/util/Formatter$DateTime
instanceKlass java/util/Formatter$Flags
instanceKlass java/util/Formatter$FormatSpecifier
instanceKlass java/util/Formatter$FormatString
instanceKlass java/util/Formatter$Conversion
instanceKlass  @bci java/util/regex/Pattern Range (II)Ljava/util/regex/Pattern$CharPredicate; 23 <appendix> member <vmtarget> ; # java/util/regex/Pattern$$Lambda+0x80000002a
instanceKlass java/util/Formatter
instanceKlass  @bci java/util/ResourceBundle$ResourceBundleProviderHelper loadPropertyResourceBundle (Ljava/lang/Module;Ljava/lang/Module;Ljava/lang/String;Ljava/util/Locale;)Ljava/util/ResourceBundle; 14 <appendix> member <vmtarget> ; # java/util/ResourceBundle$ResourceBundleProviderHelper$$Lambda+0x000001d2aa0d0db0
instanceKlass  @bci java/util/ResourceBundle$ResourceBundleProviderHelper newResourceBundle (Ljava/lang/Class;)Ljava/util/ResourceBundle; 22 <appendix> member <vmtarget> ; # java/util/ResourceBundle$ResourceBundleProviderHelper$$Lambda+0x800000010
instanceKlass  @bci java/util/ResourceBundle$ResourceBundleProviderHelper loadResourceBundle (Ljava/lang/Module;Ljava/lang/Module;Ljava/lang/String;Ljava/util/Locale;)Ljava/util/ResourceBundle; 13 <appendix> member <vmtarget> ; # java/util/ResourceBundle$ResourceBundleProviderHelper$$Lambda+0x000001d2aa0d06f0
instanceKlass java/util/ResourceBundle$ResourceBundleProviderHelper
instanceKlass java/util/ResourceBundle$3
instanceKlass  @bci java/util/ResourceBundle getLoader (Ljava/lang/Module;)Ljava/lang/ClassLoader; 6 <appendix> member <vmtarget> ; # java/util/ResourceBundle$$Lambda+0x000001d2aa0d02b0
instanceKlass java/util/ResourceBundle$CacheKeyReference
instanceKlass java/util/ResourceBundle$CacheKey
instanceKlass java/util/ResourceBundle$Control
instanceKlass java/util/logging/Level$RbAccess
instanceKlass  @bci org/eclipse/jdt/internal/compiler/util/Messages initializeMessages (Ljava/lang/String;Ljava/lang/Class;)V 68 <appendix> form vmentry <vmtarget> ; # java/lang/invoke/LambdaForm$MH+0x000001d2aa123000
instanceKlass java/lang/invoke/LambdaFormEditor$1
# instanceKlass java/lang/invoke/LambdaForm$MH+0x000001d2aa122c00
instanceKlass  @bci org/eclipse/jdt/internal/compiler/util/Messages initializeMessages (Ljava/lang/String;Ljava/lang/Class;)V 68 <appendix> argL3 form vmentry <vmtarget> ; # java/lang/invoke/LambdaForm$MH+0x000001d2aa122800
# instanceKlass java/lang/invoke/LambdaForm$MH+0x000001d2aa122400
# instanceKlass java/lang/invoke/LambdaForm$MH+0x000001d2aa122000
# instanceKlass java/lang/invoke/LambdaForm$MH+0x000001d2aa121c00
# instanceKlass java/lang/invoke/LambdaForm$MH+0x000001d2aa121800
instanceKlass  @bci org/eclipse/jdt/internal/compiler/util/Messages initializeMessages (Ljava/lang/String;Ljava/lang/Class;)V 68 <appendix> argL1 form vmentry <vmtarget> ; # java/lang/invoke/LambdaForm$MH+0x000001d2aa121400
# instanceKlass java/lang/invoke/LambdaForm$MH+0x000001d2aa121000
instanceKlass  @bci org/eclipse/jdt/internal/compiler/util/Messages initializeMessages (Ljava/lang/String;Ljava/lang/Class;)V 68 <appendix> argL1 argL0 form vmentry <vmtarget> ; # java/lang/invoke/LambdaForm$MH+0x000001d2aa120c00
# instanceKlass java/lang/invoke/LambdaForm$MH+0x000001d2aa120800
# instanceKlass java/lang/invoke/LambdaForm$MH+0x000001d2aa120400
# instanceKlass java/lang/invoke/LambdaForm$MH+0x000001d2aa120000
instanceKlass  @bci java/util/logging/LogRecord inferCaller ()V 18 <appendix> member <vmtarget> ; # java/util/logging/LogRecord$$Lambda+0x000001d2aa0cf840
instanceKlass java/lang/StackStreamFactory$FrameBuffer
instanceKlass java/lang/StackStreamFactory
instanceKlass  @bci java/util/logging/LogRecord$CallerFinder get ()Ljava/util/Optional; 4 <appendix> member <vmtarget> ; # java/util/logging/LogRecord$CallerFinder$$Lambda+0x000001d2aa0ce0f0
instanceKlass  @bci java/util/logging/LogRecord$CallerFinder <clinit> ()V 0 <appendix> argL0 ; # java/util/logging/LogRecord$CallerFinder$$Lambda+0x000001d2aa0cdac0
instanceKlass java/util/logging/LogRecord$CallerFinder
instanceKlass java/time/zone/Ser
instanceKlass java/io/Externalizable
instanceKlass java/time/zone/ZoneRulesProvider$1
instanceKlass java/time/zone/ZoneRulesProvider
instanceKlass sun/util/calendar/ZoneInfoFile$ZoneOffsetTransitionRule
instanceKlass sun/util/calendar/ZoneInfoFile$1
instanceKlass sun/util/calendar/ZoneInfoFile
instanceKlass java/util/TimeZone
instanceKlass java/util/logging/LogManager$CloseOnReset
instanceKlass java/util/logging/StreamHandler$1
instanceKlass java/util/logging/Handler$1
instanceKlass java/util/logging/ErrorManager
instanceKlass jdk/internal/logger/SimpleConsoleLogger$Formatting
instanceKlass  @bci java/util/logging/SimpleFormatter <init> ()V 5 <appendix> argL0 ; # java/util/logging/SimpleFormatter$$Lambda+0x000001d2aa0cb790
instanceKlass java/util/logging/Formatter
instanceKlass java/time/Clock
instanceKlass java/time/InstantSource
instanceKlass java/util/logging/LogRecord
instanceKlass org/apache/aries/spifly/ProviderServiceFactory
instanceKlass ch/qos/logback/classic/servlet/LogbackServletContainerInitializer
instanceKlass jakarta/servlet/ServletContainerInitializer
instanceKlass org/eclipse/osgi/internal/framework/EquinoxBundle$1
instanceKlass org/apache/aries/spifly/ProviderBundleTrackerCustomizer$ServiceDetails
instanceKlass org/eclipse/osgi/storage/bundlefile/ZipBundleFile$1
instanceKlass  @bci org/eclipse/osgi/storage/bundlefile/ZipBundleFile getPaths ()Ljava/lang/Iterable; 1 <appendix> member <vmtarget> ; # org/eclipse/osgi/storage/bundlefile/ZipBundleFile$$Lambda+0x000001d2aa11e000
instanceKlass  @bci org/apache/aries/spifly/BaseActivator registerProviderBundle (Ljava/lang/String;Lorg/osgi/framework/Bundle;Ljava/util/Map;)V 33 <appendix> member <vmtarget> ; # org/apache/aries/spifly/BaseActivator$$Lambda+0x000001d2aa11bad0
instanceKlass org/apache/aries/spifly/Pair
instanceKlass  @bci org/apache/aries/spifly/BaseActivator registerProviderBundle (Ljava/lang/String;Lorg/osgi/framework/Bundle;Ljava/util/Map;)V 5 <appendix> argL0 ; # org/apache/aries/spifly/BaseActivator$$Lambda+0x000001d2aa11b690
instanceKlass  @bci org/osgi/framework/FrameworkUtil <clinit> ()V 27 <appendix> member <vmtarget> ; # org/osgi/framework/FrameworkUtil$$Lambda+0x000001d2aa117db8
instanceKlass org/osgi/framework/connect/FrameworkUtilHelper
instanceKlass  @bci org/osgi/framework/FrameworkUtil <clinit> ()V 8 <appendix> argL0 ; # org/osgi/framework/FrameworkUtil$$Lambda+0x000001d2aa1179b8
instanceKlass org/osgi/framework/FrameworkUtil
instanceKlass  @bci org/eclipse/core/internal/jobs/JobManager startJob (Lorg/eclipse/core/internal/jobs/Worker;)Lorg/eclipse/core/runtime/jobs/Job; 45 <adapter> ; # java/lang/invoke/LambdaForm$MH+0x000001d2aa11c800
instanceKlass  @bci org/eclipse/core/internal/jobs/JobManager startJob (Lorg/eclipse/core/internal/jobs/Worker;)Lorg/eclipse/core/runtime/jobs/Job; 45 <appendix> form vmentry <vmtarget> ; # java/lang/invoke/LambdaForm$DMH+0x000001d2aa11c400
instanceKlass  @bci aQute/bnd/header/Attrs mergeWith (LaQute/bnd/header/Attrs;Z)V 4 <appendix> member <vmtarget> ; # aQute/bnd/header/Attrs$$Lambda+0x000001d2aa11b468
instanceKlass  @cpi aQute/bnd/header/Attrs 639 form vmentry <vmtarget> ; # java/lang/invoke/LambdaForm$DMH+0x000001d2aa11c000
instanceKlass  @bci org/apache/aries/spifly/ProviderBundleTrackerCustomizer getFromAutoProviderProperty (Lorg/osgi/framework/Bundle;Ljava/util/Map;)Ljava/util/Map$Entry; 58 <appendix> argL0 ; # org/apache/aries/spifly/ProviderBundleTrackerCustomizer$$Lambda+0x000001d2aa11b258
instanceKlass  @bci org/apache/aries/spifly/ProviderBundleTrackerCustomizer getFromAutoProviderProperty (Lorg/osgi/framework/Bundle;Ljava/util/Map;)Ljava/util/Map$Entry; 50 <appendix> member <vmtarget> ; # org/apache/aries/spifly/ProviderBundleTrackerCustomizer$$Lambda+0x000001d2aa11b020
instanceKlass java/util/AbstractMap$SimpleImmutableEntry
instanceKlass  @bci aQute/bnd/stream/EntryPipeline values ()Ljava/util/stream/Stream; 4 <appendix> argL0 ; # aQute/bnd/stream/EntryPipeline$$Lambda+0x000001d2aa11adf0
instanceKlass  @bci aQute/bnd/stream/EntryPipeline filterKey (Ljava/util/function/Predicate;)LaQute/bnd/stream/MapStream; 14 <appendix> member <vmtarget> ; # aQute/bnd/stream/EntryPipeline$$Lambda+0x000001d2aa11aba8
instanceKlass  @bci org/apache/aries/spifly/ProviderBundleTrackerCustomizer getFromAutoProviderProperty (Lorg/osgi/framework/Bundle;Ljava/util/Map;)Ljava/util/Map$Entry; 27 <appendix> member <vmtarget> ; # org/apache/aries/spifly/ProviderBundleTrackerCustomizer$$Lambda+0x000001d2aa11a960
instanceKlass sun/invoke/util/VerifyAccess$1
instanceKlass aQute/bnd/stream/EntryPipeline
instanceKlass  @bci org/apache/aries/spifly/ProviderBundleTrackerCustomizer getFromAutoProviderProperty (Lorg/osgi/framework/Bundle;Ljava/util/Map;)Ljava/util/Map$Entry; 15 <appendix> argL0 ; # org/apache/aries/spifly/ProviderBundleTrackerCustomizer$$Lambda+0x000001d2aa11a320
instanceKlass  @bci org/apache/aries/spifly/ProviderBundleTrackerCustomizer getFromAutoProviderProperty (Lorg/osgi/framework/Bundle;Ljava/util/Map;)Ljava/util/Map$Entry; 7 <appendix> argL0 ; # org/apache/aries/spifly/ProviderBundleTrackerCustomizer$$Lambda+0x000001d2aa11a0f0
instanceKlass aQute/bnd/stream/MapStream
instanceKlass org/apache/aries/spifly/SpiFlyConstants
instanceKlass org/apache/aries/spifly/ConsumerHeaderProcessor
instanceKlass  @bci aQute/bnd/header/OSGiHeader parseHeader (Ljava/lang/String;LaQute/service/reporter/Reporter;LaQute/bnd/header/Parameters;)LaQute/bnd/header/Parameters; 437 <appendix> member <vmtarget> ; # aQute/bnd/header/OSGiHeader$$Lambda+0x000001d2aa119708
instanceKlass  @bci aQute/bnd/header/Attrs <clinit> ()V 72 <appendix> argL0 ; # aQute/bnd/header/Attrs$$Lambda+0x000001d2aa1194f8
instanceKlass  @bci aQute/bnd/header/Attrs <clinit> ()V 64 <appendix> argL0 ; # aQute/bnd/header/Attrs$$Lambda+0x000001d2aa1192e8
instanceKlass  @bci aQute/bnd/header/Attrs <clinit> ()V 56 <appendix> argL0 ; # aQute/bnd/header/Attrs$$Lambda+0x000001d2aa1190d8
instanceKlass  @bci aQute/bnd/header/Attrs <clinit> ()V 48 <appendix> argL0 ; # aQute/bnd/header/Attrs$$Lambda+0x000001d2aa118ec8
instanceKlass  @bci aQute/bnd/header/Attrs <clinit> ()V 40 <appendix> argL0 ; # aQute/bnd/header/Attrs$$Lambda+0x000001d2aa118cb8
instanceKlass  @bci aQute/bnd/header/Attrs <clinit> ()V 32 <appendix> argL0 ; # aQute/bnd/header/Attrs$$Lambda+0x000001d2aa118aa8
instanceKlass  @bci aQute/bnd/header/Attrs <clinit> ()V 24 <appendix> argL0 ; # aQute/bnd/header/Attrs$$Lambda+0x000001d2aa118898
instanceKlass  @bci aQute/bnd/header/Attrs <clinit> ()V 16 <appendix> argL0 ; # aQute/bnd/header/Attrs$$Lambda+0x000001d2aa118688
instanceKlass aQute/bnd/header/Attrs$DataType
instanceKlass aQute/bnd/header/Attrs
instanceKlass aQute/libg/qtokens/QuotedTokenizer
instanceKlass  @bci java/util/regex/Pattern union (Ljava/util/regex/Pattern$CharPredicate;Ljava/util/regex/Pattern$CharPredicate;Z)Ljava/util/regex/Pattern$CharPredicate; 6 <appendix> member <vmtarget> ; # java/util/regex/Pattern$$Lambda+0x800000032
instanceKlass  @bci java/util/regex/CharPredicates ASCII_WORD ()Ljava/util/regex/Pattern$BmpCharPredicate; 0 <appendix> argL0 ; # java/util/regex/CharPredicates$$Lambda+0x000001d2aa0c9920
instanceKlass aQute/bnd/header/OSGiHeader
instanceKlass org/eclipse/osgi/framework/util/CaseInsensitiveDictionaryMap$CaseInsentiveEntry
instanceKlass org/eclipse/osgi/framework/util/CaseInsensitiveDictionaryMap$EntryIterator
instanceKlass org/eclipse/osgi/framework/util/CaseInsensitiveDictionaryMap$KeyIterator
instanceKlass java/util/ResourceBundle$1
instanceKlass jdk/internal/access/JavaUtilResourceBundleAccess
instanceKlass java/util/ResourceBundle
instanceKlass  @bci org/eclipse/osgi/storage/Storage lambda$7 (Ljava/util/List;Ljava/lang/String;)Ljava/util/stream/Stream; 7 <appendix> member <vmtarget> ; # org/eclipse/osgi/storage/Storage$$Lambda+0x000001d2aa115648
instanceKlass  @bci java/util/stream/StreamSpliterators$WrappingSpliterator initPartialTraversalState ()V 37 <appendix> member <vmtarget> ; # java/util/stream/StreamSpliterators$WrappingSpliterator$$Lambda+0x000001d2aa0c9020
instanceKlass java/util/function/BooleanSupplier
instanceKlass  @bci java/util/stream/StreamSpliterators$WrappingSpliterator initPartialTraversalState ()V 24 <appendix> member <vmtarget> ; # java/util/stream/StreamSpliterators$WrappingSpliterator$$Lambda+0x000001d2aa0c8b90
instanceKlass java/util/stream/StreamSpliterators
instanceKlass java/util/stream/AbstractSpinedBuffer
instanceKlass org/eclipse/osgi/internal/container/InternalUtils$1
instanceKlass java/util/stream/StreamSpliterators$AbstractWrappingSpliterator
instanceKlass  @bci java/util/stream/AbstractPipeline spliterator ()Ljava/util/Spliterator; 103 <appendix> member <vmtarget> ; # java/util/stream/AbstractPipeline$$Lambda+0x000001d2aa0c7d98
instanceKlass  @bci org/eclipse/osgi/storage/Storage findEntries (Ljava/util/List;Ljava/lang/String;Ljava/lang/String;I)Ljava/util/Enumeration; 101 <appendix> argL0 ; # org/eclipse/osgi/storage/Storage$$Lambda+0x000001d2aa1151c8
instanceKlass  @bci org/eclipse/osgi/storage/Storage findEntries (Ljava/util/List;Ljava/lang/String;Ljava/lang/String;I)Ljava/util/Enumeration; 91 <appendix> member <vmtarget> ; # org/eclipse/osgi/storage/Storage$$Lambda+0x000001d2aa114f90
instanceKlass org/eclipse/osgi/storage/ManifestLocalization$BundleResourceBundle
instanceKlass org/eclipse/osgi/storage/ManifestLocalization
instanceKlass org/apache/aries/spifly/ProviderBundleTrackerCustomizer
instanceKlass org/osgi/util/tracker/BundleTracker
instanceKlass  @bci org/apache/aries/spifly/BaseActivator start (Lorg/osgi/framework/BundleContext;Ljava/lang/String;)V 46 <appendix> argL0 ; # org/apache/aries/spifly/BaseActivator$$Lambda+0x000001d2aa113648
instanceKlass  @bci org/apache/aries/spifly/BaseActivator start (Lorg/osgi/framework/BundleContext;Ljava/lang/String;)V 20 <appendix> argL0 ; # org/apache/aries/spifly/BaseActivator$$Lambda+0x000001d2aa113418
instanceKlass aQute/bnd/header/Parameters
instanceKlass java/util/AbstractList$Itr
instanceKlass  @bci org/eclipse/osgi/internal/weaving/WovenClassImpl notifyWovenClassListeners ()V 1 <appendix> member <vmtarget> ; # org/eclipse/osgi/internal/weaving/WovenClassImpl$$Lambda+0x000001d2aa114438
instanceKlass org/osgi/framework/hooks/weaving/WovenClassListener
instanceKlass  @bci org/eclipse/osgi/internal/serviceregistry/ServiceRegistrationImpl$FrameworkHookRegistration getSafeService (Lorg/eclipse/osgi/internal/framework/BundleContextImpl;Lorg/eclipse/osgi/internal/serviceregistry/ServiceConsumer;)Ljava/lang/Object; 17 <appendix> member <vmtarget> ; # org/eclipse/osgi/internal/serviceregistry/ServiceRegistrationImpl$FrameworkHookRegistration$$Lambda+0x000001d2aa114000
instanceKlass org/apache/aries/spifly/Util
instanceKlass org/objectweb/asm/Opcodes
instanceKlass org/objectweb/asm/ClassVisitor
instanceKlass org/apache/aries/spifly/dynamic/ClientWeavingHook
instanceKlass java/util/logging/Logger$SystemLoggerHelper$1
instanceKlass java/util/logging/Logger$SystemLoggerHelper
instanceKlass java/util/logging/LogManager$4
instanceKlass jdk/internal/logger/BootstrapLogger$BootstrapExecutors
instanceKlass jdk/internal/logger/LoggerFinderLoader
instanceKlass  @bci java/lang/System$LoggerFinder accessProvider ()Ljava/lang/System$LoggerFinder; 8 <appendix> argL0 ; # java/lang/System$LoggerFinder$$Lambda+0x000001d2aa0c6be0
instanceKlass java/util/stream/Streams
instanceKlass java/util/stream/Stream$Builder
instanceKlass java/util/stream/Streams$AbstractStreamBuilderImpl
instanceKlass  @bci java/util/logging/Level$KnownLevel findByName (Ljava/lang/String;Ljava/util/function/Function;)Ljava/util/Optional; 29 <appendix> argL0 ; # java/util/logging/Level$KnownLevel$$Lambda+0x800000023
instanceKlass java/util/ArrayList$ArrayListSpliterator
instanceKlass  @bci java/util/logging/Level findLevel (Ljava/lang/String;)Ljava/util/logging/Level; 13 <appendix> argL0 ; # java/util/logging/Level$$Lambda+0x800000011
instanceKlass java/util/logging/LogManager$LoggerContext$1
instanceKlass java/util/logging/LogManager$VisitedLoggers
instanceKlass  @bci org/eclipse/jdt/internal/core/builder/NameEnvironment findClass (Ljava/lang/String;[CLorg/eclipse/jdt/internal/compiler/env/IModuleAwareNameEnvironment$LookupStrategy;Ljava/lang/String;)Lorg/eclipse/jdt/internal/compiler/env/NameEnvironmentAnswer; 175 <appendix> form vmentry <vmtarget> ; # java/lang/invoke/LambdaForm$MH+0x000001d2aa110800
instanceKlass java/util/logging/LogManager$2
instanceKlass java/util/logging/LogManager$LoggingProviderAccess
instanceKlass java/util/logging/LogManager$LogNode
instanceKlass java/util/logging/LogManager$LoggerContext
instanceKlass java/util/logging/LogManager$1
instanceKlass java/util/logging/LogManager
instanceKlass java/util/logging/Logger$ConfigurationData
instanceKlass java/util/logging/Logger$LoggerBundle
instanceKlass  @bci java/util/logging/Level$KnownLevel add (Ljava/util/logging/Level;)V 49 <appendix> argL0 ; # java/util/logging/Level$KnownLevel$$Lambda+0x800000022
instanceKlass  @bci java/util/logging/Level$KnownLevel add (Ljava/util/logging/Level;)V 19 <appendix> argL0 ; # java/util/logging/Level$KnownLevel$$Lambda+0x800000021
instanceKlass java/util/logging/Level
instanceKlass java/util/logging/Handler
instanceKlass java/util/logging/Logger
instanceKlass org/osgi/util/tracker/BundleTrackerCustomizer
instanceKlass org/eclipse/osgi/internal/loader/ModuleClassLoader$DefineClassResult
instanceKlass org/apache/aries/spifly/BaseActivator
instanceKlass org/osgi/framework/hooks/weaving/WeavingHook
instanceKlass org/eclipse/osgi/internal/weaving/WeavingHookConfigurator$WovenClassContext
instanceKlass org/eclipse/osgi/internal/weaving/WovenClassImpl
instanceKlass org/osgi/framework/hooks/weaving/WovenClass
instanceKlass org/eclipse/osgi/internal/loader/classpath/ClasspathManager$DefineContext
instanceKlass org/eclipse/osgi/internal/loader/BundleLoader$3
instanceKlass  @bci org/eclipse/osgi/internal/framework/EquinoxEventPublisher notifyEventHooksPrivileged (Lorg/osgi/framework/BundleEvent;Ljava/util/Collection;)V 89 <appendix> member <vmtarget> ; # org/eclipse/osgi/internal/framework/EquinoxEventPublisher$$Lambda+0x000001d2aa10b790
instanceKlass org/osgi/framework/hooks/bundle/EventHook
instanceKlass org/eclipse/osgi/container/ModuleContainer$ContainerStartLevel$2
instanceKlass java/util/concurrent/CountDownLatch
instanceKlass org/eclipse/osgi/internal/framework/EquinoxContainerAdaptor$1$1
instanceKlass org/eclipse/osgi/container/ModuleResolutionReport
instanceKlass java/util/concurrent/ConcurrentLinkedQueue$Node
instanceKlass org/apache/felix/resolver/ResolverImpl$EnhancedExecutor
instanceKlass org/apache/felix/resolver/util/OpenHashMap$MapEntry
instanceKlass org/apache/felix/resolver/util/OpenHashMap$MapIterator
instanceKlass org/apache/felix/resolver/util/OpenHashMap$1
instanceKlass org/apache/felix/resolver/Candidates$PopulateResult
instanceKlass org/osgi/service/resolver/HostedCapability
instanceKlass org/apache/felix/resolver/Candidates
instanceKlass org/apache/felix/resolver/Util
instanceKlass org/apache/felix/resolver/ResolverImpl$ResolveSession
instanceKlass org/eclipse/osgi/container/ModuleResolutionReport$EntryImpl
instanceKlass org/eclipse/osgi/report/resolution/ResolutionReport$Entry
instanceKlass  @bci org/eclipse/osgi/internal/framework/FilterImpl$Equal compare_Version (Lorg/osgi/framework/Version;)Z 3 <appendix> argL0 ; # org/eclipse/osgi/internal/framework/FilterImpl$Equal$$Lambda+0x000001d2aa1077c0
instanceKlass org/eclipse/osgi/container/ModuleResolver$ResolveProcess$DynamicFragments
instanceKlass  @bci org/eclipse/osgi/container/ModuleResolver$ResolveProcess removeSubstituted (Ljava/util/List;)V 2 <appendix> member <vmtarget> ; # org/eclipse/osgi/container/ModuleResolver$ResolveProcess$$Lambda+0x000001d2aa107368
instanceKlass  @bci org/eclipse/osgi/container/ModuleResolver removeNonEffectiveCapabilities (Ljava/util/Collection;)V 2 <appendix> member <vmtarget> ; # org/eclipse/osgi/container/ModuleResolver$$Lambda+0x000001d2aa107120
instanceKlass  @bci org/eclipse/osgi/container/ModuleResolver$ResolveProcess filterDisabled (Ljava/util/List;)V 2 <appendix> member <vmtarget> ; # org/eclipse/osgi/container/ModuleResolver$ResolveProcess$$Lambda+0x000001d2aa106ed8
instanceKlass java/util/Collections$ReverseComparator2
instanceKlass java/util/Collections$ReverseComparator
instanceKlass  @bci java/util/Comparator comparing (Ljava/util/function/Function;)Ljava/util/Comparator; 6 <appendix> member <vmtarget> ; # java/util/Comparator$$Lambda+0x000001d2aa0c4468
instanceKlass  @bci org/eclipse/osgi/container/ModuleResolver$ResolveProcess resolveNonPayLoadFragments ()Ljava/util/Map; 84 <appendix> argL0 ; # org/eclipse/osgi/container/ModuleResolver$ResolveProcess$$Lambda+0x000001d2aa106ca8
instanceKlass org/eclipse/osgi/internal/framework/OSGiFrameworkHooks$CoreResolverHookFactory$CoreResolverHook
instanceKlass org/eclipse/osgi/report/resolution/ResolutionReport$Listener
instanceKlass  @bci org/eclipse/osgi/internal/framework/OSGiFrameworkHooks$CoreResolverHookFactory getHookReferences (Lorg/eclipse/osgi/internal/serviceregistry/ServiceRegistry;Lorg/eclipse/osgi/internal/framework/BundleContextImpl;)[Lorg/eclipse/osgi/internal/serviceregistry/ServiceReferenceImpl; 2 <appendix> member <vmtarget> ; # org/eclipse/osgi/internal/framework/OSGiFrameworkHooks$CoreResolverHookFactory$$Lambda+0x000001d2aa106210
instanceKlass org/eclipse/osgi/container/ModuleResolutionReport$Builder
instanceKlass org/osgi/service/resolver/ResolveContext
instanceKlass org/eclipse/osgi/container/ModuleDatabase$1
# instanceKlass java/lang/invoke/LambdaForm$MH+0x000001d2aa108400
instanceKlass org/eclipse/osgi/container/ModuleContainer$ResolutionLock$Permits
# instanceKlass java/lang/invoke/LambdaForm$MH+0x000001d2aa108000
instanceKlass org/eclipse/osgi/framework/eventmgr/EventManager$EventThread$Queued
instanceKlass  @bci org/eclipse/osgi/framework/eventmgr/EventManager getEventThread ()Lorg/eclipse/osgi/framework/eventmgr/EventManager$EventThread; 24 <appendix> member <vmtarget> ; # org/eclipse/osgi/framework/eventmgr/EventManager$$Lambda+0x000001d2aa104fd0
instanceKlass org/eclipse/osgi/container/ModuleContainer$ContainerWiring$1
instanceKlass org/osgi/dto/DTO
instanceKlass  @bci org/eclipse/osgi/internal/framework/BundleContextImpl notifyFindHooksPriviledged (Lorg/eclipse/osgi/internal/framework/BundleContextImpl;Ljava/util/Collection;)V 66 <appendix> member <vmtarget> ; # org/eclipse/osgi/internal/framework/BundleContextImpl$$Lambda+0x000001d2aa102ef0
instanceKlass org/osgi/framework/hooks/bundle/FindHook
instanceKlass org/eclipse/osgi/framework/util/FilePath
instanceKlass sun/nio/ch/FileChannelImpl$Closer
instanceKlass sun/nio/fs/WindowsChannelFactory$Flags
instanceKlass sun/nio/fs/WindowsChannelFactory$1
instanceKlass sun/nio/fs/WindowsChannelFactory
instanceKlass org/eclipse/core/runtime/internal/adaptor/ConsoleManager
instanceKlass org/eclipse/core/runtime/internal/adaptor/DefaultStartupMonitor
instanceKlass org/eclipse/osgi/service/runnable/StartupMonitor
instanceKlass java/lang/Thread$Builder$OfVirtual
instanceKlass java/lang/Thread$Builder$OfPlatform
instanceKlass java/lang/Thread$Builder
instanceKlass org/eclipse/osgi/internal/serviceregistry/ServiceFactoryUse$1
instanceKlass java/util/LinkedList$ListItr
instanceKlass java/util/LinkedList$Node
instanceKlass org/eclipse/osgi/internal/resolver/StateImpl
instanceKlass org/eclipse/osgi/service/resolver/BundleSpecification
instanceKlass org/eclipse/osgi/service/resolver/BundleDescription
instanceKlass org/eclipse/osgi/service/resolver/GenericDescription
instanceKlass org/eclipse/osgi/service/resolver/HostSpecification
instanceKlass org/eclipse/osgi/service/resolver/GenericSpecification
instanceKlass org/eclipse/osgi/service/resolver/NativeCodeSpecification
instanceKlass org/eclipse/osgi/service/resolver/NativeCodeDescription
instanceKlass org/eclipse/osgi/service/resolver/ExportPackageDescription
instanceKlass org/eclipse/osgi/service/resolver/BaseDescription
instanceKlass org/eclipse/osgi/service/resolver/ImportPackageSpecification
instanceKlass org/eclipse/osgi/service/resolver/VersionConstraint
instanceKlass org/eclipse/osgi/internal/resolver/StateObjectFactoryImpl
instanceKlass org/eclipse/osgi/service/resolver/Resolver
instanceKlass org/eclipse/osgi/service/resolver/State
instanceKlass org/eclipse/osgi/service/resolver/StateObjectFactory
instanceKlass org/eclipse/osgi/compatibility/state/PlatformAdminImpl
instanceKlass org/eclipse/osgi/service/resolver/PlatformAdmin
instanceKlass org/eclipse/osgi/compatibility/state/Activator
instanceKlass sun/security/x509/RFC822Name
instanceKlass org/eclipse/osgi/internal/serviceregistry/ServiceConsumer$2
instanceKlass org/eclipse/osgi/internal/serviceregistry/ServiceConsumer$1
instanceKlass org/eclipse/osgi/internal/serviceregistry/ServiceConsumer
instanceKlass org/eclipse/osgi/service/security/TrustEngine
instanceKlass org/eclipse/osgi/internal/signedcontent/SignedContentConstants
instanceKlass org/eclipse/osgi/internal/signedcontent/SignedBundleHook$1
instanceKlass org/eclipse/osgi/internal/framework/XMLParsingServiceFactory
instanceKlass org/eclipse/osgi/storage/BundleLocalizationImpl
instanceKlass org/eclipse/osgi/service/localization/BundleLocalization
instanceKlass org/eclipse/osgi/storage/url/BundleURLConverter
instanceKlass org/eclipse/osgi/service/urlconversion/URLConverter
instanceKlass org/apache/felix/resolver/Logger
instanceKlass org/apache/felix/resolver/ResolutionError
instanceKlass org/apache/felix/resolver/util/OpenHashMap
instanceKlass org/apache/felix/resolver/ResolverImpl
instanceKlass org/osgi/service/resolver/Resolver
instanceKlass org/eclipse/osgi/internal/framework/legacy/StartLevelImpl
instanceKlass org/eclipse/osgi/internal/framework/legacy/PackageAdminImpl
instanceKlass org/osgi/service/condition/ConditionImpl
instanceKlass org/osgi/service/condition/Condition
instanceKlass java/net/ContentHandler
instanceKlass java/net/ContentHandlerFactory
instanceKlass org/eclipse/osgi/internal/url/EquinoxFactoryManager
instanceKlass org/eclipse/osgi/internal/log/ConfigAdminListener
instanceKlass org/eclipse/osgi/internal/log/EventAdminAdapter
instanceKlass org/eclipse/osgi/internal/serviceregistry/ServiceRegistry$2
instanceKlass org/eclipse/osgi/framework/eventmgr/CopyOnWriteIdentityMap$Snapshot$SnapshotIterator
instanceKlass org/eclipse/osgi/framework/eventmgr/ListenerQueue
instanceKlass  @bci org/eclipse/osgi/internal/serviceregistry/ServiceRegistry notifyEventListenerHooksPrivileged (Lorg/osgi/framework/ServiceEvent;Ljava/util/Map;)V 71 <appendix> member <vmtarget> ; # org/eclipse/osgi/internal/serviceregistry/ServiceRegistry$$Lambda+0x000001d2aa0b81f0
instanceKlass org/osgi/framework/hooks/service/EventListenerHook
instanceKlass  @bci org/eclipse/osgi/internal/serviceregistry/ServiceRegistry notifyEventHooksPrivileged (Lorg/osgi/framework/ServiceEvent;Ljava/util/Collection;)V 71 <appendix> member <vmtarget> ; # org/eclipse/osgi/internal/serviceregistry/ServiceRegistry$$Lambda+0x000001d2aa0b59f0
instanceKlass org/osgi/framework/hooks/service/EventHook
instanceKlass org/eclipse/osgi/framework/eventmgr/CopyOnWriteIdentityMap$Snapshot
instanceKlass org/osgi/framework/PrototypeServiceFactory
instanceKlass org/eclipse/osgi/framework/util/CaseInsensitiveDictionaryMap$CaseInsensitiveKey
instanceKlass org/eclipse/osgi/internal/serviceregistry/ServiceReferenceImpl
instanceKlass org/eclipse/osgi/internal/serviceregistry/ServiceUse
instanceKlass org/eclipse/osgi/internal/log/OrderedExecutor
instanceKlass  @bci org/eclipse/osgi/internal/serviceregistry/ServiceRegistry notifyFindHooksPrivileged (Lorg/eclipse/osgi/internal/framework/BundleContextImpl;Ljava/lang/String;Ljava/lang/String;ZLjava/util/Collection;)V 95 <adapter> ; # java/lang/invoke/LambdaForm$MH+0x000001d2aa0b5400
# instanceKlass java/lang/invoke/LambdaForm$DMH+0x000001d2aa0b5000
instanceKlass  @bci org/eclipse/osgi/internal/serviceregistry/ServiceRegistry notifyFindHooksPrivileged (Lorg/eclipse/osgi/internal/framework/BundleContextImpl;Ljava/lang/String;Ljava/lang/String;ZLjava/util/Collection;)V 95 <appendix> form vmentry <vmtarget> ; # java/lang/invoke/LambdaForm$DMH+0x000001d2aa0b4c00
instanceKlass  @bci org/eclipse/osgi/internal/serviceregistry/ServiceRegistry notifyFindHooksPrivileged (Lorg/eclipse/osgi/internal/framework/BundleContextImpl;Ljava/lang/String;Ljava/lang/String;ZLjava/util/Collection;)V 95 <appendix> member <vmtarget> ; # org/eclipse/osgi/internal/serviceregistry/ServiceRegistry$$Lambda+0x000001d2aa0b34e0
instanceKlass  @cpi org/eclipse/osgi/internal/serviceregistry/ServiceRegistry 1085 form vmentry <vmtarget> ; # java/lang/invoke/LambdaForm$DMH+0x000001d2aa0b4800
instanceKlass org/osgi/framework/hooks/service/FindHook
instanceKlass org/eclipse/osgi/internal/serviceregistry/ShrinkableCollection
instanceKlass  @bci org/eclipse/core/internal/resources/Workspace countResources (Lorg/eclipse/core/runtime/IPath;IZ)I 61 <appendix> form vmentry <vmtarget> ; # java/lang/invoke/LambdaForm$DMH+0x000001d2aa0b4400
instanceKlass  @bci org/eclipse/osgi/internal/serviceregistry/ServiceRegistry notifyListenerHooksPrivileged (Ljava/util/Collection;Z)V 99 <appendix> member <vmtarget> ; # org/eclipse/osgi/internal/serviceregistry/ServiceRegistry$$Lambda+0x000001d2aa0b2d58
instanceKlass  @cpi org/eclipse/osgi/internal/serviceregistry/ServiceRegistry 1108 form vmentry <vmtarget> ; # java/lang/invoke/LambdaForm$DMH+0x000001d2aa0b4000
instanceKlass org/eclipse/osgi/internal/serviceregistry/HookContext
instanceKlass org/eclipse/osgi/framework/eventmgr/CopyOnWriteIdentityMap$Entry
instanceKlass org/eclipse/osgi/framework/eventmgr/CopyOnWriteIdentityMap
instanceKlass org/osgi/framework/UnfilteredServiceListener
instanceKlass org/eclipse/osgi/internal/serviceregistry/FilteredServiceListener
instanceKlass org/osgi/framework/hooks/service/ListenerHook$ListenerInfo
instanceKlass org/eclipse/osgi/internal/framework/FilterImpl$Parser
instanceKlass org/eclipse/osgi/internal/framework/FilterImpl
instanceKlass org/osgi/util/tracker/AbstractTracked
instanceKlass org/osgi/util/tracker/ServiceTracker
instanceKlass org/eclipse/osgi/internal/framework/BundleContextImpl$2
instanceKlass org/osgi/service/startlevel/StartLevel
instanceKlass org/osgi/service/packageadmin/PackageAdmin
instanceKlass org/eclipse/osgi/internal/framework/SystemBundleActivator
instanceKlass org/eclipse/osgi/internal/loader/classpath/TitleVersionVendor
instanceKlass org/eclipse/osgi/internal/loader/classpath/ManifestPackageAttributes
instanceKlass org/eclipse/osgi/internal/loader/classpath/ClasspathEntry$PDEData
instanceKlass org/eclipse/osgi/internal/loader/classpath/ClasspathEntry
instanceKlass org/eclipse/osgi/internal/loader/classpath/FragmentClasspath
instanceKlass org/eclipse/osgi/internal/loader/classpath/ClasspathManager
instanceKlass org/eclipse/osgi/internal/loader/ModuleClassLoader$ClassNameLock$1
instanceKlass org/eclipse/osgi/internal/loader/ModuleClassLoader$ClassNameLock
instanceKlass org/eclipse/osgi/internal/container/KeyBasedLockStore
instanceKlass org/eclipse/osgi/internal/loader/BundleLoaderSources
instanceKlass org/eclipse/osgi/internal/loader/BundleLoader$1
instanceKlass org/eclipse/osgi/internal/loader/sources/PackageSource
instanceKlass java/lang/ApplicationShutdownHooks$1
instanceKlass java/lang/ApplicationShutdownHooks
instanceKlass java/util/concurrent/ForkJoinPool$2
instanceKlass jdk/internal/access/JavaUtilConcurrentFJPAccess
instanceKlass org/eclipse/osgi/internal/framework/StorageSaver$StorageSaverTask
instanceKlass java/util/concurrent/ForkJoinPool$DefaultForkJoinWorkerThreadFactory
instanceKlass java/util/concurrent/ForkJoinPool$WorkQueue
instanceKlass java/util/concurrent/ForkJoinPool$ForkJoinWorkerThreadFactory
instanceKlass org/eclipse/osgi/internal/framework/StorageSaver
instanceKlass java/util/concurrent/Executors$RunnableAdapter
instanceKlass java/util/concurrent/FutureTask$WaitNode
instanceKlass java/util/concurrent/FutureTask
instanceKlass jdk/internal/vm/ThreadContainers
instanceKlass jdk/internal/vm/StackableScope
instanceKlass java/util/concurrent/RunnableScheduledFuture
instanceKlass java/util/concurrent/ScheduledFuture
instanceKlass java/util/concurrent/Delayed
instanceKlass java/util/concurrent/RunnableFuture
instanceKlass java/util/concurrent/Future
instanceKlass java/util/concurrent/ThreadPoolExecutor$AbortPolicy
instanceKlass java/util/concurrent/AbstractExecutorService
instanceKlass java/util/concurrent/ScheduledExecutorService
instanceKlass java/util/concurrent/ExecutorService
instanceKlass java/util/concurrent/Executors
instanceKlass org/eclipse/osgi/internal/framework/ContextFinder$1
instanceKlass org/osgi/framework/ServiceObjects
instanceKlass org/eclipse/osgi/internal/framework/BundleContextImpl
instanceKlass org/osgi/framework/hooks/service/ListenerHook
instanceKlass org/eclipse/osgi/internal/serviceregistry/ServiceRegistrationImpl
instanceKlass org/osgi/framework/ServiceRegistration
instanceKlass org/eclipse/osgi/internal/serviceregistry/ServiceRegistry
instanceKlass org/eclipse/osgi/framework/eventmgr/EventManager
instanceKlass org/eclipse/osgi/internal/framework/EquinoxEventPublisher
# instanceKlass java/lang/invoke/LambdaForm$MH+0x000001d2aa0a9c00
# instanceKlass java/lang/invoke/LambdaForm$MH+0x000001d2aa0a9800
# instanceKlass java/lang/invoke/LambdaForm$MH+0x000001d2aa0a9400
instanceKlass org/eclipse/osgi/storage/bundlefile/BundleEntry
instanceKlass org/eclipse/osgi/container/ModuleDatabase$2
instanceKlass java/util/ArrayList$SubList$1
# instanceKlass java/lang/invoke/LambdaForm$MH+0x000001d2aa0a9000
# instanceKlass java/lang/invoke/LambdaForm$MH+0x000001d2aa0a8c00
# instanceKlass java/lang/invoke/LambdaForm$MH+0x000001d2aa0a8800
instanceKlass  @bci org/eclipse/jdt/internal/core/JrtPackageFragmentRoot$JrtModuleKey hashCode ()I 1 <appendix> argL1 form vmentry <vmtarget> ; # java/lang/invoke/LambdaForm$MH+0x000001d2aa0a8400
instanceKlass  @cpi org/eclipse/jdt/internal/core/builder/NameEnvironment 985 form vmentry <vmtarget> ; # java/lang/invoke/LambdaForm$DMH+0x000001d2aa0a8000
instanceKlass java/lang/reflect/AnnotatedType
instanceKlass java/lang/reflect/TypeVariable
instanceKlass org/eclipse/osgi/container/ModuleWiring$LoaderInitializer
instanceKlass org/eclipse/osgi/container/ModuleWiring
instanceKlass org/eclipse/osgi/container/ModuleWire
instanceKlass org/osgi/framework/wiring/BundleWire
instanceKlass java/util/Collections$UnmodifiableMap$UnmodifiableEntrySet$UnmodifiableEntry
instanceKlass java/util/Collections$UnmodifiableMap$UnmodifiableEntrySet$1
instanceKlass org/eclipse/osgi/internal/container/Capabilities$NamespaceSet
instanceKlass org/eclipse/osgi/container/ModuleRequirement
instanceKlass org/osgi/framework/wiring/BundleRequirement
instanceKlass org/eclipse/osgi/container/ModuleRevision$2
instanceKlass org/eclipse/osgi/internal/container/NamespaceList$Builder$8
instanceKlass org/eclipse/osgi/container/ModuleCapability
instanceKlass org/osgi/framework/wiring/BundleCapability
instanceKlass org/osgi/resource/Capability
instanceKlass org/eclipse/osgi/internal/container/NamespaceList$3
instanceKlass org/eclipse/osgi/internal/container/NamespaceList$2
instanceKlass org/eclipse/osgi/internal/container/NamespaceList$1
instanceKlass org/eclipse/osgi/internal/container/NamespaceList
instanceKlass org/eclipse/osgi/container/ModuleRevision$1
instanceKlass org/osgi/framework/wiring/BundleWiring
instanceKlass org/osgi/resource/Wiring
instanceKlass org/eclipse/osgi/container/ModuleRevision
instanceKlass org/eclipse/osgi/container/ModuleRevisions
instanceKlass org/osgi/framework/wiring/BundleRevisions
instanceKlass org/lombokweb/asm/Opcodes
instanceKlass org/lombokweb/asm/Handler
instanceKlass lombok/patcher/MethodLogistics
instanceKlass org/lombokweb/asm/Label
instanceKlass org/lombokweb/asm/Type
instanceKlass org/lombokweb/asm/Frame
instanceKlass org/lombokweb/asm/Context
instanceKlass org/lombokweb/asm/Attribute
instanceKlass lombok/patcher/scripts/ExitFromMethodEarlyScript$1
instanceKlass org/lombokweb/asm/ByteVector
instanceKlass org/lombokweb/asm/Symbol
instanceKlass org/lombokweb/asm/SymbolTable
instanceKlass org/lombokweb/asm/FieldVisitor
instanceKlass org/lombokweb/asm/MethodVisitor
instanceKlass org/lombokweb/asm/AnnotationVisitor
instanceKlass org/lombokweb/asm/ModuleVisitor
instanceKlass org/lombokweb/asm/RecordComponentVisitor
instanceKlass org/lombokweb/asm/ClassReader
instanceKlass org/eclipse/osgi/internal/framework/EquinoxBundle
instanceKlass org/eclipse/osgi/internal/container/NamespaceList$Builder$2
instanceKlass org/eclipse/osgi/container/ModuleRevisionBuilder$GenericInfo$1
instanceKlass org/eclipse/osgi/container/ModuleRevisionBuilder$GenericInfo
instanceKlass org/eclipse/osgi/container/ModuleRevisionBuilder
instanceKlass org/osgi/resource/Wire
instanceKlass org/eclipse/osgi/container/ModuleDatabase$Persistence
instanceKlass org/eclipse/osgi/container/ModuleContainer$ContainerStartLevel
instanceKlass org/eclipse/osgi/container/ModuleContainer$ContainerWiring
instanceKlass org/eclipse/osgi/container/ModuleResolver
instanceKlass org/eclipse/osgi/container/ModuleContainer$ResolutionLock
instanceKlass org/eclipse/osgi/internal/container/LockSet
instanceKlass org/osgi/framework/wiring/FrameworkWiring
instanceKlass org/osgi/framework/startlevel/FrameworkStartLevel
instanceKlass org/osgi/resource/Requirement
instanceKlass org/eclipse/osgi/report/resolution/ResolutionReport
instanceKlass org/eclipse/osgi/container/ModuleContainer
instanceKlass org/eclipse/osgi/internal/container/Capabilities
instanceKlass org/eclipse/osgi/container/Module
instanceKlass org/osgi/framework/startlevel/BundleStartLevel
instanceKlass org/eclipse/osgi/container/ModuleDatabase
instanceKlass java/util/concurrent/LinkedBlockingQueue$Node
instanceKlass java/util/concurrent/RejectedExecutionHandler
instanceKlass org/eclipse/osgi/internal/framework/EquinoxContainerAdaptor$1
instanceKlass java/util/concurrent/LinkedTransferQueue$DualNode
instanceKlass java/util/concurrent/TransferQueue
instanceKlass java/util/concurrent/atomic/AtomicReference
instanceKlass org/eclipse/osgi/internal/container/AtomicLazyInitializer
instanceKlass org/eclipse/osgi/internal/framework/OSGiFrameworkHooks$BundleCollisionHook
instanceKlass org/osgi/framework/ServiceReference
instanceKlass org/osgi/framework/hooks/resolver/ResolverHook
instanceKlass org/eclipse/osgi/internal/framework/OSGiFrameworkHooks$CoreResolverHookFactory
instanceKlass org/osgi/framework/hooks/resolver/ResolverHookFactory
instanceKlass org/eclipse/osgi/container/ModuleCollisionHook
instanceKlass org/eclipse/osgi/internal/framework/OSGiFrameworkHooks
instanceKlass org/eclipse/osgi/container/ModuleContainerAdaptor$1
instanceKlass java/util/concurrent/Callable
instanceKlass org/eclipse/osgi/container/ModuleLoader
instanceKlass java/util/concurrent/BlockingQueue
instanceKlass java/util/concurrent/Executor
instanceKlass org/eclipse/osgi/internal/permadmin/SecurityRow
instanceKlass org/eclipse/osgi/internal/permadmin/PermissionAdminTable
instanceKlass org/osgi/service/permissionadmin/PermissionInfo
instanceKlass org/osgi/service/condpermadmin/ConditionalPermissionUpdate
instanceKlass org/osgi/service/condpermadmin/ConditionalPermissionInfo
instanceKlass org/eclipse/osgi/internal/permadmin/SecurityAdmin
instanceKlass org/osgi/service/condpermadmin/ConditionalPermissionAdmin
instanceKlass org/osgi/service/permissionadmin/PermissionAdmin
instanceKlass org/eclipse/osgi/storage/PermissionData
instanceKlass  @bci org/eclipse/osgi/storage/Storage connectPersistentBundles (Ljava/util/List;)V 2 <appendix> member <vmtarget> ; # org/eclipse/osgi/storage/Storage$$Lambda+0x000001d2aa096518
instanceKlass  @cpi org/eclipse/jdt/ls/core/internal/handlers/WorkspaceExecuteCommandHandler$DelegateCommandHandlerDescriptor 165 form vmentry <vmtarget> ; # java/lang/invoke/LambdaForm$DMH+0x000001d2aa092000
instanceKlass org/eclipse/osgi/storage/BundleInfo$Generation
instanceKlass org/eclipse/osgi/storage/BundleInfo
instanceKlass org/eclipse/osgi/framework/util/ObjectPool
instanceKlass jdk/internal/util/ByteArray
instanceKlass org/eclipse/osgi/storagemanager/StorageManager$Entry
instanceKlass org/eclipse/osgi/framework/internal/reliablefile/ReliableFile$CacheInfo
instanceKlass java/util/ComparableTimSort
instanceKlass java/lang/Shutdown$Lock
instanceKlass java/lang/Shutdown
instanceKlass java/io/DeleteOnExitHook$1
instanceKlass java/io/DeleteOnExitHook
instanceKlass  @bci org/eclipse/osgi/framework/internal/reliablefile/ReliableFile createTempFile (Ljava/lang/String;Ljava/lang/String;Ljava/io/File;)Ljava/io/File; 61 <appendix> argL0 ; # org/eclipse/osgi/framework/internal/reliablefile/ReliableFile$$Lambda+0x000001d2aa094748
instanceKlass java/util/function/IntUnaryOperator
instanceKlass org/eclipse/osgi/framework/internal/reliablefile/ReliableFile
instanceKlass sun/nio/ch/FileKey
instanceKlass sun/nio/ch/FileLockTable
instanceKlass sun/nio/ch/NativeThread
instanceKlass java/nio/channels/FileLock
instanceKlass sun/nio/ch/NativeThreadSet
instanceKlass sun/nio/ch/IOUtil
instanceKlass sun/nio/ch/NativeDispatcher
instanceKlass java/nio/file/attribute/FileAttribute
instanceKlass java/nio/channels/spi/AbstractInterruptibleChannel
instanceKlass java/nio/channels/InterruptibleChannel
instanceKlass java/nio/channels/ScatteringByteChannel
instanceKlass java/nio/channels/GatheringByteChannel
instanceKlass java/nio/channels/SeekableByteChannel
instanceKlass java/nio/channels/ByteChannel
instanceKlass java/nio/channels/WritableByteChannel
instanceKlass java/nio/channels/ReadableByteChannel
instanceKlass java/nio/channels/Channel
instanceKlass org/eclipse/osgi/internal/location/Locker_JavaNio
instanceKlass org/eclipse/osgi/storagemanager/StorageManager
instanceKlass java/util/HashMap$HashMapSpliterator
instanceKlass  @bci java/lang/SecurityManager nonExportedPkgs (Ljava/lang/module/ModuleDescriptor;)Ljava/util/Set; 92 <appendix> member <vmtarget> ; # java/lang/SecurityManager$$Lambda+0x000001d2aa0329e0
instanceKlass  @bci java/lang/SecurityManager nonExportedPkgs (Ljava/lang/module/ModuleDescriptor;)Ljava/util/Set; 76 <appendix> argL0 ; # java/lang/SecurityManager$$Lambda+0x000001d2aa0327b0
instanceKlass  @bci java/lang/SecurityManager nonExportedPkgs (Ljava/lang/module/ModuleDescriptor;)Ljava/util/Set; 66 <appendix> argL0 ; # java/lang/SecurityManager$$Lambda+0x000001d2aa032570
instanceKlass  @bci java/lang/SecurityManager nonExportedPkgs (Ljava/lang/module/ModuleDescriptor;)Ljava/util/Set; 47 <appendix> member <vmtarget> ; # java/lang/SecurityManager$$Lambda+0x000001d2aa032348
instanceKlass  @bci java/lang/SecurityManager nonExportedPkgs (Ljava/lang/module/ModuleDescriptor;)Ljava/util/Set; 31 <appendix> argL0 ; # java/lang/SecurityManager$$Lambda+0x000001d2aa032118
instanceKlass  @bci java/lang/SecurityManager nonExportedPkgs (Ljava/lang/module/ModuleDescriptor;)Ljava/util/Set; 21 <appendix> argL0 ; # java/lang/SecurityManager$$Lambda+0x000001d2aa031ed8
instanceKlass  @cpi com/google/inject/internal/KotlinSupport$KotlinUnsupported 78 form vmentry <vmtarget> ; # java/lang/invoke/LambdaForm$DMH+0x000001d2aa091c00
instanceKlass  @bci java/lang/SecurityManager addNonExportedPackages (Ljava/lang/ModuleLayer;)V 59 <appendix> argL0 ; # java/lang/SecurityManager$$Lambda+0x000001d2aa031cb8
instanceKlass  @cpi org/eclipse/core/internal/net/Policy 113 form vmentry <vmtarget> ; # java/lang/invoke/LambdaForm$DMH+0x000001d2aa091800
instanceKlass  @cpi com/google/inject/spi/BindingSourceRestriction 105 form vmentry <vmtarget> ; # java/lang/invoke/LambdaForm$DMH+0x000001d2aa091400
instanceKlass  @bci java/lang/SecurityManager addNonExportedPackages (Ljava/lang/ModuleLayer;)V 49 <appendix> argL0 ; # java/lang/SecurityManager$$Lambda+0x000001d2aa031a88
instanceKlass  @cpi org/eclipse/jdt/internal/launching/StandardVMType 1159 form vmentry <vmtarget> ; # java/lang/invoke/LambdaForm$DMH+0x000001d2aa091000
instanceKlass  @bci java/lang/SecurityManager addNonExportedPackages (Ljava/lang/ModuleLayer;)V 39 <appendix> argL0 ; # java/lang/SecurityManager$$Lambda+0x000001d2aa031858
instanceKlass  @bci java/lang/SecurityManager addNonExportedPackages (Ljava/lang/ModuleLayer;)V 29 <appendix> member <vmtarget> ; # java/lang/SecurityManager$$Lambda+0x000001d2aa031610
instanceKlass  @cpi java/lang/SecurityManager 518 form vmentry <vmtarget> ; # java/lang/invoke/LambdaForm$DMH+0x000001d2aa090c00
instanceKlass  @cpi java/util/Comparator 259 form vmentry <vmtarget> ; # java/lang/invoke/LambdaForm$DMH+0x000001d2aa090800
instanceKlass  @bci java/lang/SecurityManager addNonExportedPackages (Ljava/lang/ModuleLayer;)V 17 <appendix> argL0 ; # java/lang/SecurityManager$$Lambda+0x000001d2aa0313e0
# instanceKlass java/net/SetAccessible+0x000001d2aa090400
instanceKlass jdk/internal/org/objectweb/asm/ClassReader
instanceKlass  @bci java/lang/invoke/BootstrapMethodInvoker invoke (Ljava/lang/Class;Ljava/lang/invoke/MethodHandle;Ljava/lang/String;Ljava/lang/Object;Ljava/lang/Object;Ljava/lang/Class;)Ljava/lang/Object; 462 <adapter> ; # java/lang/invoke/LambdaForm$MH+0x000001d2aa090000
# instanceKlass java/lang/invoke/LambdaForm$MH+0x000001d2aa08fc00
# instanceKlass java/lang/invoke/LambdaForm$MH+0x000001d2aa08f800
# instanceKlass java/lang/invoke/LambdaForm$MH+0x000001d2aa08f400
# instanceKlass java/lang/invoke/LambdaForm$MH+0x000001d2aa08f000
# instanceKlass java/lang/invoke/LambdaForm$DMH+0x000001d2aa08ec00
# instanceKlass java/lang/invoke/LambdaForm$DMH+0x000001d2aa08e800
# instanceKlass java/lang/invoke/LambdaForm$MH+0x000001d2aa08e400
# instanceKlass java/lang/invoke/LambdaForm$MH+0x000001d2aa08e000
# instanceKlass java/lang/invoke/LambdaForm$DMH+0x000001d2aa08dc00
# instanceKlass java/lang/invoke/LambdaForm$MH+0x000001d2aa08d800
# instanceKlass java/lang/invoke/LambdaForm$DMH+0x000001d2aa08d400
instanceKlass java/lang/Long$LongCache
# instanceKlass java/lang/invoke/LambdaForm$MH+0x000001d2aa08d000
# instanceKlass java/lang/invoke/LambdaForm$MH+0x000001d2aa08cc00
# instanceKlass java/lang/invoke/LambdaForm$MH+0x000001d2aa08c800
instanceKlass jdk/internal/vm/annotation/ForceInline
instanceKlass java/lang/annotation/Documented
instanceKlass java/lang/Deprecated
instanceKlass  @bci java/util/stream/Collectors joining (Ljava/lang/CharSequence;Ljava/lang/CharSequence;Ljava/lang/CharSequence;)Ljava/util/stream/Collector; 22 <appendix> argL0 ; # java/util/stream/Collectors$$Lambda+0x800000043
instanceKlass  @bci java/util/stream/Collectors joining (Ljava/lang/CharSequence;Ljava/lang/CharSequence;Ljava/lang/CharSequence;)Ljava/util/stream/Collector; 17 <appendix> argL0 ; # java/util/stream/Collectors$$Lambda+0x800000041
instanceKlass  @bci java/util/stream/Collectors joining (Ljava/lang/CharSequence;Ljava/lang/CharSequence;Ljava/lang/CharSequence;)Ljava/util/stream/Collector; 12 <appendix> argL0 ; # java/util/stream/Collectors$$Lambda+0x80000003e
instanceKlass  @bci java/util/stream/Collectors joining (Ljava/lang/CharSequence;Ljava/lang/CharSequence;Ljava/lang/CharSequence;)Ljava/util/stream/Collector; 7 <appendix> member <vmtarget> ; # java/util/stream/Collectors$$Lambda+0x800000046
instanceKlass  @bci java/lang/Class methodToString (Ljava/lang/String;[Ljava/lang/Class;)Ljava/lang/String; 42 <appendix> argL0 ; # java/lang/Class$$Lambda+0x000001d2aa0304b0
# instanceKlass java/lang/invoke/LambdaForm$MH+0x000001d2aa08c400
instanceKlass sun/misc/Unsafe
instanceKlass org/eclipse/osgi/internal/url/MultiplexingFactory
instanceKlass org/eclipse/osgi/storage/FrameworkExtensionInstaller
instanceKlass org/eclipse/osgi/storage/bundlefile/MRUBundleFileList
instanceKlass org/eclipse/osgi/framework/eventmgr/EventDispatcher
instanceKlass org/eclipse/osgi/storage/ContentProvider
instanceKlass org/eclipse/osgi/storage/bundlefile/BundleFile
instanceKlass org/osgi/framework/Filter
instanceKlass org/eclipse/osgi/container/ModuleContainerAdaptor
instanceKlass org/eclipse/osgi/storage/Storage
# instanceKlass java/lang/invoke/LambdaForm$DMH+0x000001d2aa08c000
instanceKlass java/lang/invoke/MethodHandle$1
instanceKlass  @bci org/eclipse/osgi/internal/cds/CDSHookConfigurator addHooks (Lorg/eclipse/osgi/internal/hookregistry/HookRegistry;)V 77 <appendix> argL0 ; # org/eclipse/osgi/internal/cds/CDSHookConfigurator$$Lambda+0x000001d2aa0881f0
instanceKlass org/eclipse/osgi/signedcontent/SignedContent
instanceKlass org/eclipse/osgi/internal/hookregistry/StorageHookFactory$StorageHook
instanceKlass org/eclipse/osgi/internal/hookregistry/StorageHookFactory
instanceKlass org/osgi/framework/BundleActivator
instanceKlass org/eclipse/osgi/internal/cds/CDSHookConfigurator
instanceKlass org/eclipse/osgi/internal/signedcontent/SignedBundleHook
instanceKlass org/eclipse/osgi/signedcontent/SignedContentFactory
instanceKlass org/eclipse/osgi/internal/hookregistry/ActivatorHookFactory
instanceKlass org/osgi/framework/wiring/BundleRevision
instanceKlass org/osgi/resource/Resource
instanceKlass org/eclipse/osgi/internal/connect/ConnectHookConfigurator
instanceKlass org/eclipse/osgi/internal/hookregistry/HookConfigurator
instanceKlass java/net/URLClassLoader$3$1
instanceKlass java/net/URLClassLoader$3
instanceKlass org/eclipse/osgi/internal/framework/EquinoxContainer$ConnectModules
instanceKlass org/eclipse/osgi/internal/log/ExtendedLogServiceFactory$EquinoxLoggerContext
instanceKlass org/eclipse/osgi/internal/log/EquinoxLogFactory$1
instanceKlass org/eclipse/osgi/framework/log/FrameworkLog
instanceKlass org/eclipse/osgi/internal/log/EquinoxLogFactory
instanceKlass org/osgi/service/log/FormatterLogger
instanceKlass org/eclipse/osgi/internal/log/LoggerImpl
instanceKlass org/eclipse/osgi/internal/log/ExtendedLogServiceImpl
instanceKlass org/eclipse/osgi/internal/log/LogServiceManager$MockSystemBundle
instanceKlass org/eclipse/osgi/internal/log/ExtendedLogServiceFactory$EquinoxLoggerAdmin
instanceKlass org/osgi/service/log/admin/LoggerContext
instanceKlass org/eclipse/osgi/internal/log/LoggerContextTargetMap
instanceKlass org/osgi/service/log/admin/LoggerAdmin
instanceKlass org/eclipse/osgi/internal/log/ExtendedLogServiceFactory
instanceKlass org/eclipse/osgi/framework/util/ArrayMap
instanceKlass java/util/concurrent/locks/ReentrantReadWriteLock$WriteLock
instanceKlass java/util/concurrent/locks/ReentrantReadWriteLock$ReadLock
instanceKlass java/util/concurrent/locks/ReentrantReadWriteLock
instanceKlass java/util/concurrent/locks/ReadWriteLock
instanceKlass org/eclipse/osgi/internal/log/ExtendedLogReaderServiceFactory$1
instanceKlass org/osgi/service/log/LogEntry
instanceKlass org/eclipse/osgi/internal/log/ExtendedLogReaderServiceFactory
instanceKlass org/osgi/framework/ServiceFactory
instanceKlass org/eclipse/equinox/log/ExtendedLogReaderService
instanceKlass org/osgi/service/log/LogReaderService
instanceKlass org/eclipse/equinox/log/ExtendedLogService
instanceKlass org/eclipse/equinox/log/Logger
instanceKlass org/osgi/service/log/Logger
instanceKlass org/osgi/service/log/LogService
instanceKlass org/osgi/service/log/LoggerFactory
instanceKlass org/eclipse/osgi/internal/log/LogServiceManager
instanceKlass org/osgi/framework/AllServiceListener
instanceKlass org/osgi/framework/ServiceListener
instanceKlass org/eclipse/osgi/internal/log/EquinoxLogWriter
instanceKlass org/eclipse/equinox/log/LogFilter
instanceKlass org/eclipse/equinox/log/SynchronousLogListener
instanceKlass org/osgi/service/log/LogListener
instanceKlass org/eclipse/osgi/internal/log/EquinoxLogServices
instanceKlass org/eclipse/osgi/util/ManifestElement
instanceKlass org/eclipse/osgi/internal/util/SupplementDebug
instanceKlass org/eclipse/osgi/internal/debug/Debug
instanceKlass org/eclipse/osgi/service/debug/DebugOptionsListener
instanceKlass org/eclipse/osgi/service/debug/DebugTrace
instanceKlass org/eclipse/osgi/internal/debug/FrameworkDebugOptions
instanceKlass org/osgi/util/tracker/ServiceTrackerCustomizer
instanceKlass java/nio/file/FileVisitor
instanceKlass org/eclipse/osgi/storage/StorageUtil
instanceKlass org/eclipse/osgi/internal/location/BasicLocation
instanceKlass org/eclipse/osgi/internal/location/EquinoxLocations
instanceKlass java/util/concurrent/atomic/AtomicBoolean
instanceKlass java/util/UUID
instanceKlass java/util/Random
instanceKlass java/util/random/RandomGenerator
instanceKlass org/eclipse/osgi/internal/container/InternalUtils
instanceKlass org/osgi/framework/Version
instanceKlass org/eclipse/osgi/internal/location/Locker
instanceKlass org/eclipse/osgi/internal/location/LocationHelper
instanceKlass org/eclipse/osgi/internal/framework/EquinoxConfiguration$ConfigValues
instanceKlass org/eclipse/osgi/internal/util/Tokenizer
instanceKlass java/nio/charset/CoderResult
instanceKlass sun/util/logging/PlatformLogger
instanceKlass sun/util/logging/PlatformLogger$ConfigurableBridge$LoggerConfiguration
instanceKlass jdk/internal/logger/BootstrapLogger$RedirectedLoggers
instanceKlass jdk/internal/logger/LazyLoggers$LazyLoggerAccessor
instanceKlass jdk/internal/logger/LazyLoggers$LoggerAccessor
instanceKlass jdk/internal/logger/AbstractLoggerWrapper
instanceKlass java/util/ServiceLoader$ProviderImpl
instanceKlass java/util/ServiceLoader$Provider
instanceKlass java/util/ServiceLoader$1
instanceKlass sun/util/logging/internal/LoggingProviderImpl$LogManagerAccess
instanceKlass java/util/concurrent/CopyOnWriteArrayList$COWIterator
instanceKlass jdk/internal/logger/BootstrapLogger$DetectBackend$1
instanceKlass jdk/internal/logger/BootstrapLogger$DetectBackend
instanceKlass jdk/internal/logger/BootstrapLogger
instanceKlass sun/util/logging/PlatformLogger$ConfigurableBridge
instanceKlass sun/util/logging/PlatformLogger$Bridge
instanceKlass jdk/internal/logger/DefaultLoggerFinder$1
instanceKlass java/lang/System$LoggerFinder
instanceKlass jdk/internal/logger/LazyLoggers$LazyLoggerFactories
instanceKlass jdk/internal/logger/LazyLoggers$1
instanceKlass jdk/internal/logger/LazyLoggers
instanceKlass jdk/internal/event/EventHelper$ThreadTrackHolder
instanceKlass java/net/URLClassLoader$2
instanceKlass org/eclipse/osgi/internal/framework/AliasMapper
instanceKlass org/eclipse/osgi/framework/util/KeyedElement
instanceKlass org/eclipse/osgi/internal/hookregistry/ClassLoaderHook
instanceKlass org/eclipse/osgi/internal/hookregistry/HookRegistry
instanceKlass org/eclipse/osgi/service/datalocation/Location
instanceKlass org/eclipse/osgi/service/debug/DebugOptions
instanceKlass org/eclipse/osgi/internal/framework/EquinoxConfiguration
instanceKlass org/eclipse/osgi/service/environment/EnvironmentInfo
# instanceKlass org/eclipse/osgi/internal/framework/EquinoxContainer$$InjectedInvoker+0x000001d2aa01c400
instanceKlass java/lang/invoke/MethodHandleImpl$BindCaller$InjectedInvokerHolder
instanceKlass java/lang/invoke/MethodHandleImpl$BindCaller
# instanceKlass java/lang/invoke/LambdaForm$MH+0x000001d2aa01c000
# instanceKlass java/lang/invoke/LambdaForm$MH+0x000001d2aa019c00
instanceKlass java/lang/annotation/Target
instanceKlass java/lang/reflect/Proxy$ProxyBuilder$1
instanceKlass jdk/internal/org/objectweb/asm/Edge
instanceKlass  @bci java/lang/reflect/ProxyGenerator addProxyMethod (Ljava/lang/reflect/Method;Ljava/lang/Class;)V 23 <appendix> argL0 ; # java/lang/reflect/ProxyGenerator$$Lambda+0x000001d2aa028598
instanceKlass  @bci java/lang/reflect/ProxyGenerator addProxyMethod (Ljava/lang/reflect/ProxyGenerator$ProxyMethod;)V 10 <appendix> argL0 ; # java/lang/reflect/ProxyGenerator$$Lambda+0x000001d2aa028368
instanceKlass java/lang/reflect/ProxyGenerator$ProxyMethod
instanceKlass  @bci java/lang/reflect/Proxy getLoader (Ljava/lang/Module;)Ljava/lang/ClassLoader; 6 <appendix> member <vmtarget> ; # java/lang/reflect/Proxy$$Lambda+0x000001d2aa027c40
instanceKlass  @bci java/lang/module/ModuleDescriptor$Builder packages (Ljava/util/Set;)Ljava/lang/module/ModuleDescriptor$Builder; 17 <appendix> argL0 ; # java/lang/module/ModuleDescriptor$Builder$$Lambda+0x800000002
instanceKlass java/lang/module/ModuleDescriptor$Builder
instanceKlass  @bci java/lang/reflect/Proxy$ProxyBuilder getDynamicModule (Ljava/lang/ClassLoader;)Ljava/lang/Module; 4 <appendix> argL0 ; # java/lang/reflect/Proxy$ProxyBuilder$$Lambda+0x000001d2aa027820
instanceKlass java/lang/PublicMethods
instanceKlass java/lang/reflect/Proxy$ProxyBuilder
instanceKlass  @bci java/lang/reflect/Proxy getProxyConstructor (Ljava/lang/Class;Ljava/lang/ClassLoader;[Ljava/lang/Class;)Ljava/lang/reflect/Constructor; 35 <appendix> argL0 ; # java/lang/reflect/Proxy$$Lambda+0x000001d2aa026fc8
instanceKlass java/lang/reflect/Proxy
instanceKlass sun/reflect/annotation/AnnotationInvocationHandler
instanceKlass java/lang/reflect/InvocationHandler
instanceKlass sun/reflect/annotation/AnnotationParser$1
instanceKlass sun/reflect/annotation/ExceptionProxy
instanceKlass java/lang/annotation/Inherited
instanceKlass java/lang/annotation/Retention
instanceKlass sun/reflect/annotation/AnnotationType$1
instanceKlass sun/reflect/annotation/AnnotationType
instanceKlass java/lang/reflect/GenericArrayType
instanceKlass sun/reflect/generics/visitor/Reifier
instanceKlass sun/reflect/generics/visitor/TypeTreeVisitor
instanceKlass sun/reflect/generics/factory/CoreReflectionFactory
instanceKlass sun/reflect/generics/factory/GenericsFactory
instanceKlass sun/reflect/generics/scope/AbstractScope
instanceKlass sun/reflect/generics/scope/Scope
instanceKlass sun/reflect/generics/tree/ClassTypeSignature
instanceKlass sun/reflect/generics/tree/SimpleClassTypeSignature
instanceKlass sun/reflect/generics/tree/FieldTypeSignature
instanceKlass sun/reflect/generics/tree/BaseType
instanceKlass sun/reflect/generics/tree/TypeSignature
instanceKlass sun/reflect/generics/tree/ReturnType
instanceKlass sun/reflect/generics/tree/TypeArgument
instanceKlass sun/reflect/generics/tree/TypeTree
instanceKlass sun/reflect/generics/tree/Tree
instanceKlass sun/reflect/generics/parser/SignatureParser
instanceKlass org/eclipse/osgi/framework/util/SecureAction$1
instanceKlass org/eclipse/osgi/framework/util/SecureAction
instanceKlass org/eclipse/osgi/internal/framework/EquinoxContainer
instanceKlass org/eclipse/osgi/launch/Equinox
# instanceKlass java/lang/invoke/LambdaForm$MH+0x000001d2aa019800
# instanceKlass java/lang/invoke/LambdaForm$MH+0x000001d2aa019400
# instanceKlass java/lang/invoke/LambdaForm$MH+0x000001d2aa019000
instanceKlass org/eclipse/core/runtime/adaptor/EclipseStarter$InitialBundle
instanceKlass org/eclipse/core/runtime/adaptor/EclipseStarter$StartupEventListener
instanceKlass org/osgi/framework/FrameworkListener
instanceKlass org/osgi/framework/SynchronousBundleListener
instanceKlass java/util/concurrent/Semaphore
instanceKlass java/util/EventObject
instanceKlass org/osgi/framework/BundleContext
instanceKlass org/osgi/framework/BundleReference
instanceKlass org/osgi/framework/BundleListener
instanceKlass java/util/EventListener
instanceKlass org/osgi/framework/launch/Framework
instanceKlass org/osgi/framework/Bundle
instanceKlass org/eclipse/core/runtime/adaptor/EclipseStarter
instanceKlass  @bci java/io/FilePermissionCollection add (Ljava/security/Permission;)V 68 <appendix> argL0 ; # java/io/FilePermissionCollection$$Lambda+0x000001d2aa021290
instanceKlass sun/security/util/SecurityProperties
instanceKlass sun/security/util/FilePermCompat
instanceKlass java/io/FilePermission$1
instanceKlass jdk/internal/access/JavaIOFilePermissionAccess
instanceKlass java/net/URLClassLoader$1
instanceKlass org/eclipse/equinox/launcher/Main$Identifier
instanceKlass java/nio/file/FileStore
instanceKlass sun/nio/fs/WindowsSecurity
instanceKlass sun/nio/fs/AbstractAclFileAttributeView
instanceKlass java/nio/file/attribute/AclFileAttributeView
instanceKlass java/nio/file/attribute/FileOwnerAttributeView
instanceKlass sun/nio/fs/WindowsLinkSupport
instanceKlass sun/nio/fs/WindowsFileSystemProvider$1
instanceKlass org/eclipse/equinox/launcher/JNIBridge
instanceKlass java/io/RandomAccessFile$1
instanceKlass sun/net/www/MimeEntry
instanceKlass java/util/Hashtable$Enumerator
instanceKlass java/util/Collections$SynchronizedCollection
instanceKlass java/util/Properties$EntrySet
instanceKlass sun/net/www/MimeTable$DefaultInstanceHolder$1
instanceKlass sun/net/www/MimeTable$DefaultInstanceHolder
instanceKlass sun/net/www/MimeTable$2
instanceKlass sun/net/www/MimeTable$1
instanceKlass sun/net/www/MimeTable
instanceKlass java/net/URLConnection$1
instanceKlass java/net/FileNameMap
instanceKlass java/util/Collections$3
instanceKlass jdk/internal/loader/URLClassPath$1
instanceKlass java/lang/CompoundEnumeration
instanceKlass jdk/internal/loader/BuiltinClassLoader$1
instanceKlass java/util/Collections$EmptyEnumeration
instanceKlass java/util/ServiceLoader$3
instanceKlass java/util/ServiceLoader$2
instanceKlass java/util/ServiceLoader$LazyClassPathLookupIterator
instanceKlass java/util/Spliterators$1Adapter
instanceKlass java/util/Spliterators$ArraySpliterator
instanceKlass java/util/ServiceLoader$ModuleServicesLookupIterator
instanceKlass java/util/ServiceLoader
instanceKlass java/net/spi/URLStreamHandlerProvider
instanceKlass java/net/URL$1
instanceKlass java/net/URL$2
instanceKlass java/net/URL$ThreadTrackHolder
instanceKlass java/lang/Thread$ThreadNumbering
instanceKlass java/nio/file/attribute/PosixFilePermissions
instanceKlass java/security/Policy
instanceKlass jdk/internal/misc/PreviewFeatures
instanceKlass jdk/internal/misc/MainMethodFinder
instanceKlass org/eclipse/equinox/launcher/Main
instanceKlass sun/security/util/ManifestEntryVerifier$SunProviderHolder
instanceKlass java/util/Base64$Encoder
instanceKlass java/util/Base64$Decoder
instanceKlass java/util/Base64
instanceKlass javax/crypto/SecretKey
instanceKlass sun/security/util/Length
instanceKlass sun/security/util/KeyUtil
instanceKlass java/security/interfaces/XECKey
instanceKlass java/security/interfaces/ECKey
instanceKlass sun/security/util/JarConstraintsParameters
instanceKlass sun/security/util/ConstraintsParameters
instanceKlass java/security/CodeSigner
instanceKlass java/security/Timestamp
instanceKlass sun/security/timestamp/TimestampToken
instanceKlass java/security/cert/CertPath
# instanceKlass java/lang/invoke/LambdaForm$MH+0x000001d2aa014c00
instanceKlass java/math/MutableBigInteger
instanceKlass sun/security/rsa/RSAPadding
instanceKlass sun/security/rsa/RSACore
instanceKlass java/security/interfaces/RSAPrivateCrtKey
instanceKlass sun/security/pkcs/PKCS8Key
instanceKlass sun/security/util/InternalPrivateKey
instanceKlass java/security/interfaces/RSAPrivateKey
instanceKlass java/security/PrivateKey
instanceKlass javax/security/auth/Destroyable
instanceKlass jdk/internal/icu/util/CodePointTrie$Data
instanceKlass jdk/internal/icu/util/CodePointMap
instanceKlass jdk/internal/icu/util/VersionInfo
instanceKlass  @bci jdk/internal/module/SystemModuleFinders$SystemModuleReader open (Ljava/lang/String;)Ljava/util/Optional; 6 <appendix> member <vmtarget> ; # jdk/internal/module/SystemModuleFinders$SystemModuleReader$$Lambda+0x000001d2aa075230
instanceKlass jdk/internal/jimage/decompressor/ZipDecompressor
instanceKlass jdk/internal/jimage/decompressor/ResourceDecompressor
instanceKlass jdk/internal/jimage/decompressor/ResourceDecompressorFactory
instanceKlass jdk/internal/jimage/decompressor/ResourceDecompressorRepository
instanceKlass jdk/internal/jimage/decompressor/CompressedResourceHeader
instanceKlass  @bci jdk/internal/jimage/BasicImageReader getResourceBuffer (Ljdk/internal/jimage/ImageLocation;)Ljava/nio/ByteBuffer; 168 <appendix> member <vmtarget> ; # jdk/internal/jimage/BasicImageReader$$Lambda+0x000001d2aa0741f0
instanceKlass jdk/internal/jimage/decompressor/ResourceDecompressor$StringsProvider
instanceKlass java/util/TimSort
instanceKlass java/util/Arrays$LegacyMergeSort
instanceKlass java/util/AbstractMap$SimpleEntry
instanceKlass jdk/internal/jimage/ImageBufferCache$2
instanceKlass jdk/internal/jimage/ImageBufferCache
instanceKlass jdk/internal/module/Checks
instanceKlass jdk/internal/icu/impl/ICUBinary$1
instanceKlass jdk/internal/icu/impl/ICUBinary
instanceKlass jdk/internal/icu/impl/NormalizerImpl$IsAcceptable
instanceKlass jdk/internal/icu/impl/ICUBinary$Authenticate
instanceKlass jdk/internal/icu/impl/NormalizerImpl
instanceKlass jdk/internal/icu/impl/Norm2AllModes$Norm2AllModesSingleton
instanceKlass jdk/internal/icu/impl/Norm2AllModes$NFKCSingleton
instanceKlass jdk/internal/icu/impl/Norm2AllModes
instanceKlass jdk/internal/icu/text/Normalizer2
instanceKlass jdk/internal/icu/text/NormalizerBase$ModeImpl
instanceKlass jdk/internal/icu/text/NormalizerBase$NFKDModeImpl
instanceKlass jdk/internal/icu/text/NormalizerBase$1
instanceKlass jdk/internal/icu/text/NormalizerBase$Mode
instanceKlass jdk/internal/icu/text/NormalizerBase
instanceKlass java/text/Normalizer
instanceKlass sun/security/x509/AVAKeyword
instanceKlass java/util/StringJoiner
instanceKlass sun/security/jca/ServiceId
instanceKlass java/security/Signature$1
instanceKlass jdk/internal/access/JavaSecuritySignatureAccess
instanceKlass java/security/SignatureSpi
instanceKlass sun/security/util/SignatureUtil
instanceKlass java/lang/invoke/VarHandle$AccessDescriptor
instanceKlass sun/security/provider/ByteArrayAccess$BE
instanceKlass sun/security/provider/ByteArrayAccess
instanceKlass sun/security/util/MessageDigestSpi2
instanceKlass java/security/MessageDigestSpi
instanceKlass sun/security/pkcs/SigningCertificateInfo$ESSCertId
instanceKlass sun/security/pkcs/SigningCertificateInfo
instanceKlass sun/security/pkcs/PKCS9Attribute
instanceKlass sun/security/pkcs/PKCS9Attributes
instanceKlass java/time/Instant
instanceKlass java/time/zone/ZoneOffsetTransition
instanceKlass java/time/LocalTime
instanceKlass java/time/temporal/ValueRange
instanceKlass java/time/Duration
instanceKlass java/time/temporal/TemporalAmount
instanceKlass java/time/temporal/TemporalUnit
instanceKlass java/time/temporal/TemporalField
instanceKlass java/time/LocalDate
instanceKlass java/time/chrono/ChronoLocalDate
instanceKlass java/time/ZonedDateTime
instanceKlass java/time/chrono/ChronoZonedDateTime
instanceKlass java/time/LocalDateTime
instanceKlass java/time/chrono/ChronoLocalDateTime
instanceKlass java/time/temporal/Temporal
instanceKlass java/time/zone/ZoneOffsetTransitionRule
instanceKlass java/time/zone/ZoneRules
instanceKlass  @bci java/time/ZoneOffset ofTotalSeconds (I)Ljava/time/ZoneOffset; 37 <appendix> argL0 ; # java/time/ZoneOffset$$Lambda+0x80000000c
instanceKlass java/time/temporal/TemporalAdjuster
instanceKlass java/time/temporal/TemporalAccessor
instanceKlass java/time/ZoneId
instanceKlass  @bci java/util/regex/CharPredicates ASCII_DIGIT ()Ljava/util/regex/Pattern$BmpCharPredicate; 0 <appendix> argL0 ; # java/util/regex/CharPredicates$$Lambda+0x800000025
instanceKlass  @bci java/util/regex/CharPredicates ASCII_SPACE ()Ljava/util/regex/Pattern$BmpCharPredicate; 0 <appendix> argL0 ; # java/util/regex/CharPredicates$$Lambda+0x800000026
instanceKlass java/util/regex/CharPredicates
instanceKlass sun/security/util/DisabledAlgorithmConstraints$Constraints$Holder
instanceKlass sun/security/util/DisabledAlgorithmConstraints$Constraint
instanceKlass java/util/StringTokenizer
instanceKlass java/security/spec/ECFieldF2m
instanceKlass java/security/spec/ECParameterSpec
instanceKlass java/security/spec/ECPoint
instanceKlass java/security/spec/EllipticCurve
instanceKlass java/security/spec/ECFieldFp
instanceKlass java/security/spec/ECField
instanceKlass sun/security/util/CurveDB
instanceKlass sun/security/util/DisabledAlgorithmConstraints$Constraints
instanceKlass java/util/TreeMap$PrivateEntryIterator
instanceKlass java/util/NavigableSet
instanceKlass java/util/SortedSet
instanceKlass sun/security/util/AbstractAlgorithmConstraints$1
instanceKlass sun/security/util/AlgorithmDecomposer
instanceKlass sun/security/util/DisabledAlgorithmConstraints$JarHolder
instanceKlass  @bci java/util/regex/Pattern DOT ()Ljava/util/regex/Pattern$CharPredicate; 0 <appendix> argL0 ; # java/util/regex/Pattern$$Lambda+0x000001d2aa066ef8
instanceKlass java/util/regex/ASCII
instanceKlass sun/security/util/AbstractAlgorithmConstraints
instanceKlass java/security/AlgorithmConstraints
instanceKlass sun/security/pkcs/SignerInfo
instanceKlass java/security/cert/PolicyQualifierInfo
instanceKlass sun/security/x509/CertificatePolicyId
instanceKlass sun/security/x509/PolicyInformation
instanceKlass sun/security/x509/DistributionPoint
instanceKlass sun/security/x509/DNSName
instanceKlass sun/security/x509/URIName
instanceKlass sun/security/x509/GeneralName
instanceKlass sun/security/x509/AccessDescription
instanceKlass sun/security/x509/GeneralNames
instanceKlass java/lang/invoke/VarForm
instanceKlass java/lang/invoke/VarHandleGuards
instanceKlass java/lang/invoke/VarHandles
instanceKlass java/lang/System$Logger
instanceKlass jdk/internal/event/EventHelper
instanceKlass sun/security/jca/JCAUtil
instanceKlass sun/security/util/MemoryCache$CacheEntry
instanceKlass sun/security/x509/KeyIdentifier
instanceKlass java/util/TreeMap$Entry
# instanceKlass java/lang/invoke/LambdaForm$MH+0x000001d2aa014800
instanceKlass sun/security/x509/OIDMap$OIDInfo
instanceKlass sun/security/x509/PKIXExtensions
instanceKlass sun/security/x509/OIDMap
instanceKlass sun/security/x509/Extension
instanceKlass java/security/cert/Extension
instanceKlass java/util/Collections$SynchronizedMap
instanceKlass java/util/NavigableMap
instanceKlass java/util/SortedMap
instanceKlass sun/security/x509/CertificateExtensions
instanceKlass sun/security/rsa/RSAUtil
instanceKlass java/security/interfaces/RSAPublicKey
instanceKlass java/security/interfaces/RSAKey
instanceKlass java/security/spec/PSSParameterSpec
instanceKlass java/security/spec/AlgorithmParameterSpec
instanceKlass java/security/spec/RSAPrivateKeySpec
instanceKlass java/security/spec/RSAPublicKeySpec
instanceKlass java/security/KeyFactorySpi
instanceKlass sun/security/rsa/SunRsaSignEntries
instanceKlass sun/security/jca/ProviderList$ServiceList$1
instanceKlass java/security/KeyFactory
instanceKlass  @bci java/security/spec/EncodedKeySpec <clinit> ()V 0 <appendix> argL0 ; # java/security/spec/EncodedKeySpec$$Lambda+0x000001d2aa05d8e8
instanceKlass  @cpi org/eclipse/aether/internal/impl/synccontext/named/NamedLockFactoryAdapterFactoryImpl 335 form vmentry <vmtarget> ; # java/lang/invoke/LambdaForm$DMH+0x000001d2aa014400
instanceKlass jdk/internal/access/JavaSecuritySpecAccess
instanceKlass java/security/spec/EncodedKeySpec
instanceKlass java/security/spec/KeySpec
instanceKlass sun/security/util/BitArray
instanceKlass sun/security/x509/X509Key
instanceKlass java/security/PublicKey
instanceKlass java/security/Key
instanceKlass sun/security/x509/CertificateX509Key
instanceKlass java/util/Date
instanceKlass sun/util/calendar/CalendarUtils
instanceKlass sun/util/calendar/CalendarDate
instanceKlass sun/util/calendar/CalendarSystem$GregorianHolder
instanceKlass sun/util/calendar/CalendarSystem
instanceKlass sun/security/x509/CertificateValidity
instanceKlass sun/security/x509/AVA
instanceKlass sun/security/x509/RDN
instanceKlass javax/security/auth/x500/X500Principal
instanceKlass  @bci sun/security/x509/X500Name <clinit> ()V 153 <appendix> argL0 ; # sun/security/x509/X500Name$$Lambda+0x000001d2aa05b4f0
instanceKlass sun/security/x509/X500Name
instanceKlass sun/security/x509/GeneralNameInterface
instanceKlass sun/security/x509/CertificateAlgorithmId
instanceKlass sun/security/x509/SerialNumber
instanceKlass sun/security/x509/CertificateSerialNumber
instanceKlass sun/security/x509/CertificateVersion
instanceKlass sun/security/x509/X509CertInfo
instanceKlass sun/security/util/Cache$EqualByteArray
instanceKlass java/security/cert/X509Extension
instanceKlass java/lang/Byte$ByteCache
instanceKlass  @bci sun/security/util/DerInputStream seeOptionalContextSpecific (I)Z 2 <appendix> member <vmtarget> ; # sun/security/util/DerInputStream$$Lambda+0x000001d2aa058f20
instanceKlass  @cpi org/eclipse/jdt/internal/compiler/ClassFile 3354 form vmentry <vmtarget> ; # java/lang/invoke/LambdaForm$DMH+0x000001d2aa014000
instanceKlass sun/security/jca/GetInstance$Instance
instanceKlass sun/security/util/Cache
instanceKlass jdk/internal/event/Event
instanceKlass sun/security/jca/GetInstance
instanceKlass java/security/cert/CertificateFactorySpi
instanceKlass java/security/cert/CertificateFactory
instanceKlass sun/security/x509/AlgorithmId
instanceKlass sun/security/util/ByteArrayTagOrder
instanceKlass sun/security/util/ByteArrayLexOrder
instanceKlass sun/security/util/DerValue
instanceKlass sun/security/util/ObjectIdentifier
instanceKlass sun/security/pkcs/ContentInfo
instanceKlass sun/security/util/DerEncoder
instanceKlass sun/security/util/DerInputStream
instanceKlass sun/security/pkcs/PKCS7
instanceKlass java/util/Collections$EmptyIterator
instanceKlass java/util/LinkedHashMap$LinkedHashIterator
instanceKlass sun/security/util/SecurityProviderConstants
instanceKlass java/security/Provider$UString
instanceKlass java/security/Provider$Service
instanceKlass sun/security/provider/NativePRNG$NonBlocking
instanceKlass sun/security/provider/NativePRNG$Blocking
instanceKlass sun/security/provider/NativePRNG
instanceKlass sun/security/provider/SunEntries$1
instanceKlass sun/security/provider/SunEntries
instanceKlass sun/security/util/SecurityConstants
instanceKlass java/security/Security$1
instanceKlass jdk/internal/access/JavaSecurityPropertiesAccess
instanceKlass java/util/concurrent/ConcurrentHashMap$MapEntry
instanceKlass java/io/FileInputStream$1
instanceKlass java/util/Properties$LineReader
instanceKlass  @bci java/security/Security <clinit> ()V 9 <appendix> argL0 ; # java/security/Security$$Lambda+0x80000000b
instanceKlass java/security/Security
instanceKlass sun/security/jca/ProviderList$2
instanceKlass jdk/internal/math/FloatingDecimal$ASCIIToBinaryBuffer
instanceKlass jdk/internal/math/FloatingDecimal$PreparedASCIIToBinaryBuffer
instanceKlass jdk/internal/math/FloatingDecimal$ASCIIToBinaryConverter
instanceKlass jdk/internal/math/FloatingDecimal$BinaryToASCIIBuffer
instanceKlass jdk/internal/math/FloatingDecimal$ExceptionalBinaryToASCIIBuffer
instanceKlass jdk/internal/math/FloatingDecimal$BinaryToASCIIConverter
instanceKlass jdk/internal/math/FloatingDecimal
instanceKlass javax/security/auth/login/Configuration$Parameters
instanceKlass java/security/Policy$Parameters
instanceKlass java/security/cert/CertStoreParameters
instanceKlass java/security/SecureRandomParameters
instanceKlass java/security/Provider$EngineDescription
instanceKlass java/security/Provider$ServiceKey
instanceKlass sun/security/jca/ProviderConfig
instanceKlass sun/security/jca/ProviderList
instanceKlass sun/security/jca/Providers
instanceKlass  @bci sun/security/util/ManifestDigester <init> ([B)V 350 <appendix> argL0 ; # sun/security/util/ManifestDigester$$Lambda+0x000001d2aa04ce80
instanceKlass sun/security/util/ManifestDigester$Section
instanceKlass sun/security/util/ManifestDigester$Entry
instanceKlass sun/security/util/ManifestDigester$Position
instanceKlass sun/security/util/ManifestDigester
instanceKlass sun/security/util/ManifestEntryVerifier
instanceKlass jdk/internal/misc/ThreadTracker
instanceKlass java/util/jar/JarFile$ThreadTrackHolder
instanceKlass java/util/jar/JarVerifier
instanceKlass sun/nio/cs/ArrayDecoder
instanceKlass java/nio/charset/CharsetDecoder
instanceKlass sun/launcher/LauncherHelper
instanceKlass lombok/patcher/scripts/ScriptBuilder$SetSymbolDuringMethodCallBuilder
instanceKlass lombok/patcher/scripts/ScriptBuilder$ReplaceMethodCallBuilder
instanceKlass lombok/eclipse/agent/EclipsePatcher$4
instanceKlass lombok/eclipse/agent/EclipsePatcher$3
instanceKlass lombok/patcher/scripts/ScriptBuilder$WrapMethodCallBuilder
instanceKlass lombok/patcher/ScriptManager$WitnessAction
instanceKlass lombok/patcher/scripts/ScriptBuilder$WrapReturnValueBuilder
instanceKlass lombok/patcher/ClassRootFinder
instanceKlass lombok/patcher/scripts/ScriptBuilder$AddFieldBuilder
instanceKlass java/util/Collections$1
instanceKlass lombok/patcher/PatchScript$MethodPatcherFactory
instanceKlass org/lombokweb/asm/ClassVisitor
instanceKlass lombok/patcher/Hook
instanceKlass  @bci java/util/regex/Pattern negate (Ljava/util/regex/Pattern$CharPredicate;)Ljava/util/regex/Pattern$CharPredicate; 1 <appendix> member <vmtarget> ; # java/util/regex/Pattern$$Lambda+0x800000031
instanceKlass java/util/regex/Pattern$BitClass
instanceKlass lombok/patcher/MethodTarget
instanceKlass lombok/patcher/scripts/ScriptBuilder$ExitEarlyBuilder
instanceKlass lombok/patcher/scripts/ScriptBuilder
instanceKlass lombok/eclipse/agent/EclipseLoaderPatcher
instanceKlass lombok/eclipse/agent/EclipsePatcher$2
instanceKlass lombok/eclipse/agent/EclipsePatcher$1
# instanceKlass java/lang/invoke/LambdaForm$MH+0x000001d2aa00d800
# instanceKlass java/lang/invoke/LambdaForm$MH+0x000001d2aa00d400
# instanceKlass java/lang/invoke/LambdaForm$MH+0x000001d2aa00d000
# instanceKlass java/lang/invoke/LambdaForm$MH+0x000001d2aa00cc00
# instanceKlass java/lang/invoke/LambdaForm$BMH+0x000001d2aa00c800
instanceKlass  @cpi org/eclipse/jdt/internal/compiler/problem/ProblemReporter 4725 form vmentry <vmtarget> ; # java/lang/invoke/LambdaForm$DMH+0x000001d2aa00c400
# instanceKlass java/lang/invoke/LambdaForm$DMH+0x000001d2aa00c000
instanceKlass java/lang/instrument/ClassDefinition
instanceKlass lombok/patcher/ScriptManager$OurClassFileTransformer
instanceKlass lombok/patcher/Filter$1
instanceKlass lombok/patcher/TransplantMapper$1
instanceKlass java/lang/instrument/ClassFileTransformer
instanceKlass lombok/patcher/ScriptManager
instanceKlass lombok/patcher/TransplantMapper
instanceKlass lombok/patcher/Filter
instanceKlass lombok/patcher/PatchScript
instanceKlass lombok/patcher/TargetMatcher
instanceKlass lombok/eclipse/agent/EclipsePatcher
instanceKlass lombok/core/AgentLauncher$AgentLaunchable
# instanceKlass java/lang/invoke/LambdaForm$MH+0x000001d2aa008400
# instanceKlass java/lang/invoke/LambdaForm$MH+0x000001d2aa008000
# instanceKlass java/lang/invoke/LambdaForm$MH+0x000001d2aa007c00
# instanceKlass java/lang/invoke/LambdaForm$MH+0x000001d2aa007800
# instanceKlass java/lang/invoke/LambdaForm$DMH+0x000001d2aa007400
# instanceKlass java/lang/invoke/LambdaForm$DMH+0x000001d2aa007000
# instanceKlass java/lang/invoke/LambdaForm$DMH+0x000001d2aa006c00
instanceKlass java/lang/ClassValue$Version
instanceKlass java/lang/ClassValue$Identity
instanceKlass java/lang/ClassValue
instanceKlass java/lang/invoke/MethodHandleImpl$ArrayAccessor
instanceKlass java/lang/invoke/MethodHandleImpl$LoopClauses
instanceKlass java/lang/invoke/MethodHandleImpl$CasesHolder
# instanceKlass java/lang/invoke/LambdaForm$MH+0x000001d2aa006800
instanceKlass  @cpi com/google/inject/spi/BindingSourceRestriction$PermitMapConstruction 96 form vmentry <vmtarget> ; # java/lang/invoke/LambdaForm$DMH+0x000001d2aa006400
# instanceKlass java/lang/invoke/LambdaForm$MH+0x000001d2aa006000
# instanceKlass java/lang/invoke/LambdaForm$MH+0x000001d2aa005c00
# instanceKlass java/lang/invoke/LambdaForm$MH+0x000001d2aa005800
# instanceKlass java/lang/invoke/LambdaForm$BMH+0x000001d2aa005400
# instanceKlass java/lang/invoke/LambdaForm$DMH+0x000001d2aa005000
# instanceKlass java/lang/invoke/LambdaForm$MH+0x000001d2aa004c00
# instanceKlass java/lang/invoke/LambdaForm$DMH+0x000001d2aa004800
instanceKlass java/lang/invoke/ClassSpecializer$Factory$1Var
instanceKlass java/lang/invoke/MethodHandles$1
# instanceKlass java/lang/invoke/LambdaForm$DMH+0x000001d2aa004400
instanceKlass sun/invoke/util/ValueConversions$1
instanceKlass sun/invoke/util/ValueConversions$WrapperCache
# instanceKlass java/lang/invoke/LambdaForm$DMH+0x000001d2aa004000
instanceKlass jdk/internal/foreign/MemorySessionImpl
instanceKlass java/lang/foreign/MemorySegment$Scope
instanceKlass lombok/core/AgentLauncher$AgentInfo
instanceKlass lombok/core/AgentLauncher
instanceKlass java/util/IdentityHashMap$IdentityHashMapIterator
instanceKlass lombok/launch/ClassFileMetaData
instanceKlass sun/net/www/MessageHeader
instanceKlass sun/net/www/protocol/jar/JarFileFactory
instanceKlass sun/net/www/protocol/jar/URLJarFile$URLJarFileCloseController
instanceKlass java/net/URLConnection
instanceKlass java/util/zip/ZipFile$ZipEntryIterator
instanceKlass java/util/WeakHashMap$HashIterator
instanceKlass java/net/URLDecoder
instanceKlass java/util/regex/IntHashSet
instanceKlass java/util/regex/Matcher
instanceKlass java/util/regex/MatchResult
instanceKlass java/util/regex/Pattern$TreeInfo
instanceKlass  @bci java/util/regex/Pattern Single (I)Ljava/util/regex/Pattern$BmpCharPredicate; 1 <appendix> member <vmtarget> ; # java/util/regex/Pattern$$Lambda+0x800000029
instanceKlass java/util/regex/Pattern$BmpCharPredicate
instanceKlass java/util/regex/Pattern$CharPredicate
instanceKlass java/util/regex/Pattern$Node
instanceKlass java/util/regex/Pattern
instanceKlass jdk/internal/jimage/ImageLocation
instanceKlass jdk/internal/jimage/decompressor/Decompressor
instanceKlass jdk/internal/jimage/ImageStringsReader
instanceKlass jdk/internal/jimage/ImageStrings
instanceKlass jdk/internal/jimage/ImageHeader
instanceKlass jdk/internal/jimage/NativeImageBuffer$1
instanceKlass jdk/internal/jimage/NativeImageBuffer
instanceKlass jdk/internal/jimage/BasicImageReader$1
instanceKlass jdk/internal/jimage/BasicImageReader
instanceKlass jdk/internal/jimage/ImageReader
instanceKlass jdk/internal/jimage/ImageReaderFactory$1
instanceKlass java/net/URI$Parser
instanceKlass java/nio/file/FileSystems$DefaultFileSystemHolder$1
instanceKlass java/nio/file/FileSystems$DefaultFileSystemHolder
instanceKlass java/nio/file/FileSystems
instanceKlass java/nio/file/Paths
instanceKlass jdk/internal/jimage/ImageReaderFactory
instanceKlass jdk/internal/module/SystemModuleFinders$SystemImage
instanceKlass jdk/internal/module/SystemModuleFinders$SystemModuleReader
instanceKlass java/lang/module/ModuleReader
instanceKlass jdk/internal/loader/BuiltinClassLoader$5
instanceKlass jdk/internal/loader/BuiltinClassLoader$2
instanceKlass jdk/internal/module/Resources
instanceKlass java/util/Arrays$ArrayItr
instanceKlass lombok/launch/PackageShader
instanceKlass java/io/Reader
instanceKlass java/lang/Readable
instanceKlass lombok/launch/Main
instanceKlass  @bci jdk/internal/reflect/DirectMethodHandleAccessor invokeImpl (Ljava/lang/Object;[Ljava/lang/Object;Ljava/lang/Class;)Ljava/lang/Object; 136 <adapter> ; # java/lang/invoke/LambdaForm$MH+0x000001d2aa002c00
# instanceKlass java/lang/invoke/LambdaForm$MH+0x000001d2aa002800
# instanceKlass java/lang/invoke/LambdaForm$MH+0x000001d2aa002400
# instanceKlass java/lang/invoke/LambdaForm$MH+0x000001d2aa002000
instanceKlass  @bci org/eclipse/jdt/ls/core/internal/handlers/WorkspaceExecuteCommandHandler$DelegateCommandHandlerDescriptor <init> (Lorg/eclipse/core/runtime/IConfigurationElement;)V 81 <appendix> form vmentry <vmtarget> ; # java/lang/invoke/LambdaForm$MH+0x000001d2aa001c00
# instanceKlass java/lang/invoke/LambdaForm$MH+0x000001d2aa001800
instanceKlass sun/instrument/InstrumentationImpl$1
instanceKlass lombok/launch/Agent
instanceKlass java/security/SecureClassLoader$DebugHolder
instanceKlass java/security/Permission
instanceKlass java/security/Guard
instanceKlass java/security/PermissionCollection
instanceKlass java/security/SecureClassLoader$1
instanceKlass java/util/zip/Checksum$1
instanceKlass java/util/zip/CRC32
instanceKlass java/util/zip/Checksum
instanceKlass sun/nio/ByteBuffered
instanceKlass java/lang/Package$VersionInfo
instanceKlass java/lang/NamedPackage
instanceKlass java/util/jar/Attributes$Name
instanceKlass java/util/jar/Attributes
instanceKlass jdk/internal/loader/Resource
instanceKlass sun/security/action/GetIntegerAction
instanceKlass sun/security/util/Debug
instanceKlass sun/security/util/SignatureFileVerifier
instanceKlass java/util/zip/ZipFile$InflaterCleanupAction
instanceKlass java/util/zip/Inflater$InflaterZStreamRef
instanceKlass java/util/zip/Inflater
instanceKlass java/util/zip/ZipEntry
instanceKlass java/util/zip/ZipFile$2
instanceKlass java/nio/Bits$1
instanceKlass jdk/internal/misc/VM$BufferPool
instanceKlass java/nio/Bits
instanceKlass sun/nio/ch/DirectBuffer
instanceKlass jdk/internal/perf/PerfCounter$CoreCounters
instanceKlass jdk/internal/perf/Perf
instanceKlass jdk/internal/perf/Perf$GetPerfAction
instanceKlass jdk/internal/perf/PerfCounter
instanceKlass sun/util/locale/LocaleObjectCache
instanceKlass sun/util/locale/BaseLocale$Key
instanceKlass sun/util/locale/LocaleUtils
instanceKlass sun/util/locale/BaseLocale
instanceKlass java/util/Locale
instanceKlass java/nio/file/attribute/FileTime
instanceKlass java/lang/StringCoding
instanceKlass java/util/zip/ZipUtils
instanceKlass java/util/zip/ZipFile$Source$End
instanceKlass java/io/RandomAccessFile$2
instanceKlass jdk/internal/access/JavaIORandomAccessFileAccess
instanceKlass java/io/RandomAccessFile
instanceKlass java/io/DataInput
instanceKlass java/io/DataOutput
instanceKlass sun/nio/fs/WindowsNativeDispatcher$CompletionStatus
instanceKlass sun/nio/fs/WindowsNativeDispatcher$AclInformation
instanceKlass sun/nio/fs/WindowsNativeDispatcher$Account
instanceKlass sun/nio/fs/WindowsNativeDispatcher$DiskFreeSpace
instanceKlass sun/nio/fs/WindowsNativeDispatcher$VolumeInformation
instanceKlass sun/nio/fs/WindowsNativeDispatcher$FirstStream
instanceKlass sun/nio/fs/WindowsNativeDispatcher$FirstFile
instanceKlass java/util/Enumeration
instanceKlass java/util/concurrent/ConcurrentHashMap$Traverser
instanceKlass sun/nio/fs/WindowsNativeDispatcher
instanceKlass sun/nio/fs/NativeBuffer$Deallocator
instanceKlass sun/nio/fs/NativeBuffer
instanceKlass java/lang/ThreadLocal$ThreadLocalMap
instanceKlass java/lang/ThreadLocal
instanceKlass sun/nio/fs/NativeBuffers
instanceKlass sun/nio/fs/WindowsFileAttributes
instanceKlass java/nio/file/attribute/DosFileAttributes
instanceKlass sun/nio/fs/AbstractBasicFileAttributeView
instanceKlass sun/nio/fs/DynamicFileAttributeView
instanceKlass sun/nio/fs/WindowsFileAttributeViews
instanceKlass sun/nio/fs/Util
instanceKlass java/nio/file/attribute/BasicFileAttributeView
instanceKlass java/nio/file/attribute/FileAttributeView
instanceKlass java/nio/file/attribute/AttributeView
instanceKlass java/nio/file/Files
instanceKlass java/nio/file/CopyOption
instanceKlass java/nio/file/attribute/BasicFileAttributes
instanceKlass sun/nio/fs/WindowsPath
instanceKlass java/util/zip/ZipFile$Source$Key
instanceKlass sun/nio/fs/WindowsPathParser$Result
instanceKlass sun/nio/fs/WindowsPathParser
instanceKlass java/nio/file/FileSystem
instanceKlass java/nio/file/OpenOption
instanceKlass java/nio/file/spi/FileSystemProvider
instanceKlass sun/nio/fs/DefaultFileSystemProvider
instanceKlass java/util/zip/ZipFile$Source
instanceKlass java/util/zip/ZipCoder
instanceKlass java/util/zip/ZipFile$CleanableResource
instanceKlass java/lang/Runtime$Version
instanceKlass java/util/jar/JavaUtilJarAccessImpl
instanceKlass jdk/internal/access/JavaUtilJarAccess
instanceKlass jdk/internal/loader/FileURLMapper
instanceKlass jdk/internal/loader/URLClassPath$JarLoader$1
instanceKlass java/util/zip/ZipFile$1
instanceKlass jdk/internal/access/JavaUtilZipFileAccess
instanceKlass java/util/zip/ZipFile
instanceKlass java/util/zip/ZipConstants
instanceKlass jdk/internal/loader/URLClassPath$Loader
instanceKlass jdk/internal/loader/URLClassPath$3
instanceKlass java/security/PrivilegedExceptionAction
instanceKlass sun/net/util/URLUtil
instanceKlass sun/instrument/TransformerManager$TransformerInfo
instanceKlass sun/instrument/TransformerManager
instanceKlass jdk/internal/loader/NativeLibraries$3
instanceKlass jdk/internal/loader/NativeLibrary
instanceKlass java/util/ArrayDeque$DeqIterator
instanceKlass jdk/internal/loader/NativeLibraries$NativeLibraryContext$1
instanceKlass jdk/internal/loader/NativeLibraries$NativeLibraryContext
instanceKlass jdk/internal/loader/NativeLibraries$2
instanceKlass jdk/internal/loader/NativeLibraries$1
instanceKlass jdk/internal/loader/NativeLibraries$LibraryPaths
instanceKlass  @bci sun/instrument/InstrumentationImpl <clinit> ()V 16 <appendix> argL0 ; # sun/instrument/InstrumentationImpl$$Lambda+0x000001d2aa042ca0
instanceKlass sun/instrument/InstrumentationImpl
instanceKlass java/lang/instrument/Instrumentation
instanceKlass java/lang/invoke/StringConcatFactory
instanceKlass jdk/internal/module/ModuleBootstrap$SafeModuleFinder
instanceKlass  @bci java/lang/WeakPairMap computeIfAbsent (Ljava/lang/Object;Ljava/lang/Object;Ljava/util/function/BiFunction;)Ljava/lang/Object; 18 <appendix> member <vmtarget> ; # java/lang/WeakPairMap$$Lambda+0x000001d2aa042558
instanceKlass  @bci java/lang/Module implAddExportsOrOpens (Ljava/lang/String;Ljava/lang/Module;ZZ)V 145 <appendix> argL0 ; # java/lang/Module$$Lambda+0x000001d2aa041c40
instanceKlass  @bci jdk/internal/module/ModuleBootstrap decode (Ljava/lang/String;Ljava/lang/String;Z)Ljava/util/Map; 193 <appendix> argL0 ; # jdk/internal/module/ModuleBootstrap$$Lambda+0x000001d2aa041a10
instanceKlass java/lang/ModuleLayer$Controller
instanceKlass java/util/concurrent/CopyOnWriteArrayList
instanceKlass jdk/internal/module/ServicesCatalog$ServiceProvider
instanceKlass jdk/internal/loader/AbstractClassLoaderValue$Memoizer
instanceKlass jdk/internal/module/ModuleLoaderMap$Modules
instanceKlass jdk/internal/module/ModuleLoaderMap$Mapper
instanceKlass jdk/internal/module/ModuleLoaderMap
instanceKlass java/lang/module/ResolvedModule
instanceKlass java/util/Collections$UnmodifiableCollection$1
instanceKlass java/util/SequencedMap
instanceKlass java/util/SequencedSet
instanceKlass java/lang/ModuleLayer
instanceKlass java/util/ImmutableCollections$ListItr
instanceKlass java/util/ListIterator
instanceKlass java/lang/module/ModuleFinder$1
instanceKlass java/nio/file/Path
instanceKlass java/nio/file/Watchable
instanceKlass java/lang/module/Resolver
instanceKlass java/lang/module/Configuration
instanceKlass java/util/stream/ForEachOps$ForEachOp
instanceKlass java/util/stream/ForEachOps
instanceKlass  @bci jdk/internal/module/ModuleBootstrap boot2 ()Ljava/lang/ModuleLayer; 791 <appendix> member <vmtarget> ; # jdk/internal/module/ModuleBootstrap$$Lambda+0x000001d2aa041030
instanceKlass  @cpi org/eclipse/jdt/internal/core/index/MetaIndex 213 form vmentry <vmtarget> ; # java/lang/invoke/LambdaForm$DMH+0x000001d2aa000c00
instanceKlass  @bci jdk/internal/module/ModuleBootstrap boot2 ()Ljava/lang/ModuleLayer; 779 <appendix> member <vmtarget> ; # jdk/internal/module/ModuleBootstrap$$Lambda+0x000001d2aa040de8
instanceKlass  @bci jdk/internal/module/ModuleBootstrap boot2 ()Ljava/lang/ModuleLayer; 767 <appendix> argL0 ; # jdk/internal/module/ModuleBootstrap$$Lambda+0x000001d2aa040bb8
instanceKlass  @bci jdk/internal/module/ModuleBootstrap boot2 ()Ljava/lang/ModuleLayer; 757 <appendix> argL0 ; # jdk/internal/module/ModuleBootstrap$$Lambda+0x000001d2aa040988
instanceKlass  @bci java/util/stream/FindOps$FindSink$OfRef <clinit> ()V 43 <appendix> argL0 ; # java/util/stream/FindOps$FindSink$OfRef$$Lambda+0x800000048
instanceKlass  @bci java/util/stream/FindOps$FindSink$OfRef <clinit> ()V 38 <appendix> argL0 ; # java/util/stream/FindOps$FindSink$OfRef$$Lambda+0x80000004a
instanceKlass  @bci java/util/stream/FindOps$FindSink$OfRef <clinit> ()V 16 <appendix> argL0 ; # java/util/stream/FindOps$FindSink$OfRef$$Lambda+0x800000049
instanceKlass  @bci java/util/stream/FindOps$FindSink$OfRef <clinit> ()V 11 <appendix> argL0 ; # java/util/stream/FindOps$FindSink$OfRef$$Lambda+0x80000004b
instanceKlass java/util/stream/FindOps$FindOp
instanceKlass java/util/stream/FindOps$FindSink
instanceKlass java/util/stream/FindOps
instanceKlass  @bci jdk/internal/module/DefaultRoots exportsAPI (Ljava/lang/module/ModuleDescriptor;)Z 9 <appendix> argL0 ; # jdk/internal/module/DefaultRoots$$Lambda+0x800000051
instanceKlass java/util/stream/Sink$ChainedReference
instanceKlass java/util/stream/ReduceOps$AccumulatingSink
instanceKlass java/util/stream/TerminalSink
instanceKlass java/util/stream/Sink
instanceKlass java/util/function/Consumer
instanceKlass java/util/stream/ReduceOps$Box
instanceKlass java/util/stream/ReduceOps$ReduceOp
instanceKlass java/util/stream/TerminalOp
instanceKlass java/util/stream/ReduceOps
instanceKlass  @bci java/util/stream/Collectors castingIdentity ()Ljava/util/function/Function; 0 <appendix> argL0 ; # java/util/stream/Collectors$$Lambda+0x800000042
instanceKlass  @bci java/util/stream/Collectors toSet ()Ljava/util/stream/Collector; 14 <appendix> argL0 ; # java/util/stream/Collectors$$Lambda+0x800000040
instanceKlass java/util/function/BinaryOperator
instanceKlass  @bci java/util/stream/Collectors toSet ()Ljava/util/stream/Collector; 9 <appendix> argL0 ; # java/util/stream/Collectors$$Lambda+0x800000039
instanceKlass java/util/function/BiConsumer
instanceKlass  @bci java/util/stream/Collectors toSet ()Ljava/util/stream/Collector; 4 <appendix> argL0 ; # java/util/stream/Collectors$$Lambda+0x800000045
instanceKlass java/util/stream/Collector
instanceKlass java/util/Collections$UnmodifiableCollection
instanceKlass java/util/stream/Collectors
instanceKlass  @bci jdk/internal/module/DefaultRoots compute (Ljava/lang/module/ModuleFinder;Ljava/lang/module/ModuleFinder;)Ljava/util/Set; 42 <appendix> argL0 ; # jdk/internal/module/DefaultRoots$$Lambda+0x80000004e
instanceKlass  @bci jdk/internal/module/DefaultRoots compute (Ljava/lang/module/ModuleFinder;Ljava/lang/module/ModuleFinder;)Ljava/util/Set; 32 <appendix> member <vmtarget> ; # jdk/internal/module/DefaultRoots$$Lambda+0x800000052
instanceKlass  @bci jdk/internal/module/DefaultRoots compute (Ljava/lang/module/ModuleFinder;Ljava/lang/module/ModuleFinder;)Ljava/util/Set; 21 <appendix> argL0 ; # jdk/internal/module/DefaultRoots$$Lambda+0x80000004f
instanceKlass java/util/concurrent/ForkJoinPool$ManagedBlocker
instanceKlass java/util/concurrent/locks/AbstractQueuedSynchronizer$Node
instanceKlass java/lang/ref/Cleaner$Cleanable
instanceKlass jdk/internal/ref/CleanerImpl
instanceKlass java/lang/ref/Cleaner$1
instanceKlass java/lang/ref/Cleaner
instanceKlass jdk/internal/ref/CleanerFactory$1
instanceKlass java/util/concurrent/ThreadFactory
instanceKlass jdk/internal/ref/CleanerFactory
instanceKlass  @bci org/eclipse/jdt/internal/compiler/ast/SwitchStatement$SwitchTranslator initializeLabels (Lorg/eclipse/jdt/internal/compiler/codegen/CodeStream;)V 27 <appendix> form vmentry <vmtarget> ; # java/lang/invoke/LambdaForm$MH+0x000001d2aa000800
instanceKlass  @bci jdk/internal/module/DefaultRoots compute (Ljava/lang/module/ModuleFinder;Ljava/lang/module/ModuleFinder;)Ljava/util/Set; 11 <appendix> argL0 ; # jdk/internal/module/DefaultRoots$$Lambda+0x800000050
instanceKlass java/lang/invoke/LambdaProxyClassArchive
instanceKlass java/lang/invoke/InfoFromMemberName
instanceKlass java/lang/invoke/MethodHandleInfo
instanceKlass jdk/internal/org/objectweb/asm/ConstantDynamic
instanceKlass jdk/internal/org/objectweb/asm/Handle
instanceKlass sun/security/action/GetBooleanAction
instanceKlass java/lang/invoke/AbstractValidatingLambdaMetafactory
instanceKlass java/lang/invoke/BootstrapMethodInvoker
instanceKlass java/util/function/Predicate
instanceKlass java/lang/WeakPairMap$Pair$Lookup
instanceKlass java/lang/WeakPairMap$Pair
instanceKlass java/lang/WeakPairMap
instanceKlass java/lang/Module$ReflectionData
instanceKlass java/lang/invoke/LambdaMetafactory
# instanceKlass java/lang/invoke/LambdaForm$MH+0x000001d2aa000400
instanceKlass java/lang/invoke/MethodHandles$Lookup$ClassDefiner
instanceKlass java/lang/invoke/MethodHandles$Lookup$ClassFile
instanceKlass jdk/internal/org/objectweb/asm/Handler
instanceKlass jdk/internal/org/objectweb/asm/Attribute
instanceKlass jdk/internal/org/objectweb/asm/FieldVisitor
instanceKlass java/util/ArrayList$Itr
instanceKlass sun/invoke/empty/Empty
instanceKlass sun/invoke/util/VerifyType
instanceKlass java/lang/invoke/InvokerBytecodeGenerator$ClassData
instanceKlass jdk/internal/org/objectweb/asm/AnnotationVisitor
instanceKlass jdk/internal/org/objectweb/asm/Frame
instanceKlass jdk/internal/org/objectweb/asm/Label
instanceKlass jdk/internal/org/objectweb/asm/Type
instanceKlass jdk/internal/org/objectweb/asm/MethodVisitor
instanceKlass sun/invoke/util/BytecodeDescriptor
instanceKlass jdk/internal/org/objectweb/asm/ByteVector
instanceKlass jdk/internal/org/objectweb/asm/Symbol
instanceKlass jdk/internal/org/objectweb/asm/SymbolTable
instanceKlass jdk/internal/org/objectweb/asm/ClassVisitor
instanceKlass java/lang/invoke/LambdaFormBuffer
instanceKlass java/lang/invoke/LambdaFormEditor$TransformKey
instanceKlass java/lang/invoke/LambdaFormEditor
instanceKlass java/lang/invoke/Invokers$Holder
instanceKlass java/lang/invoke/DelegatingMethodHandle$Holder
instanceKlass java/lang/invoke/DirectMethodHandle$2
instanceKlass java/lang/invoke/ClassSpecializer$Factory
instanceKlass java/lang/invoke/ClassSpecializer$SpeciesData
instanceKlass java/lang/invoke/ClassSpecializer$1
instanceKlass java/lang/invoke/ClassSpecializer
instanceKlass java/lang/invoke/InvokerBytecodeGenerator$1
instanceKlass java/lang/invoke/InvokerBytecodeGenerator
instanceKlass java/lang/invoke/LambdaForm$Holder
instanceKlass java/lang/invoke/LambdaForm$Name
instanceKlass java/lang/reflect/Array
instanceKlass java/lang/invoke/Invokers
instanceKlass sun/invoke/util/ValueConversions
instanceKlass java/lang/invoke/DirectMethodHandle$Holder
instanceKlass java/lang/Void
instanceKlass sun/invoke/util/Wrapper$Format
instanceKlass java/lang/invoke/MethodHandleImpl$1
instanceKlass jdk/internal/access/JavaLangInvokeAccess
instanceKlass java/lang/invoke/LambdaForm$NamedFunction
instanceKlass java/lang/invoke/MethodHandleImpl
instanceKlass jdk/internal/reflect/MethodHandleAccessorFactory$LazyStaticHolder
instanceKlass java/lang/invoke/MethodTypeForm
instanceKlass jdk/internal/util/StrongReferenceKey
instanceKlass jdk/internal/util/ReferenceKey
instanceKlass jdk/internal/util/ReferencedKeyMap
instanceKlass java/lang/invoke/MethodType$1
instanceKlass sun/reflect/annotation/AnnotationParser
instanceKlass java/lang/Class$3
instanceKlass java/lang/PublicMethods$Key
instanceKlass java/lang/PublicMethods$MethodList
instanceKlass java/util/EnumMap$1
instanceKlass java/util/stream/StreamOpFlag$MaskBuilder
instanceKlass java/util/stream/Stream
instanceKlass java/util/stream/BaseStream
instanceKlass java/util/stream/PipelineHelper
instanceKlass java/util/stream/StreamSupport
instanceKlass java/util/Spliterators$IteratorSpliterator
instanceKlass java/util/Spliterator$OfDouble
instanceKlass java/util/Spliterator$OfLong
instanceKlass java/util/Spliterator$OfInt
instanceKlass java/util/Spliterator$OfPrimitive
instanceKlass java/util/Spliterator
instanceKlass java/util/Spliterators$EmptySpliterator
instanceKlass java/util/Spliterators
instanceKlass jdk/internal/module/DefaultRoots
instanceKlass jdk/internal/loader/BuiltinClassLoader$LoadedModule
instanceKlass jdk/internal/loader/AbstractClassLoaderValue
instanceKlass jdk/internal/module/ServicesCatalog
instanceKlass java/util/Deque
instanceKlass java/util/Queue
instanceKlass sun/net/util/IPAddressUtil$MASKS
instanceKlass sun/net/util/IPAddressUtil
instanceKlass java/net/URLStreamHandler
instanceKlass sun/net/www/ParseUtil
instanceKlass java/net/URL$3
instanceKlass jdk/internal/access/JavaNetURLAccess
instanceKlass java/net/URL$DefaultFactory
instanceKlass java/net/URLStreamHandlerFactory
instanceKlass jdk/internal/loader/URLClassPath
instanceKlass java/security/Principal
instanceKlass java/security/ProtectionDomain$Key
instanceKlass java/security/ProtectionDomain$JavaSecurityAccessImpl
instanceKlass jdk/internal/access/JavaSecurityAccess
instanceKlass java/lang/ClassLoader$ParallelLoaders
instanceKlass java/security/cert/Certificate
instanceKlass jdk/internal/loader/ArchivedClassLoaders
instanceKlass java/util/concurrent/ConcurrentHashMap$CollectionView
instanceKlass jdk/internal/loader/ClassLoaderHelper
instanceKlass jdk/internal/loader/NativeLibraries
instanceKlass java/lang/Module$EnableNativeAccess
instanceKlass jdk/internal/loader/BootLoader
instanceKlass java/util/Optional
instanceKlass jdk/internal/module/SystemModuleFinders$SystemModuleFinder
instanceKlass java/lang/module/ModuleFinder
instanceKlass jdk/internal/module/SystemModuleFinders$3
instanceKlass jdk/internal/module/ModuleHashes$HashSupplier
instanceKlass jdk/internal/module/SystemModuleFinders$2
instanceKlass java/util/function/Supplier
instanceKlass java/lang/module/ModuleReference
instanceKlass jdk/internal/module/ModuleResolution
instanceKlass java/util/Collections$UnmodifiableMap
instanceKlass jdk/internal/module/ModuleHashes$Builder
instanceKlass jdk/internal/module/ModuleHashes
instanceKlass jdk/internal/module/ModuleTarget
instanceKlass java/util/ImmutableCollections$Set12$1
instanceKlass java/lang/reflect/AccessFlag$18
instanceKlass java/lang/reflect/AccessFlag$17
instanceKlass java/lang/reflect/AccessFlag$16
instanceKlass java/lang/reflect/AccessFlag$15
instanceKlass java/lang/reflect/AccessFlag$14
instanceKlass java/lang/reflect/AccessFlag$13
instanceKlass java/lang/reflect/AccessFlag$12
instanceKlass java/lang/reflect/AccessFlag$11
instanceKlass java/lang/reflect/AccessFlag$10
instanceKlass java/lang/reflect/AccessFlag$9
instanceKlass java/lang/reflect/AccessFlag$8
instanceKlass java/lang/reflect/AccessFlag$7
instanceKlass java/lang/reflect/AccessFlag$6
instanceKlass java/lang/reflect/AccessFlag$5
instanceKlass java/lang/reflect/AccessFlag$4
instanceKlass java/lang/reflect/AccessFlag$3
instanceKlass java/lang/reflect/AccessFlag$2
instanceKlass java/lang/reflect/AccessFlag$1
instanceKlass java/lang/module/ModuleDescriptor$Version
instanceKlass java/lang/module/ModuleDescriptor$Provides
instanceKlass java/lang/module/ModuleDescriptor$Opens
instanceKlass java/util/ImmutableCollections$SetN$SetNIterator
instanceKlass java/lang/module/ModuleDescriptor$Exports
instanceKlass java/lang/module/ModuleDescriptor$Requires
instanceKlass jdk/internal/module/Builder
instanceKlass jdk/internal/module/SystemModules$all
instanceKlass jdk/internal/module/SystemModules
instanceKlass jdk/internal/module/SystemModulesMap
instanceKlass java/net/URI$1
instanceKlass jdk/internal/access/JavaNetUriAccess
instanceKlass java/net/URI
instanceKlass jdk/internal/module/SystemModuleFinders
instanceKlass jdk/internal/module/ArchivedModuleGraph
instanceKlass jdk/internal/module/ArchivedBootLayer
instanceKlass jdk/internal/module/ModuleBootstrap$Counters
instanceKlass jdk/internal/module/ModulePatcher
instanceKlass java/io/FileSystem
instanceKlass java/io/DefaultFileSystem
instanceKlass java/io/File
instanceKlass java/lang/module/ModuleDescriptor$1
instanceKlass jdk/internal/access/JavaLangModuleAccess
instanceKlass sun/invoke/util/VerifyAccess
instanceKlass java/util/KeyValueHolder
instanceKlass java/util/ImmutableCollections$MapN$MapNIterator
instanceKlass java/lang/StrictMath
instanceKlass java/lang/invoke/MethodHandles$Lookup
instanceKlass java/lang/invoke/MemberName$Factory
instanceKlass java/lang/invoke/MethodHandles
instanceKlass java/lang/module/ModuleDescriptor
instanceKlass jdk/internal/module/ModuleBootstrap
instanceKlass java/lang/Character$CharacterCache
instanceKlass java/util/HexFormat
instanceKlass jdk/internal/util/ClassFileDumper
instanceKlass sun/security/action/GetPropertyAction
instanceKlass java/lang/invoke/MethodHandleStatics
instanceKlass jdk/internal/misc/Blocker
instanceKlass java/util/concurrent/locks/AbstractQueuedSynchronizer$ConditionObject
instanceKlass java/util/concurrent/locks/Condition
instanceKlass java/util/Collections
instanceKlass java/lang/Thread$ThreadIdentifiers
instanceKlass sun/io/Win32ErrorMode
instanceKlass jdk/internal/misc/OSEnvironment
instanceKlass java/lang/Integer$IntegerCache
instanceKlass jdk/internal/misc/Signal$NativeHandler
instanceKlass java/util/Hashtable$Entry
instanceKlass jdk/internal/misc/Signal
instanceKlass java/lang/Terminator$1
instanceKlass jdk/internal/misc/Signal$Handler
instanceKlass java/lang/Terminator
instanceKlass java/nio/ByteOrder
instanceKlass java/nio/Buffer$2
instanceKlass jdk/internal/access/JavaNioAccess
instanceKlass java/nio/Buffer$1
instanceKlass jdk/internal/misc/ScopedMemoryAccess
instanceKlass java/nio/charset/CodingErrorAction
instanceKlass sun/nio/cs/SingleByte
instanceKlass java/lang/StringUTF16
instanceKlass sun/nio/cs/MS1252$Holder
instanceKlass sun/nio/cs/ArrayEncoder
instanceKlass java/nio/charset/CharsetEncoder
instanceKlass java/io/Writer
instanceKlass java/io/PrintStream$1
instanceKlass jdk/internal/access/JavaIOPrintStreamAccess
instanceKlass jdk/internal/misc/InternalLock
instanceKlass java/io/OutputStream
instanceKlass java/io/Flushable
instanceKlass java/io/FileDescriptor$1
instanceKlass jdk/internal/access/JavaIOFileDescriptorAccess
instanceKlass java/io/FileDescriptor
instanceKlass jdk/internal/util/StaticProperty
instanceKlass jdk/internal/reflect/MethodHandleAccessorFactory
instanceKlass java/lang/reflect/Modifier
instanceKlass java/lang/Class$1
instanceKlass java/lang/Class$Atomic
instanceKlass java/lang/Class$ReflectionData
instanceKlass java/nio/charset/StandardCharsets
instanceKlass sun/nio/cs/HistoricallyNamedCharset
instanceKlass java/nio/charset/spi/CharsetProvider
instanceKlass java/nio/charset/Charset
instanceKlass java/util/HashMap$HashIterator
instanceKlass java/util/concurrent/locks/LockSupport
instanceKlass java/util/concurrent/ConcurrentHashMap$Node
instanceKlass java/util/concurrent/ConcurrentHashMap$CounterCell
instanceKlass java/util/concurrent/locks/ReentrantLock
instanceKlass java/util/concurrent/locks/Lock
instanceKlass java/lang/CharacterData
instanceKlass java/util/Arrays
instanceKlass jdk/internal/util/Preconditions$3
instanceKlass jdk/internal/util/Preconditions$2
instanceKlass jdk/internal/util/Preconditions$4
instanceKlass java/util/function/BiFunction
instanceKlass jdk/internal/util/Preconditions$1
instanceKlass java/util/function/Function
instanceKlass jdk/internal/util/Preconditions
instanceKlass java/lang/Runtime
instanceKlass java/lang/VersionProps
instanceKlass java/lang/StringConcatHelper
instanceKlass java/util/HashMap$Node
instanceKlass java/util/Map$Entry
instanceKlass jdk/internal/util/ArraysSupport
instanceKlass jdk/internal/util/SystemProps$Raw
instanceKlass jdk/internal/util/SystemProps
instanceKlass java/lang/System$2
instanceKlass jdk/internal/access/JavaLangAccess
instanceKlass java/lang/ref/NativeReferenceQueue$Lock
instanceKlass java/lang/ref/ReferenceQueue
instanceKlass java/lang/ref/Reference$1
instanceKlass jdk/internal/access/JavaLangRefAccess
instanceKlass jdk/internal/reflect/ReflectionFactory
instanceKlass java/lang/Math
instanceKlass java/lang/StringLatin1
instanceKlass jdk/internal/reflect/Reflection
instanceKlass jdk/internal/reflect/ReflectionFactory$GetReflectionFactoryAction
instanceKlass java/security/PrivilegedAction
instanceKlass jdk/internal/access/SharedSecrets
instanceKlass java/lang/reflect/ReflectAccess
instanceKlass jdk/internal/access/JavaLangReflectAccess
instanceKlass java/util/ImmutableCollections
instanceKlass java/util/Objects
instanceKlass java/util/Set
instanceKlass jdk/internal/misc/CDS
instanceKlass java/lang/Module$ArchivedData
instanceKlass jdk/internal/misc/VM
instanceKlass java/lang/String$CaseInsensitiveComparator
instanceKlass java/util/Comparator
instanceKlass java/io/ObjectStreamField
instanceKlass jdk/internal/vm/FillerObject
instanceKlass jdk/internal/vm/vector/VectorSupport$VectorPayload
instanceKlass jdk/internal/vm/vector/VectorSupport
instanceKlass java/lang/reflect/RecordComponent
instanceKlass java/util/Iterator
instanceKlass java/lang/Number
instanceKlass java/lang/Character
instanceKlass java/lang/Boolean
instanceKlass java/util/concurrent/locks/AbstractOwnableSynchronizer
instanceKlass java/lang/LiveStackFrame
instanceKlass java/lang/StackFrameInfo
instanceKlass java/lang/StackWalker$StackFrame
instanceKlass java/lang/StackStreamFactory$AbstractStackWalker
instanceKlass java/lang/StackWalker
instanceKlass java/nio/Buffer
instanceKlass java/lang/StackTraceElement
instanceKlass java/util/RandomAccess
instanceKlass java/util/List
instanceKlass java/util/SequencedCollection
instanceKlass java/util/AbstractCollection
instanceKlass java/util/Collection
instanceKlass java/lang/Iterable
instanceKlass java/util/concurrent/ConcurrentMap
instanceKlass java/util/AbstractMap
instanceKlass java/security/CodeSource
instanceKlass jdk/internal/loader/ClassLoaders
instanceKlass java/util/jar/Manifest
instanceKlass java/lang/Enum
instanceKlass java/net/URL
instanceKlass java/io/InputStream
instanceKlass java/io/Closeable
instanceKlass java/lang/AutoCloseable
instanceKlass jdk/internal/module/Modules
instanceKlass jdk/internal/misc/Unsafe
instanceKlass jdk/internal/misc/UnsafeConstants
instanceKlass java/lang/AbstractStringBuilder
instanceKlass java/lang/Appendable
instanceKlass java/lang/AssertionStatusDirectives
instanceKlass java/lang/invoke/MethodHandleNatives$CallSiteContext
instanceKlass jdk/internal/foreign/abi/ABIDescriptor
instanceKlass jdk/internal/foreign/abi/NativeEntryPoint
instanceKlass java/lang/invoke/CallSite
instanceKlass java/lang/invoke/MethodType
instanceKlass java/lang/invoke/TypeDescriptor$OfMethod
instanceKlass java/lang/invoke/LambdaForm
instanceKlass java/lang/invoke/MethodHandleNatives
instanceKlass java/lang/invoke/ResolvedMethodName
instanceKlass java/lang/invoke/MemberName
instanceKlass java/lang/invoke/VarHandle
instanceKlass java/lang/invoke/MethodHandle
instanceKlass jdk/internal/reflect/CallerSensitive
instanceKlass java/lang/annotation/Annotation
instanceKlass jdk/internal/reflect/FieldAccessor
instanceKlass jdk/internal/reflect/ConstantPool
instanceKlass jdk/internal/reflect/ConstructorAccessor
instanceKlass jdk/internal/reflect/MethodAccessor
instanceKlass jdk/internal/reflect/MagicAccessorImpl
instanceKlass jdk/internal/vm/StackChunk
instanceKlass jdk/internal/vm/Continuation
instanceKlass jdk/internal/vm/ContinuationScope
instanceKlass java/lang/reflect/Parameter
instanceKlass java/lang/reflect/Member
instanceKlass java/lang/reflect/AccessibleObject
instanceKlass java/lang/Module
instanceKlass java/util/Map
instanceKlass java/util/Dictionary
instanceKlass java/lang/ThreadGroup
instanceKlass java/lang/Thread$UncaughtExceptionHandler
instanceKlass java/lang/Thread$Constants
instanceKlass java/lang/Thread$FieldHolder
instanceKlass java/lang/Thread
instanceKlass java/lang/Runnable
instanceKlass java/lang/ref/Reference
instanceKlass java/lang/Record
instanceKlass java/security/AccessController
instanceKlass java/security/AccessControlContext
instanceKlass java/security/ProtectionDomain
instanceKlass java/lang/SecurityManager
instanceKlass java/lang/Throwable
instanceKlass java/lang/System
instanceKlass java/lang/ClassLoader
instanceKlass java/lang/Cloneable
instanceKlass java/lang/Class
instanceKlass java/lang/invoke/TypeDescriptor$OfField
instanceKlass java/lang/invoke/TypeDescriptor
instanceKlass java/lang/reflect/Type
instanceKlass java/lang/reflect/GenericDeclaration
instanceKlass java/lang/reflect/AnnotatedElement
instanceKlass java/lang/String
instanceKlass java/lang/constant/ConstantDesc
instanceKlass java/lang/constant/Constable
instanceKlass java/lang/CharSequence
instanceKlass java/lang/Comparable
instanceKlass java/io/Serializable
ciInstanceKlass java/lang/Object 1 1 124 7 1 10 12 1 1 10 7 12 1 1 1 10 7 12 1 1 1 10 12 1 1 8 1 10 12 1 1 10 7 12 1 1 1 10 12 1 10 12 1 1 10 7 12 1 1 1 10 12 1 10 12 1 7 1 10 7 12 1 1 1 10 12 1 1 10 12 1 100 1 8 1 10 12 1 3 8 1 7 1 5 0 1 1 1 1 1 1 1 1 1 1 1 1 1 1 1 1 7 1 1 1 1 1 1 1 1 1 1 7 1 1 1 1 1 1 1 1 1 1 3 1 1
ciInstanceKlass java/io/Serializable 1 0 7 100 1 100 1 1 1
ciInstanceKlass java/lang/System 1 1 834 10 7 12 1 1 1 9 7 12 1 1 1 10 12 1 10 12 1 1 10 12 1 1 10 12 1 9 12 1 1 10 7 12 1 1 1 11 100 12 1 1 1 10 100 12 1 1 1 10 12 1 1 10 12 1 1 100 1 8 1 10 12 1 10 7 12 1 1 1 10 7 12 1 1 1 18 12 1 1 10 7 12 1 1 1 7 1 10 12 1 1 10 7 12 1 1 1 10 12 1 10 7 12 1 1 1 9 100 12 1 1 1 10 7 12 1 1 1 11 7 12 1 1 1 10 12 1 1 10 7 12 1 1 1 7 1 10 10 12 1 1 8 1 10 12 1 8 1 10 12 1 9 12 1 1 8 1 10 7 12 1 1 1 10 12 1 1 100 1 8 1 10 9 12 1 1 8 1 10 12 1 1 10 100 12 1 1 1 8 1 10 12 1 7 1 10 12 1 8 1 10 12 1 10 12 1 1 100 1 10 12 10 12 1 9 12 1 1 9 12 1 1 10 7 12 1 1 1 10 7 12 1 1 1 10 12 1 1 10 12 1 10 12 1 10 7 12 1 1 1 10 12 1 100 1 100 1 8 1 10 12 1 10 12 1 1 7 1 10 12 1 100 1 8 1 10 10 12 1 100 1 8 1 10 8 1 10 7 12 1 1 8 1 10 12 100 1 8 1 10 10 12 1 1 10 7 12 1 1 1 100 1 18 12 1 100 1 9 100 12 1 1 1 10 12 1 100 1 10 12 1 1 10 12 1 1 10 7 12 1 1 1 10 12 1 1 10 12 1 10 12 1 10 12 1 1 10 12 1 7 1 10 12 1 9 7 12 1 1 1 10 7 12 1 1 1 10 12 1 10 12 1 10 7 12 1 1 1 7 1 8 1 10 9 12 1 9 12 1 10 12 1 10 7 12 1 1 10 12 1 10 12 1 1 8 1 10 12 1 1 8 1 11 12 1 10 12 11 12 1 1 11 7 12 1 1 1 11 7 12 1 1 11 12 1 1 7 1 11 12 1 10 12 1 8 1 10 12 1 1 8 1 8 1 8 1 8 1 11 12 1 10 12 1 10 12 1 10 12 1 8 1 10 12 1 1 8 1 9 12 1 8 1 10 7 12 1 1 8 1 7 1 9 7 12 1 1 1 10 12 1 7 1 9 12 10 9 12 7 1 10 12 9 12 1 1 8 1 10 12 1 1 8 1 10 7 12 1 1 10 12 1 10 12 1 1 11 7 12 1 1 10 12 10 7 12 1 1 1 9 12 1 1 7 1 8 1 10 12 1 1 10 7 12 1 1 1 7 1 10 12 1 1 10 12 1 8 1 8 1 10 8 1 8 1 8 1 8 1 10 10 7 12 1 1 10 12 1 10 12 1 1 10 12 1 1 10 12 1 10 100 12 1 1 1 10 7 1 8 1 10 10 10 12 1 1 10 12 1 1 8 1 10 12 1 8 1 8 1 10 12 1 10 7 12 1 1 1 10 12 1 1 7 1 10 10 12 1 10 12 1 9 12 1 1 3 1 3 1 1 1 1 1 1 1 1 1 1 1 1 100 1 1 100 1 1 1 1 1 1 1 1 1 1 1 100 1 7 1 1 1 1 1 1 1 1 1 1 1 1 1 1 1 1 1 1 1 1 1 1 1 1 1 1 1 1 1 1 1 1 1 1 1 1 1 1 1 1 1 1 1 1 1 1 1 1 1 1 1 1 1 1 1 1 1 1 100 1 1 1 1 1 1 1 1 1 1 1 1 1 1 1 1 1 1 1 1 1 1 1 1 1 1 1 1 1 1 1 1 1 100 1 1 16 15 10 12 1 1 16 15 10 12 16 1 15 10 100 12 1 1 1 1 1 1 1 1 1 100 1 100 1 1
staticfield java/lang/System in Ljava/io/InputStream; java/io/ByteArrayInputStream
staticfield java/lang/System out Ljava/io/PrintStream; java/io/PrintStream
staticfield java/lang/System err Ljava/io/PrintStream; java/io/PrintStream
instanceKlass com/sun/jna/Native$6
instanceKlass org/eclipse/osgi/internal/permadmin/EquinoxSecurityManager
instanceKlass org/eclipse/osgi/internal/loader/BundleLoader$ClassContext
instanceKlass org/eclipse/osgi/internal/framework/ContextFinder$Finder
instanceKlass org/eclipse/osgi/internal/url/MultiplexingFactory$InternalSecurityManager
ciInstanceKlass java/lang/SecurityManager 1 1 576 10 7 12 1 1 1 9 7 12 1 1 1 10 7 12 1 1 1 100 1 8 1 10 12 1 10 12 1 1 10 7 12 1 1 1 10 7 1 10 100 1 10 9 100 12 1 1 1 10 7 12 1 1 1 10 12 1 1 10 7 12 1 1 100 1 8 1 10 9 12 1 1 9 12 1 8 1 9 12 1 7 1 10 8 1 10 12 1 1 10 12 1 10 12 1 1 100 1 10 10 12 1 1 100 1 8 1 10 12 1 8 1 8 1 8 1 8 1 8 1 8 1 10 12 1 8 1 8 1 8 1 8 1 8 1 10 7 12 1 1 1 10 12 1 1 8 1 100 1 8 1 10 8 1 8 1 8 1 8 1 8 1 10 100 12 1 1 8 1 100 1 8 1 8 1 10 8 1 10 12 1 100 1 8 1 10 10 12 1 1 10 12 1 10 12 1 10 12 1 10 7 12 1 1 1 10 12 1 10 7 12 1 1 11 7 12 1 1 1 18 12 1 1 11 7 12 1 1 1 18 12 1 1 11 12 1 1 18 18 11 12 1 18 12 1 11 12 1 1 9 12 1 1 9 12 1 9 12 1 9 12 1 7 1 10 7 12 1 1 10 12 1 10 12 1 18 12 1 18 10 7 12 1 1 1 18 12 1 10 12 1 18 18 8 1 10 12 1 9 12 1 1 11 7 12 1 1 1 8 1 100 1 10 12 1 10 12 1 1 10 12 1 1 9 12 1 1 10 12 1 10 12 1 1 8 1 100 1 10 9 12 1 8 1 10 12 1 8 1 100 1 10 10 7 12 1 1 10 7 1 9 7 12 1 1 1 11 12 1 1 10 12 1 11 12 1 10 12 1 7 1 10 10 12 1 1 10 12 1 1 1 1 1 1 1 1 1 1 1 7 1 1 1 1 1 1 1 1 1 1 1 1 1 1 1 1 1 1 1 1 1 1 1 1 1 1 1 1 1 1 1 1 1 1 1 1 1 1 1 1 1 1 1 1 1 1 1 1 1 1 1 1 1 1 1 1 3 1 1 1 1 1 1 1 1 1 1 100 1 1 1 1 1 1 1 1 1 1 1 1 1 1 1 1 1 1 1 1 1 1 1 1 1 1 1 1 1 1 1 1 1 1 1 1 1 1 16 15 10 7 12 1 1 1 16 1 16 15 10 12 16 1 15 10 12 16 15 11 7 1 16 1 16 1 15 10 12 16 15 10 12 16 15 10 12 1 16 1 15 11 12 1 15 10 12 16 15 10 16 1 15 10 7 12 1 1 1 1 1 1 100 1 100 1 1
staticfield java/lang/SecurityManager packageAccessLock Ljava/lang/Object; java/lang/Object
staticfield java/lang/SecurityManager packageDefinitionLock Ljava/lang/Object; java/lang/Object
staticfield java/lang/SecurityManager nonExportedPkgs Ljava/util/Map; java/util/concurrent/ConcurrentHashMap
ciInstanceKlass java/security/AccessController 1 1 295 10 7 12 1 1 1 10 7 12 1 1 1 10 7 12 1 1 1 10 12 1 1 10 12 1 1 10 7 12 1 1 1 10 12 1 1 10 12 1 10 12 1 1 10 12 1 100 1 8 1 10 12 1 10 12 1 10 12 1 1 10 12 1 7 1 7 1 10 12 1 1 10 12 1 10 12 1 10 12 1 1 10 7 12 1 1 1 10 12 1 1 9 100 12 1 1 1 10 7 12 1 1 1 10 12 1 10 12 1 9 100 12 1 1 1 10 12 1 10 12 1 1 9 12 1 1 10 100 1 10 11 7 12 1 1 1 10 7 12 1 1 11 7 1 100 1 10 12 1 10 12 1 10 12 1 8 1 10 12 1 1 8 1 10 100 12 1 1 1 8 1 7 1 10 10 12 1 1 10 12 1 10 7 12 1 1 1 10 12 1 8 1 10 7 12 1 1 8 1 8 1 10 12 1 8 1 10 12 1 10 12 1 1 10 12 1 1 1 1 1 1 1 1 1 1 1 1 1 1 1 1 1 1 1 1 1 1 1 1 1 1 1 1 100 1 1 1 1 1 1 1 1 1 1 1 1 1 1 1 1 1 1 1 1 1 1 1 1 1 1 1 1 1 1 1 1 1 1 100 1 100 1 1 1 1 1 1 1 1 1 3 1 1 1
staticfield java/security/AccessController $assertionsDisabled Z 1
instanceKlass org/eclipse/osgi/internal/loader/ModuleClassLoader$GenerationProtectionDomain
ciInstanceKlass java/security/ProtectionDomain 1 1 348 10 7 12 1 1 1 9 7 12 1 1 1 7 1 10 9 12 1 1 9 12 1 1 9 12 1 1 10 7 12 1 1 7 1 9 12 1 9 12 1 1 7 1 9 12 1 1 9 12 1 10 100 12 1 1 10 100 12 1 1 1 10 12 1 1 10 12 1 9 12 1 9 100 12 1 1 10 12 1 1 10 100 1 10 12 1 1 8 1 7 1 8 1 10 12 1 10 11 10 7 12 1 1 1 10 12 1 1 8 1 11 8 1 10 12 1 8 1 8 1 10 12 1 1 10 12 1 10 12 1 1 10 12 1 8 1 10 12 1 8 1 8 1 10 7 12 1 1 1 9 100 12 1 1 1 10 12 1 1 9 100 12 1 1 1 10 7 12 1 1 1 100 1 18 12 1 1 10 7 12 1 1 1 10 7 1 10 12 1 10 12 1 1 11 100 12 1 1 11 12 1 100 1 11 7 12 1 1 1 10 12 1 10 11 12 1 1 11 12 1 1 10 12 1 10 7 12 1 1 10 100 12 1 1 11 12 1 10 12 10 12 1 8 1 8 1 10 7 12 1 1 1 7 1 10 10 7 12 1 1 1 1 1 1 1 1 1 1 7 1 1 7 1 1 1 1 1 1 1 1 1 1 1 1 1 1 1 1 1 1 1 1 1 1 1 1 1 1 1 1 1 1 1 1 1 1 1 1 1 1 1 1 1 1 1 1 7 1 1 1 1 1 1 100 1 1 16 15 10 12 16 15 10 100 12 1 1 1 1 1 1 1 100 1 100 1 1
staticfield java/security/ProtectionDomain filePermCompatInPD Z 0
ciInstanceKlass java/security/CodeSource 1 1 398 10 7 12 1 1 1 9 7 12 1 1 1 9 12 1 1 9 12 1 1 9 12 1 1 10 7 12 1 1 1 9 12 1 1 10 7 12 1 1 10 7 10 7 12 1 1 1 10 100 12 1 1 1 10 12 1 1 7 1 10 10 7 12 1 1 1 10 7 12 1 1 1 10 12 1 1 7 1 10 12 1 1 10 12 1 1 10 12 1 1 10 12 1 10 10 10 12 1 1 10 7 12 1 1 1 10 12 1 10 12 1 10 12 1 8 1 10 12 1 10 12 1 10 12 1 1 10 12 1 8 1 10 12 1 1 10 7 1 10 10 12 1 1 8 1 10 12 1 10 12 1 10 12 1 8 1 8 1 9 12 1 1 100 1 8 1 10 12 1 10 12 1 1 8 1 10 12 1 8 1 8 1 8 1 10 100 12 1 1 10 12 1 1 10 12 1 10 12 1 1 10 12 1 1 10 12 1 1 100 1 100 1 10 12 1 10 12 10 12 1 1 10 100 12 1 1 10 12 1 7 1 10 12 10 100 12 1 1 1 10 8 1 10 12 1 10 12 1 10 12 1 1 100 1 10 12 1 1 100 1 7 1 8 1 8 1 10 10 12 1 1 10 100 12 1 1 1 7 1 10 12 10 12 1 1 11 7 12 1 1 10 10 12 1 11 10 12 1 8 1 100 1 10 12 1 10 12 1 1 10 12 1 11 12 1 1 7 1 1 1 1 5 0 1 1 1 1 1 1 1 1 1 1 1 1 1 1 1 1 1 1 1 1 1 1 1 1 1 1 1 1 1 1 1 1 1 1 1 1 1 1 1 1 1 1 1 1 1 1 1 1 1 1 1 1 1 1 1 1 1 1 1 1 1 1 1 1 1 1 100 1 1 1 1 1 1 1
ciInstanceKlass java/lang/Boolean 1 1 152 10 7 12 1 1 1 9 7 12 1 1 1 10 12 1 1 10 12 1 8 1 10 7 12 1 1 9 12 1 1 9 12 1 10 12 1 1 10 12 1 1 10 12 1 1 10 7 12 1 1 1 100 1 100 1 10 12 1 1 9 100 12 1 1 9 12 10 100 12 1 1 1 10 12 1 1 8 1 10 7 12 1 1 1 9 12 1 1 7 1 7 1 7 1 1 1 1 1 1 5 0 1 1 1 1 1 1 1 1 1 1 3 1 1 1 1 1 1 1 1 1 1 1 1 1 1 1 1 1 1 7 1 1 1 1 1 1 1 1 1 1 100 1 1 1 1 1 1 1 1 1
staticfield java/lang/Boolean TRUE Ljava/lang/Boolean; java/lang/Boolean
staticfield java/lang/Boolean FALSE Ljava/lang/Boolean; java/lang/Boolean
staticfield java/lang/Boolean TYPE Ljava/lang/Class; java/lang/Class
ciInstanceKlass java/lang/Comparable 1 0 12 100 1 100 1 1 1 1 1 1 1 1
ciInstanceKlass java/lang/constant/Constable 1 0 11 100 1 100 1 1 1 1 1 1 1
ciInstanceKlass java/util/Map 1 1 263 11 7 12 1 1 1 11 12 1 1 10 7 12 1 1 11 12 1 1 11 7 12 1 1 1 11 7 12 1 1 1 11 12 1 1 7 1 11 12 1 11 12 1 100 1 100 1 10 12 1 1 11 7 12 1 1 1 11 100 12 1 1 1 11 12 1 11 12 1 10 12 1 1 11 12 1 11 7 12 1 9 7 12 1 1 1 7 1 10 12 7 1 7 1 10 12 1 7 1 10 7 1 11 12 1 11 12 1 1 11 12 1 1 7 1 11 12 1 1 1 1 1 1 1 1 1 1 1 1 1 1 1 1 1 1 1 1 1 1 1 1 1 1 1 1 1 1 1 1 1 1 1 1 1 1 1 1 1 1 1 1 1 1 1 1 1 1 1 1 1 1 1 1 1 1 1 1 1 1 1 1 1 1 1 1 1 1 1 1 1 1 1 1 1 1 1 1 1 1 1 1 1 1 1 1 1 1 1 1 1 1 1 1 1 1 1 1 1 1 1 1 1 1 1 1 1 1 1 1 1 1 1 1 1 1 1 1 1 1 1 1 1 1 100 1 1 1 1 1 1 1 1 1 1 1 1 1 1 1 1 1 1
ciInstanceKlass java/lang/Class 1 1 1698 10 7 12 1 1 1 9 7 12 1 1 1 9 12 1 1 10 12 1 1 8 1 10 12 1 8 1 8 1 10 12 1 1 10 7 12 1 1 1 10 12 1 7 1 10 10 12 1 10 12 1 1 10 12 1 1 10 12 1 1 10 7 12 1 1 10 12 1 10 12 1 10 12 1 8 1 10 12 1 8 1 10 12 1 8 1 8 1 10 12 1 1 10 7 12 1 1 1 18 12 1 1 11 7 12 1 1 1 8 1 8 1 8 1 10 7 12 1 1 1 11 12 1 1 8 1 10 12 1 10 11 100 12 1 1 1 11 7 12 1 1 1 11 8 1 18 8 1 10 12 1 10 7 12 1 1 10 12 1 1 10 7 12 1 1 1 10 12 1 1 10 12 1 1 10 7 12 1 1 1 10 12 9 100 12 1 1 1 10 7 12 1 1 1 10 12 1 10 7 12 1 1 1 10 12 1 1 18 12 1 1 10 7 12 1 1 1 10 7 12 1 10 12 1 1 10 7 1 7 1 10 12 1 1 9 12 1 1 7 1 8 1 10 12 1 10 12 1 1 10 12 1 1 10 7 12 1 1 1 7 1 10 12 1 7 1 7 1 10 10 12 1 1 10 12 1 1 100 1 10 7 12 1 1 1 10 12 1 1 10 12 1 1 9 12 1 1 10 12 1 10 12 1 1 9 12 1 1 9 12 1 1 10 12 1 1 10 7 1 10 12 1 10 12 1 10 12 1 1 10 9 12 1 10 12 1 8 1 10 12 1 1 10 12 1 1 10 12 1 10 12 1 1 10 12 1 1 10 12 1 1 9 7 12 1 1 1 10 7 12 1 1 10 12 10 12 1 10 12 1 10 12 1 10 12 1 9 100 12 1 1 1 9 12 1 10 12 1 10 100 12 1 1 1 10 12 1 1 10 100 12 1 1 10 12 1 10 12 1 1 10 100 12 1 1 1 10 12 1 10 12 1 1 10 12 1 10 12 1 10 12 1 1 10 7 1 10 10 10 12 1 1 10 12 1 1 10 12 10 10 12 1 1 7 1 8 1 10 10 12 1 1 10 12 1 100 1 11 12 1 10 100 12 1 1 10 12 1 10 12 1 10 100 12 1 1 10 10 12 1 1 8 1 10 12 1 10 12 1 1 8 1 10 12 1 9 12 1 10 12 1 10 12 1 10 12 1 10 12 7 1 9 12 1 10 12 1 9 12 1 10 12 1 10 12 1 10 12 1 10 10 12 1 10 12 1 10 7 12 1 1 10 12 1 10 12 1 10 12 1 1 10 12 1 10 12 1 10 12 1 100 1 10 12 1 10 12 1 1 10 12 1 1 10 12 1 1 10 12 1 1 10 12 1 1 10 12 1 1 7 1 10 10 12 1 1 10 12 1 1 10 12 1 1 10 10 12 1 10 12 1 1 10 12 1 1 10 12 1 1 10 12 1 1 7 1 10 10 12 11 7 12 1 1 10 12 1 10 12 1 10 7 12 1 1 1 10 12 1 1 10 10 12 1 1 7 1 10 10 12 1 1 10 7 12 1 1 1 100 1 7 1 10 12 1 1 10 12 1 10 10 12 1 1 10 12 1 10 12 1 10 12 1 10 100 12 1 1 1 11 7 12 1 1 10 12 1 10 12 1 9 12 1 10 12 1 1 10 12 1 9 12 1 1 100 1 10 9 12 1 1 10 12 7 1 10 12 1 9 12 1 10 100 12 1 1 1 10 12 1 10 12 1 10 100 12 1 1 1 10 12 1 10 12 10 12 1 1 100 1 10 8 1 10 12 1 11 11 12 1 1 11 7 12 1 1 11 12 1 8 1 10 12 1 10 12 1 1 9 12 1 9 12 1 1 10 7 12 1 1 9 12 1 10 12 1 1 10 10 12 1 10 7 12 1 1 1 10 7 12 1 1 10 7 12 1 1 9 12 1 1 10 12 1 9 12 1 10 12 1 10 12 1 1 9 12 1 1 9 12 1 10 12 1 10 12 1 1 9 12 1 100 1 10 10 12 1 1 7 1 10 12 1 1 100 11 7 1 9 12 1 1 9 12 1 7 1 10 12 1 9 12 1 1 9 12 1 10 12 1 10 12 1 1 9 12 1 7 1 10 10 12 1 1 10 10 12 1 10 12 10 10 12 1 9 12 1 10 12 1 1 10 7 12 1 1 1 10 12 1 1 10 12 1 8 10 7 8 1 18 8 1 8 1 10 12 1 9 12 1 9 12 1 1 10 12 1 7 1 7 1 10 12 1 9 12 1 1 7 1 10 10 12 1 10 7 1 9 12 1 8 1 10 12 1 7 1 10 12 1 10 12 1 1 100 1 7 1 9 12 1 100 1 8 1 10 10 7 12 1 1 1 10 12 11 7 12 1 1 1 10 12 1 10 12 1 1 10 8 1 8 1 10 12 1 1 9 7 12 1 1 11 12 7 1 11 7 12 1 1 9 12 1 10 100 12 1 1 1 10 7 12 1 1 10 12 1 1 9 12 1 9 10 12 1 1 10 12 1 1 10 12 1 1 10 12 1 1 10 12 1 1 11 12 1 7 1 11 12 1 10 7 12 1 1 1 10 12 1 11 12 1 10 7 12 1 1 1 10 12 1 10 7 12 1 1 1 11 12 1 11 12 1 1 10 12 1 10 12 1 1 9 12 1 1 9 7 12 1 1 10 12 1 10 7 12 1 1 1 10 12 1 1 10 12 1 10 12 1 10 12 1 10 7 12 1 1 1 10 12 1 8 1 10 12 1 10 12 1 10 12 1 100 1 10 12 10 100 12 1 1 1 11 100 12 1 1 1 10 12 1 1 10 12 1 18 12 1 1 11 12 1 1 18 11 12 1 18 12 1 11 12 1 10 12 1 1 10 12 1 10 12 1 10 12 1 10 12 1 10 12 10 12 1 8 1 10 12 1 7 1 9 12 1 1 7 1 7 1 7 1 7 1 1 1 3 1 3 1 3 1 1 1 1 1 1 1 5 0 1 1 1 1 1 1 1 1 1 1 1 1 1 1 1 1 1 1 1 1 1 1 1 1 100 1 1 1 1 1 1 1 100 1 1 1 1 1 7 1 1 1 1 1 1 1 1 1 1 1 1 1 1 1 1 1 1 1 1 1 1 1 1 1 1 1 1 1 1 1 1 1 1 1 1 1 1 1 1 1 1 100 1 1 1 1 1 1 1 1 1 1 1 1 1 1 1 1 1 1 1 1 1 1 1 1 1 1 1 1 1 1 1 100 1 1 1 1 1 1 1 1 1 1 1 1 1 1 1 1 1 1 1 1 3 1 1 1 1 1 1 1 1 1 1 1 1 1 1 1 1 1 1 1 1 1 1 1 1 1 1 1 1 1 1 1 1 1 1 1 7 1 7 1 1 1 1 1 1 1 1 1 1 1 1 1 1 1 1 1 1 1 1 1 1 1 1 1 1 1 1 1 1 1 1 1 1 1 1 1 1 1 1 1 1 1 1 1 1 1 1 1 1 1 1 1 1 1 1 1 1 1 1 1 1 1 1 1 1 1 1 1 1 1 1 1 1 1 1 1 1 1 1 1 1 1 1 1 1 1 1 1 1 1 1 1 1 1 1 1 1 1 1 1 1 1 1 1 1 1 1 1 1 1 1 1 1 1 1 1 1 1 1 1 1 1 1 1 1 1 1 1 1 1 1 16 15 10 12 16 15 11 12 16 1 16 15 16 15 10 12 16 16 15 10 12 16 15 16 1 15 10 12 16 15 10 7 12 1 1 1 1 1 1 1 1 1 1 1 1 7 1 1 100 1 100 1 1 100 1 100 1 1 100 1 100 1 1
staticfield java/lang/Class EMPTY_CLASS_ARRAY [Ljava/lang/Class; 0 [Ljava/lang/Class;
staticfield java/lang/Class serialPersistentFields [Ljava/io/ObjectStreamField; 0 [Ljava/io/ObjectStreamField;
ciInstanceKlass java/lang/reflect/AnnotatedElement 1 1 164 11 7 12 1 1 1 11 12 1 1 7 1 10 100 12 1 1 1 10 12 1 1 10 12 1 1 10 12 1 10 100 12 1 1 1 11 12 1 1 11 7 12 1 1 10 7 12 1 1 1 10 12 1 10 100 12 1 1 1 18 12 1 1 11 100 12 1 1 18 12 1 18 12 1 1 10 100 12 1 1 1 11 100 12 1 1 1 7 1 10 100 12 1 1 1 1 1 1 1 1 1 1 1 1 1 1 1 1 1 1 1 1 1 1 1 1 1 100 1 1 1 1 1 1 1 1 1 1 1 16 15 16 1 16 1 15 11 12 16 16 1 15 10 100 12 1 1 1 16 1 15 10 100 12 1 1 1 1 100 1 100 1 1
ciInstanceKlass java/lang/invoke/TypeDescriptor 1 0 17 100 1 100 1 1 1 1 1 1 100 1 100 1 1 1 1
ciInstanceKlass java/lang/reflect/GenericDeclaration 1 0 30 7 1 7 1 7 1 1 1 1 1 1 1 1 100 1 8 1 1 12 10 1 1 1 8 1 1 1 8 1
ciInstanceKlass java/lang/reflect/Type 1 1 17 11 100 12 1 1 1 100 1 1 1 1 1 1 1 1 1
ciInstanceKlass java/lang/invoke/TypeDescriptor$OfField 1 0 21 100 1 100 1 100 1 1 1 1 1 1 1 1 1 1 1 1 1 1 1
ciInstanceKlass java/lang/StringBuilder 1 1 422 10 7 12 1 1 1 10 12 1 10 12 1 10 12 1 1 10 7 12 1 1 1 10 7 12 1 1 1 10 12 1 10 12 1 10 12 1 10 12 1 10 12 1 10 12 1 10 12 1 10 12 1 10 12 1 10 12 1 10 12 1 10 12 1 10 12 1 10 12 1 1 10 12 1 10 12 1 1 10 12 1 1 10 12 1 10 12 1 10 12 1 10 12 1 10 12 1 10 12 1 10 12 1 10 12 10 12 1 10 12 1 10 12 1 10 12 1 1 10 12 1 10 12 1 10 12 10 12 1 1 10 12 1 10 12 1 10 12 1 10 100 12 1 1 1 9 12 1 1 10 12 1 10 12 1 1 10 12 1 1 9 12 1 1 10 100 12 1 1 1 10 100 1 10 12 1 1 10 100 12 1 1 10 12 1 10 12 1 1 100 1 100 1 8 1 10 10 12 1 1 10 12 1 10 12 1 10 12 1 1 10 12 1 10 12 1 10 12 1 10 12 1 10 12 1 10 12 10 12 1 10 12 1 10 12 1 10 12 1 10 12 1 10 12 1 10 12 1 10 12 1 10 12 1 1 10 12 1 1 10 12 1 10 12 1 10 12 1 10 12 10 12 10 12 1 10 12 1 10 12 1 10 12 10 12 1 10 12 1 10 12 1 10 12 1 10 12 1 10 12 1 10 12 1 10 12 1 10 12 1 1 10 12 1 10 12 1 1 10 12 1 10 12 1 1 10 12 1 10 12 1 1 10 12 1 10 12 1 10 12 1 10 10 12 1 10 12 1 7 1 7 1 7 1 7 1 1 1 1 5 0 1 1 1 1 1 1 1 1 1 1 1 1 1 1 1 1 1 1 1 1 1 1 1 1 1 1 1 1 1 1 1 1 1 1 1 1 1 1 1 1 1 1 1 1 100 1 1 1 7 1 1 1 1 1 1 1 1 1 1 1
instanceKlass java/lang/StringBuilder
instanceKlass java/lang/StringBuffer
ciInstanceKlass java/lang/AbstractStringBuilder 1 1 605 7 1 10 7 12 1 1 1 9 7 12 1 1 1 9 12 1 9 12 1 1 9 12 1 1 10 7 12 1 1 1 10 12 1 1 7 1 3 3 10 12 1 10 12 1 1 11 7 1 100 1 7 1 10 8 1 10 12 1 10 12 1 10 12 1 1 10 12 1 10 12 1 9 12 1 10 12 1 9 12 1 1 10 12 1 1 10 7 12 1 1 1 10 10 12 1 10 12 1 10 12 1 1 10 12 1 1 10 7 12 1 1 1 10 7 12 1 1 1 7 1 8 1 10 10 12 1 1 100 1 10 12 10 12 1 1 10 10 12 1 1 10 12 1 1 10 12 1 1 10 12 1 1 10 10 7 12 1 1 1 10 12 1 100 1 10 10 7 12 1 1 1 9 12 1 1 9 12 1 10 12 1 1 10 10 12 1 1 10 12 10 12 1 10 12 1 1 10 12 1 1 10 12 1 1 10 12 1 10 12 1 1 10 12 1 1 10 12 1 10 12 1 1 8 1 10 12 1 1 10 12 1 10 12 1 10 12 1 10 12 1 10 12 1 10 12 1 10 7 12 1 1 10 12 1 10 12 1 10 7 12 1 1 1 100 1 100 1 10 12 1 10 100 12 1 1 10 12 1 10 12 1 10 12 1 10 12 1 1 10 12 1 10 12 1 1 10 12 1 1 10 10 7 12 1 1 1 10 12 1 10 12 1 10 12 1 1 10 12 1 10 12 1 10 12 1 10 12 1 10 12 1 10 12 1 10 12 1 10 12 1 10 12 1 1 10 12 1 10 12 1 10 12 10 12 1 1 18 12 1 1 100 1 10 100 12 1 1 1 18 10 12 1 1 10 12 1 10 12 1 1 11 12 1 1 10 12 1 10 12 10 12 1 10 10 10 12 1 10 5 0 10 10 12 1 1 100 1 8 1 10 10 12 1 1 10 100 12 1 1 1 10 12 1 10 12 1 1 100 1 10 12 100 1 10 100 1 10 7 1 1 1 1 1 1 1 1 1 1 1 100 1 1 1 1 1 1 1 1 1 1 1 1 1 1 1 1 1 1 1 1 1 1 1 1 1 1 1 1 1 1 1 1 1 1 1 1 1 1 1 1 1 1 1 1 1 1 1 1 1 1 1 1 1 1 1 1 1 1 1 1 1 1 1 1 1 1 1 1 1 1 1 1 1 1 1 1 1 1 1 1 1 1 1 1 1 1 1 1 1 1 1 1 1 1 1 1 1 1 1 1 100 1 1 1 1 1 1 1 1 1 1 1 1 1 1 1 1 1 100 1 1 1 1 1 1 7 1 1 16 1 15 10 12 16 15 10 12 15 10 100 12 1 1 1 1 1 1 1 100 1 100 1 1
staticfield java/lang/AbstractStringBuilder EMPTYVALUE [B 0
ciInstanceKlass java/lang/Appendable 1 0 14 100 1 100 1 1 1 1 100 1 1 1 1 1
ciInstanceKlass java/lang/CharSequence 1 1 131 11 7 12 1 1 1 18 12 1 1 100 1 10 100 12 1 1 1 18 10 100 12 1 1 1 11 12 1 1 11 7 1 11 12 1 1 10 100 12 1 1 1 11 12 1 1 100 1 10 12 1 1 10 100 12 1 1 1 100 1 10 10 12 1 1 7 1 1 1 1 1 1 1 1 1 1 1 1 1 1 1 1 1 1 1 1 1 1 1 1 1 1 1 1 1 1 1 1 1 16 1 15 11 12 16 15 11 12 15 10 100 12 1 1 1 1 1 100 1 100 1 1 100 1 1 100 1 100 1 1
ciInstanceKlass java/lang/AutoCloseable 1 0 12 100 1 100 1 1 1 1 100 1 1 1
ciInstanceKlass java/io/Closeable 1 0 14 100 1 100 1 100 1 1 1 1 100 1 1 1
instanceKlass org/eclipse/jdt/internal/compiler/lookup/InferenceFailureException
instanceKlass lombok/eclipse/agent/PatchDelegate$CantMakeDelegates
instanceKlass sun/nio/fs/WindowsException
instanceKlass org/apache/commons/codec/EncoderException
instanceKlass org/apache/commons/codec/DecoderException
instanceKlass org/apache/maven/cli/MavenCli$ExitException
instanceKlass org/apache/maven/model/resolution/UnresolvableModelException
instanceKlass org/apache/maven/model/resolution/InvalidRepositoryException
instanceKlass org/apache/maven/toolchain/building/ToolchainsBuildingException
instanceKlass org/apache/maven/repository/metadata/MetadataGraphTransformationException
instanceKlass org/apache/maven/model/building/ModelBuildingException
instanceKlass org/apache/maven/repository/metadata/GraphConflictResolutionException
instanceKlass org/apache/maven/repository/metadata/MetadataResolutionException
instanceKlass org/apache/maven/repository/legacy/resolver/conflict/ConflictResolverNotFoundException
instanceKlass org/apache/maven/configuration/BeanConfigurationException
instanceKlass org/sonatype/plexus/components/sec/dispatcher/SecDispatcherException
instanceKlass org/sonatype/plexus/components/cipher/PlexusCipherException
instanceKlass org/apache/maven/artifact/repository/metadata/RepositoryMetadataReadException
instanceKlass org/apache/maven/artifact/repository/metadata/RepositoryMetadataStoreException
instanceKlass org/apache/maven/artifact/deployer/ArtifactDeploymentException
instanceKlass org/apache/maven/lifecycle/internal/builder/BuilderNotFoundException
instanceKlass org/apache/maven/lifecycle/NoGoalSpecifiedException
instanceKlass org/apache/maven/artifact/repository/metadata/RepositoryMetadataResolutionException
instanceKlass org/apache/maven/BuildFailureException
instanceKlass org/apache/maven/plugin/version/PluginVersionNotFoundException
instanceKlass org/apache/maven/plugin/InvalidPluginException
instanceKlass org/codehaus/plexus/configuration/PlexusConfigurationException
instanceKlass org/codehaus/plexus/component/composition/CycleDetectedInComponentGraphException
instanceKlass org/apache/maven/MavenExecutionException
instanceKlass org/codehaus/plexus/personality/plexus/lifecycle/phase/InitializationException
instanceKlass org/codehaus/plexus/interpolation/InterpolationException
instanceKlass org/apache/maven/project/interpolation/ModelInterpolationException
instanceKlass org/codehaus/plexus/component/repository/exception/ComponentLifecycleException
instanceKlass org/apache/http/HttpException
instanceKlass org/apache/maven/repository/legacy/metadata/ArtifactMetadataRetrievalException
instanceKlass org/apache/maven/artifact/versioning/InvalidVersionSpecificationException
instanceKlass org/apache/maven/repository/ArtifactDoesNotExistException
instanceKlass org/apache/maven/repository/ArtifactTransferFailedException
instanceKlass org/apache/maven/wagon/WagonException
instanceKlass org/apache/maven/lifecycle/MissingProjectException
instanceKlass org/apache/maven/artifact/installer/ArtifactInstallationException
instanceKlass org/apache/maven/lifecycle/LifecycleExecutionException
instanceKlass org/apache/maven/toolchain/MisconfiguredToolchainException
instanceKlass org/apache/maven/project/DependencyResolutionException
instanceKlass org/apache/maven/plugin/prefix/NoPluginFoundForPrefixException
instanceKlass org/apache/maven/lifecycle/LifecyclePhaseNotFoundException
instanceKlass org/apache/maven/lifecycle/LifecycleNotFoundException
instanceKlass org/apache/maven/plugin/AbstractMojoExecutionException
instanceKlass com/google/common/collect/RegularImmutableMap$BucketOverflowException
instanceKlass com/google/inject/internal/ErrorsException
instanceKlass com/google/inject/internal/InternalProvisionException
instanceKlass org/codehaus/plexus/context/ContextException
instanceKlass org/codehaus/plexus/util/xml/pull/XmlPullParserException
instanceKlass org/apache/commons/cli/ParseException
instanceKlass org/eclipse/equinox/security/storage/StorageException
instanceKlass javax/xml/transform/TransformerException
instanceKlass org/eclipse/jface/text/templates/TemplateException
instanceKlass lombok/eclipse/agent/PatchDelegate$CantMakeDelegates
instanceKlass org/eclipse/jface/text/BadLocationException
instanceKlass org/eclipse/jdt/internal/compiler/lookup/ReferenceBinding$InvalidBindingException
instanceKlass org/eclipse/jdt/core/compiler/InvalidInputException
instanceKlass org/eclipse/jdt/internal/compiler/classfmt/ClassFormatException
instanceKlass java/text/ParseException
instanceKlass org/codehaus/plexus/component/configurator/expression/ExpressionEvaluationException
instanceKlass org/codehaus/plexus/PlexusContainerException
instanceKlass org/apache/maven/cli/internal/ExtensionResolutionException
instanceKlass org/codehaus/plexus/classworlds/ClassWorldException
instanceKlass org/apache/maven/plugin/version/PluginVersionResolutionException
instanceKlass org/codehaus/plexus/component/configurator/ComponentConfigurationException
instanceKlass org/apache/maven/plugin/InvalidPluginDescriptorException
instanceKlass org/apache/maven/plugin/MojoNotFoundException
instanceKlass org/apache/maven/plugin/PluginDescriptorParsingException
instanceKlass org/apache/maven/artifact/resolver/AbstractArtifactResolutionException
instanceKlass org/apache/maven/plugin/PluginResolutionException
instanceKlass org/apache/maven/plugin/PluginConfigurationException
instanceKlass org/apache/maven/plugin/PluginManagerException
instanceKlass org/apache/maven/settings/building/SettingsBuildingException
instanceKlass org/apache/maven/artifact/InvalidRepositoryException
instanceKlass org/eclipse/aether/RepositoryException
instanceKlass org/apache/maven/execution/MavenExecutionRequestPopulationException
instanceKlass org/apache/maven/project/ProjectBuildingException
instanceKlass org/codehaus/plexus/component/repository/exception/ComponentLookupException
instanceKlass org/apache/maven/project/DuplicateProjectException
instanceKlass org/codehaus/plexus/util/dag/CycleDetectedException
instanceKlass ch/qos/logback/core/util/DynamicClassLoadingException
instanceKlass ch/qos/logback/core/util/IncompatibleClassException
instanceKlass ch/qos/logback/core/joran/spi/JoranException
instanceKlass java/net/URISyntaxException
instanceKlass java/util/concurrent/TimeoutException
instanceKlass org/osgi/service/application/ApplicationException
instanceKlass org/eclipse/core/runtime/CoreException
instanceKlass org/osgi/service/prefs/BackingStoreException
instanceKlass org/apache/felix/scr/impl/inject/methods/SuitableMethodNotAccessibleException
instanceKlass org/xml/sax/SAXException
instanceKlass java/util/concurrent/ExecutionException
instanceKlass java/lang/CloneNotSupportedException
instanceKlass javax/xml/parsers/ParserConfigurationException
instanceKlass org/osgi/service/resolver/ResolutionException
instanceKlass java/security/GeneralSecurityException
instanceKlass org/eclipse/osgi/container/ModuleContainer$ResolutionLockException
instanceKlass java/security/PrivilegedActionException
instanceKlass java/lang/InterruptedException
instanceKlass org/osgi/framework/InvalidSyntaxException
instanceKlass org/osgi/framework/BundleException
instanceKlass java/lang/instrument/UnmodifiableClassException
instanceKlass java/io/IOException
instanceKlass java/lang/ReflectiveOperationException
instanceKlass java/lang/RuntimeException
ciInstanceKlass java/lang/Exception 1 1 40 10 7 12 1 1 1 10 12 1 10 12 1 10 12 1 10 12 1 100 1 1 1 1 5 0 1 1 1 1 1 1 1 1 1 1 1 1 1 1
instanceKlass lombok/eclipse/agent/PatchDelegate$DelegateRecursion
instanceKlass org/apache/maven/artifact/repository/metadata/RepositoryMetadataDeploymentException
instanceKlass org/apache/maven/artifact/repository/metadata/RepositoryMetadataInstallationException
instanceKlass lombok/eclipse/agent/PatchDelegate$DelegateRecursion
instanceKlass java/lang/Exception
instanceKlass java/lang/Error
ciInstanceKlass java/lang/Throwable 1 1 404 10 7 12 1 1 1 9 7 12 1 1 1 9 12 1 1 9 12 1 9 12 1 1 9 12 1 10 12 1 1 9 12 1 1 10 12 1 1 10 12 1 100 1 7 1 10 8 1 10 12 1 1 8 1 10 100 12 1 1 10 10 12 1 100 1 8 1 10 10 12 1 1 10 7 12 1 1 10 12 1 8 1 9 7 12 1 1 1 10 12 1 1 100 1 10 12 10 12 1 10 100 12 1 1 1 100 1 10 12 10 12 1 10 12 1 100 1 10 10 7 12 1 1 1 11 100 12 1 1 1 10 12 1 1 10 12 1 1 8 1 10 12 1 10 12 1 1 8 1 8 1 10 12 1 1 10 12 1 8 1 8 1 9 12 1 1 10 12 1 1 100 1 10 11 12 1 8 1 8 1 10 7 12 1 1 8 1 10 12 1 8 1 100 1 10 12 1 9 12 1 1 10 12 1 10 7 12 1 9 12 1 1 10 12 1 1 100 1 8 1 10 12 1 10 100 12 1 1 10 12 1 1 7 1 10 100 12 1 1 1 10 12 1 11 7 12 1 1 1 11 7 12 1 1 11 12 1 8 1 10 12 1 1 8 1 10 10 9 100 12 1 1 1 8 1 10 12 1 1 11 10 100 1 8 1 10 11 12 1 1 8 1 9 12 1 10 100 12 1 1 11 9 12 1 1 11 12 1 1 100 10 12 1 10 12 1 1 7 1 1 1 1 5 0 1 1 1 1 1 1 1 1 1 1 1 1 1 7 1 1 1 1 1 1 1 1 1 1 1 1 1 1 1 1 1 1 1 1 1 1 1 1 1 1 1 1 1 1 1 1 1 1 1 1 1 1 1 1 1 1 1 1 100 1 7 1 1 1 1 1 1 1 1 1 1 1 1 1 1 1 1 1 1
staticfield java/lang/Throwable UNASSIGNED_STACK [Ljava/lang/StackTraceElement; 0 [Ljava/lang/StackTraceElement;
staticfield java/lang/Throwable SUPPRESSED_SENTINEL Ljava/util/List; java/util/Collections$EmptyList
staticfield java/lang/Throwable EMPTY_THROWABLE_ARRAY [Ljava/lang/Throwable; 0 [Ljava/lang/Throwable;
staticfield java/lang/Throwable $assertionsDisabled Z 1
instanceKlass org/eclipse/jdt/internal/compiler/util/Messages$MessagesProperties
instanceKlass org/eclipse/core/internal/resources/SaveManager$MasterTable
instanceKlass org/eclipse/core/internal/preferences/SortedProperties
instanceKlass org/eclipse/osgi/util/NLS$MessagesProperties
instanceKlass java/security/Provider
ciInstanceKlass java/util/Properties 1 1 690 10 7 12 1 1 1 100 1 10 7 12 1 1 7 1 10 12 1 9 12 1 1 9 12 1 1 9 12 1 1 10 7 12 1 1 1 10 12 1 1 8 1 10 7 12 1 1 1 7 1 10 12 1 10 12 1 1 8 1 10 12 1 7 1 10 12 10 12 1 1 9 12 1 1 10 12 1 1 7 1 10 12 1 10 12 1 10 12 1 1 100 1 8 1 10 12 1 10 12 1 10 12 1 1 10 12 1 7 1 3 10 10 100 12 1 1 1 10 12 1 10 12 1 1 8 1 10 12 1 10 12 1 1 8 1 10 100 12 1 1 10 12 1 1 10 12 1 10 12 1 1 100 1 10 12 1 10 12 1 1 100 1 9 100 12 1 1 1 10 12 1 10 12 1 1 10 12 1 1 10 12 1 1 100 1 9 12 1 1 7 1 7 1 10 12 1 7 1 11 7 12 1 1 1 11 12 1 1 11 7 12 1 1 1 11 7 12 1 1 1 11 12 1 1 11 12 1 11 12 1 10 12 1 1 8 1 10 12 1 10 100 12 1 1 10 12 1 100 1 10 10 12 1 10 12 1 100 1 10 10 12 1 1 10 7 12 1 1 9 100 12 1 1 10 12 1 1 10 100 12 1 1 1 100 1 100 1 100 1 10 8 1 8 1 10 12 1 10 12 1 10 12 1 1 10 10 12 1 1 10 12 1 1 7 1 10 10 12 1 11 7 12 1 1 10 7 12 1 1 1 8 1 10 100 12 1 1 11 11 7 1 8 1 10 100 1 11 10 12 1 10 10 12 1 10 12 1 1 10 12 1 1 10 12 1 1 10 12 1 10 12 1 10 10 12 1 10 12 1 10 12 1 10 10 12 1 1 10 12 1 1 10 10 12 1 10 12 1 10 12 1 10 12 1 10 12 1 1 10 12 1 1 10 12 1 10 12 1 10 12 1 1 10 12 10 12 1 1 10 12 1 1 10 12 1 10 12 1 1 10 12 1 1 10 12 10 11 12 1 4 11 10 12 1 1 10 100 12 1 1 11 12 1 10 12 1 1 10 100 12 1 1 10 12 1 100 1 8 1 10 12 1 10 10 100 12 1 1 1 100 1 6 0 10 12 1 1 11 100 12 1 1 1 10 12 1 10 12 1 1 1 1 1 5 0 1 1 1 1 1 1 1 1 1 1 1 1 1 1 1 1 1 1 1 1 1 1 1 1 1 1 1 1 1 1 1 1 1 1 1 1 1 1 1 100 1 1 1 1 1 1 1 1 1 1 1 1 1 1 1 1 1 1 1 1 100 1 1 1 1 1 1 1 1 1 1 1 1 7 1 7 1 1 1 1 1 100 1 1 1 1 1 1 1 1 1 1 1 1 1 1 1 1 1 1 1 1 1 1 1 1 1 1 1 1 1 1 1 1 1 1 1 1 1 1 1 1 1 1 1 1 1 1 1 1 1 1 1 1 1 1 1 1 1 1 1 1 1 1 1 1 1 1 1 1 1 1 1 1 1 1 1 1 1 7 1 1 1 1 1 1 1 1 1 1 1 100 1 1
staticfield java/util/Properties UNSAFE Ljdk/internal/misc/Unsafe; jdk/internal/misc/Unsafe
instanceKlass org/apache/felix/scr/impl/helper/ReadOnlyDictionary
instanceKlass org/osgi/framework/FrameworkUtil$MapAsDictionary
instanceKlass org/eclipse/osgi/framework/util/CaseInsensitiveDictionaryMap$UnmodifiableDictionary
instanceKlass org/eclipse/osgi/framework/util/CaseInsensitiveDictionaryMap
instanceKlass org/eclipse/osgi/internal/framework/EquinoxBundle$SystemBundle$SystemBundleHeaders
instanceKlass org/eclipse/osgi/storage/BundleInfo$CachedManifest
instanceKlass java/util/Hashtable
ciInstanceKlass java/util/Dictionary 1 1 36 10 7 12 1 1 1 100 1 1 1 1 1 1 1 1 1 1 1 1 1 1 1 1 1 1 1 1 1 1 1 1 1 1 1 1
instanceKlass java/util/Properties
ciInstanceKlass java/util/Hashtable 1 1 516 7 1 10 7 12 1 1 1 9 7 12 1 1 1 100 1 7 1 10 8 1 10 12 1 1 10 12 1 10 12 1 1 10 12 1 10 7 12 1 1 1 8 1 10 12 1 9 12 1 1 7 1 9 12 1 1 4 10 7 12 1 1 1 9 12 1 4 10 12 1 11 7 12 1 1 1 10 12 1 1 10 12 1 1 9 12 1 10 12 1 1 100 1 10 9 12 1 1 10 7 12 1 1 1 9 12 1 1 10 12 1 10 12 1 3 9 12 1 9 12 1 3 10 12 1 10 12 1 10 12 1 1 11 12 1 1 11 7 12 1 1 1 11 7 12 1 1 1 11 12 1 7 1 11 12 1 11 12 1 10 12 1 1 10 12 1 1 10 12 1 9 12 1 1 9 12 9 12 1 1 10 100 1 7 1 10 12 1 10 8 1 10 10 12 1 8 1 10 8 1 10 7 12 1 1 1 7 1 10 12 1 10 12 1 100 1 10 12 1 10 12 1 1 7 1 10 7 1 10 10 12 1 1 11 12 1 1 11 12 1 7 1 10 10 10 100 12 1 1 11 100 12 1 1 1 100 1 10 11 100 12 1 1 11 100 12 1 10 12 1 10 12 1 1 10 100 12 1 1 10 12 1 1 10 12 1 1 10 12 1 1 10 100 12 1 1 1 8 10 100 12 1 1 100 1 8 1 10 4 4 10 12 1 1 10 12 1 8 1 4 10 12 10 100 12 1 1 1 100 1 11 100 12 1 1 1 10 100 12 1 1 1 10 12 1 10 12 1 1 10 7 1 7 1 1 1 1 1 1 5 0 1 1 1 1 1 3 1 3 1 3 1 1 1 1 1 1 1 1 1 1 1 1 1 1 1 1 1 1 1 1 1 1 1 1 1 100 1 1 1 1 1 1 1 1 1 1 1 1 1 1 1 1 1 1 1 1 1 1 1 1 1 1 1 1 1 7 1 1 1 1 1 1 1 1 1 1 1 1 1 1 7 1 1 1 1 1 1 1 1 1 1 1 1 1 1 1 1 1 1 1 1 1 1 1 1 1 1 1 1 1 1 1 1 1 1 1 1 1 1 1 1 1 1 1 1 100 1 1 1 7 1 1 1 1 1 7 1 1 1 1 1 1 1 1 1 1 1 1 1 1 1 1 1 1
ciInstanceKlass java/lang/String 1 1 1443 10 7 12 1 1 1 8 1 9 7 12 1 1 1 9 12 1 1 9 12 1 1 9 12 1 1 10 12 1 10 12 1 1 10 12 1 1 9 12 1 10 7 12 1 1 1 10 7 1 10 7 12 1 1 1 10 12 1 1 10 12 1 1 10 12 1 10 12 1 1 10 12 1 10 7 12 1 1 1 7 1 9 7 12 1 1 1 10 7 12 1 1 1 10 7 12 1 1 1 10 12 1 1 10 12 1 1 10 12 1 1 10 12 1 1 9 7 12 1 1 10 12 9 7 12 1 1 10 12 1 1 3 10 12 1 1 7 1 11 12 1 1 11 12 1 11 12 1 1 10 100 12 1 1 1 10 12 1 1 9 100 12 1 1 1 10 12 1 1 10 12 1 11 12 1 1 10 12 1 1 10 12 10 12 1 1 10 7 12 1 1 1 10 12 1 1 10 12 1 1 100 1 7 1 10 12 1 10 12 1 10 12 1 1 100 1 10 12 1 1 100 1 10 12 1 1 10 12 1 1 10 12 1 10 10 12 1 100 1 100 1 100 1 10 12 1 10 12 1 1 10 12 1 1 10 12 1 10 12 1 1 10 12 1 1 10 100 12 1 1 100 1 11 10 7 12 1 1 11 12 1 11 12 1 10 12 1 1 10 12 1 10 12 10 12 1 1 10 10 100 12 1 1 1 10 100 12 1 1 10 12 1 1 10 100 12 1 1 10 12 1 10 12 1 1 10 12 1 1 10 12 1 10 12 1 10 12 1 1 100 1 10 12 1 1 10 12 10 12 1 10 12 1 1 10 12 1 1 10 7 12 1 1 1 10 12 1 10 12 1 1 10 12 1 10 12 1 3 3 10 12 1 1 10 12 1 10 12 1 1 10 12 1 1 10 12 1 1 10 12 1 10 12 1 1 10 12 1 1 10 12 1 10 12 1 10 12 1 10 12 1 1 10 12 1 10 12 1 10 12 1 10 12 1 10 12 1 10 12 1 10 7 1 10 8 1 10 12 1 1 10 12 1 8 1 10 12 1 1 10 12 10 12 1 8 1 10 10 12 1 1 10 12 1 1 10 12 1 1 10 7 1 10 10 12 1 10 12 1 10 12 1 10 10 12 1 10 12 1 10 12 1 10 12 1 10 12 1 10 12 1 10 12 1 1 10 12 1 1 10 12 1 1 10 10 12 1 1 10 10 12 1 100 1 10 10 12 1 1 10 12 1 1 10 7 1 10 12 1 10 12 1 10 7 12 1 1 1 10 12 1 10 12 1 1 10 12 1 11 7 1 11 12 10 12 1 10 12 1 1 10 12 1 1 10 10 12 1 10 12 1 9 12 1 1 11 7 12 1 1 1 10 12 10 10 12 1 10 12 1 1 10 10 12 1 10 12 1 10 12 1 1 10 12 1 1 10 10 12 1 1 10 12 1 10 10 12 1 10 12 10 10 12 10 10 12 1 10 12 1 10 10 12 10 7 12 1 1 1 10 12 10 10 12 10 12 1 10 12 10 12 10 10 12 1 10 12 1 1 10 12 1 1 10 10 12 1 10 7 12 1 1 1 10 12 1 1 10 10 7 12 1 1 1 11 10 12 1 10 12 1 1 10 12 1 1 10 7 12 1 1 1 10 12 1 10 12 1 10 12 1 10 12 1 10 12 1 10 12 1 100 1 7 1 8 1 10 10 10 12 1 10 12 1 1 8 1 10 12 1 3 3 10 12 1 10 12 1 1 10 12 7 1 10 10 12 1 1 10 12 1 10 12 1 10 12 1 1 10 12 1 1 11 7 12 1 1 1 7 1 10 12 1 10 12 1 1 8 1 10 12 1 1 10 12 1 11 7 12 1 1 1 11 7 12 1 1 11 12 1 10 12 1 10 12 1 1 10 10 7 12 1 1 1 10 12 1 10 12 1 10 10 12 10 12 1 1 10 10 12 1 10 10 12 1 10 10 12 1 10 10 12 1 10 12 1 1 10 10 12 1 8 1 10 12 1 1 18 12 1 1 11 100 12 1 1 1 7 1 3 18 12 1 18 12 1 8 1 10 100 12 1 1 1 11 12 1 1 10 12 10 10 12 1 10 11 12 1 1 10 12 1 1 11 12 1 18 3 11 10 12 1 11 11 10 12 1 10 12 1 1 8 1 10 12 1 10 12 1 10 12 1 1 10 10 12 1 11 100 12 1 100 1 100 1 10 12 100 1 10 10 100 12 1 1 1 100 1 10 7 1 10 10 12 1 10 10 12 1 8 1 10 10 12 1 8 1 8 1 10 12 1 10 12 1 10 10 12 10 7 12 1 1 10 7 12 1 1 10 7 12 1 1 8 1 10 12 1 10 12 1 10 9 12 1 10 12 9 7 12 1 1 1 10 12 1 10 12 1 10 12 1 10 12 1 10 12 1 8 1 10 100 12 1 1 1 10 12 10 12 1 1 10 12 10 10 12 10 12 7 1 9 12 1 1 7 1 10 7 1 7 1 7 1 7 1 1 1 1 1 1 5 0 1 1 1 1 1 3 1 3 1 1 1 1 1 1 1 1 1 1 1 1 1 1 1 100 1 1 1 1 1 1 1 1 1 1 1 1 1 1 1 1 1 1 1 1 1 1 1 1 1 1 1 1 1 1 1 100 1 1 1 1 1 1 1 1 1 1 7 1 1 1 1 1 1 1 1 1 1 1 1 1 1 1 1 1 1 1 1 1 1 1 1 1 1 1 1 1 1 1 1 1 1 1 1 1 1 1 1 1 1 1 1 1 1 1 1 1 1 1 1 1 1 1 1 1 1 1 1 1 1 1 1 1 1 1 1 1 1 1 1 1 1 1 1 1 1 1 1 1 1 1 1 1 1 1 1 1 1 1 1 1 1 1 1 1 1 1 1 1 1 1 1 1 1 1 1 1 1 1 1 1 1 1 1 1 1 1 1 1 1 1 1 1 1 1 1 1 1 1 1 1 1 1 1 1 1 1 1 1 1 1 1 1 1 1 1 1 1 1 1 1 1 1 1 1 1 1 1 1 1 1 1 1 1 1 1 1 1 1 1 1 1 1 100 1 1 1 1 1 1 1 1 1 1 1 1 1 1 1 1 1 1 1 1 1 1 1 100 1 1 1 1 1 1 1 1 1 1 1 1 1 1 1 7 1 1 1 1 1 1 1 1 1 1 1 1 1 1 1 16 15 10 12 16 15 10 12 15 10 12 15 10 12 15 10 100 12 1 1 1 1 1 1 1 100 1 100 1 1 1
staticfield java/lang/String COMPACT_STRINGS Z 1
staticfield java/lang/String serialPersistentFields [Ljava/io/ObjectStreamField; 0 [Ljava/io/ObjectStreamField;
staticfield java/lang/String CASE_INSENSITIVE_ORDER Ljava/util/Comparator; java/lang/String$CaseInsensitiveComparator
ciInstanceKlass java/lang/constant/ConstantDesc 1 0 37 100 1 100 1 1 1 1 100 1 1 1 1 100 1 100 1 100 1 100 1 100 1 100 1 100 1 100 1 100 1 1 100 1 100 1 1
instanceKlass java/util/zip/ZipError
ciInstanceKlass java/lang/InternalError 1 1 34 10 7 12 1 1 1 10 12 1 10 12 1 10 12 1 100 1 1 1 1 5 0 1 1 1 1 1 1 1 1 1 1 1
instanceKlass java/io/IOError
instanceKlass org/apache/maven/BuildAbort
instanceKlass javax/xml/parsers/FactoryConfigurationError
instanceKlass com/google/common/util/concurrent/ExecutionError
instanceKlass java/util/ServiceConfigurationError
instanceKlass java/lang/ThreadDeath
instanceKlass java/lang/AssertionError
instanceKlass java/lang/VirtualMachineError
instanceKlass java/lang/LinkageError
ciInstanceKlass java/lang/Error 1 1 40 10 7 12 1 1 1 10 12 1 10 12 1 10 12 1 10 12 1 100 1 1 1 1 5 0 1 1 1 1 1 1 1 1 1 1 1 1 1 1
instanceKlass java/lang/StackOverflowError
instanceKlass java/lang/OutOfMemoryError
instanceKlass java/lang/InternalError
ciInstanceKlass java/lang/VirtualMachineError 1 1 34 10 7 12 1 1 1 10 12 1 10 12 1 10 12 1 100 1 1 1 1 5 0 1 1 1 1 1 1 1 1 1 1 1
ciInstanceKlass java/util/Iterator 1 1 53 100 1 8 1 10 12 1 1 10 7 12 1 1 1 11 7 12 1 1 1 11 12 1 1 11 7 12 1 1 1 7 1 1 1 1 1 1 1 1 1 1 1 1 1 1 1 1 1 1 1 1 1
instanceKlass org/eclipse/core/internal/content/LazyInputStream
instanceKlass org/eclipse/jdt/ls/core/internal/ConnectionStreamFactory$NamedPipeInputStream
instanceKlass sun/nio/ch/ChannelInputStream
instanceKlass java/io/ObjectInputStream$PeekInputStream
instanceKlass java/io/ObjectInputStream$BlockDataInputStream
instanceKlass org/eclipse/core/internal/resources/ContentDescriptionManager$LazyFileInputStream
instanceKlass java/io/ObjectInputStream
instanceKlass org/eclipse/core/internal/localstore/SafeChunkyInputStream
instanceKlass org/eclipse/core/internal/registry/BufferedRandomInputStream
instanceKlass com/sun/org/apache/xerces/internal/impl/XMLEntityManager$RewindableInputStream
instanceKlass org/eclipse/osgi/storage/url/reference/ReferenceInputStream
instanceKlass java/util/jar/JarVerifier$VerifierStream
instanceKlass java/util/zip/ZipFile$ZipFileInputStream
instanceKlass java/io/FilterInputStream
instanceKlass java/io/FileInputStream
instanceKlass java/io/ByteArrayInputStream
ciInstanceKlass java/io/InputStream 1 1 195 7 1 10 7 12 1 1 1 100 1 10 10 7 12 1 1 1 10 7 12 1 1 1 10 12 1 100 1 3 10 12 1 1 100 1 8 1 10 12 1 10 7 12 1 1 1 3 7 1 8 1 10 10 7 12 1 1 1 7 1 10 11 7 12 1 1 1 10 12 1 1 11 12 1 1 11 7 12 1 1 1 11 12 1 1 7 1 10 7 12 1 1 1 5 0 10 12 1 10 12 1 1 100 1 10 8 1 10 8 1 8 1 10 12 1 1 10 100 12 1 1 1 7 1 5 0 10 12 1 100 1 7 1 1 1 1 3 1 3 1 1 1 1 1 1 1 1 1 1 1 1 1 1 1 1 1 1 1 1 1 1 1 1 1 1 1 1 1 1 1 1 1 1 1 1 1 1 1 1 1 1 1 1 1 1 1 1 1 1 1 1 1 1 1
ciInstanceKlass jdk/internal/misc/Unsafe 1 1 1287 10 7 12 1 1 1 9 7 12 1 1 1 9 12 1 1 10 12 1 1 10 7 12 1 1 1 10 12 1 1 10 12 1 1 10 12 1 1 10 12 1 1 10 12 1 1 10 12 1 1 10 12 1 1 10 12 1 1 10 12 1 1 10 12 1 1 10 12 1 1 10 12 1 1 10 12 1 1 10 12 1 10 12 1 100 1 10 10 12 1 1 10 12 1 1 5 0 10 12 1 1 10 12 1 1 10 7 12 1 1 1 10 12 1 1 10 12 1 10 12 1 10 12 1 1 10 12 1 1 10 12 1 10 12 1 7 1 7 1 10 8 1 10 12 1 1 10 12 1 8 1 10 12 1 1 10 12 1 10 12 1 10 12 1 1 10 12 1 10 12 1 1 10 12 1 1 10 12 1 10 12 1 10 12 1 10 12 1 1 10 12 1 10 12 1 10 12 1 1 10 12 1 5 0 5 0 5 0 10 12 1 10 12 1 10 12 1 10 12 1 10 12 1 10 12 1 10 12 1 10 12 1 10 12 1 1 10 12 1 10 12 1 7 1 8 1 10 100 1 10 10 12 1 1 10 12 1 1 10 12 1 10 12 1 1 10 12 1 1 10 12 1 10 12 1 1 10 12 1 9 7 12 1 1 9 12 1 100 1 10 10 12 1 1 8 1 10 8 1 8 1 10 12 1 1 9 7 12 1 1 1 9 7 1 9 7 1 9 7 1 9 9 7 1 9 7 1 9 7 1 10 12 1 1 10 12 1 1 10 12 1 1 10 12 1 1 5 0 5 0 9 12 1 1 10 12 1 10 12 1 10 12 1 1 10 12 1 1 10 12 1 8 1 3 10 12 1 1 10 12 1 1 10 12 1 10 12 1 1 10 12 1 1 10 12 1 10 12 1 10 12 1 10 12 1 10 12 1 10 12 1 1 10 12 1 1 10 12 1 10 12 1 10 12 1 10 12 1 10 12 1 10 12 1 1 10 12 1 1 10 12 1 10 12 1 10 12 1 10 12 1 10 12 1 10 12 1 1 10 12 1 1 10 12 1 1 10 12 1 1 10 12 1 10 12 1 10 12 1 10 12 1 10 12 1 10 12 1 10 12 1 1 10 12 1 1 10 12 1 10 12 1 10 12 1 10 12 1 10 12 1 10 12 1 10 12 1 1 10 12 1 1 10 12 1 10 12 1 10 12 1 10 12 1 10 12 1 10 12 1 10 12 1 10 12 1 1 10 12 1 10 12 1 10 12 1 10 12 1 10 12 1 1 10 12 1 10 12 1 10 12 1 10 12 1 10 12 1 10 12 1 10 12 1 10 12 1 1 10 12 1 10 12 1 10 12 1 10 12 1 10 12 1 10 12 1 1 10 12 1 10 12 1 10 12 1 1 10 12 1 10 12 1 10 12 1 10 12 1 10 12 1 10 12 1 10 12 1 10 12 1 10 12 1 10 12 1 10 12 1 10 12 1 10 12 1 10 12 1 10 12 1 10 12 1 10 12 1 10 12 1 10 12 1 10 12 1 10 12 1 10 12 1 10 12 1 100 1 10 100 1 10 9 12 1 5 0 10 12 1 1 5 0 10 12 1 5 0 10 12 1 10 12 1 10 12 1 1 10 12 1 1 10 12 1 10 12 1 10 12 1 10 12 1 1 10 12 1 10 12 1 10 12 1 10 12 1 10 12 1 1 10 12 1 10 12 1 10 12 1 10 12 1 1 10 12 1 10 12 1 10 12 1 1 10 12 1 10 12 1 10 12 1 10 12 1 1 10 12 1 10 10 12 1 1 10 12 1 10 12 1 1 10 12 1 10 12 5 0 5 0 5 0 10 12 1 1 10 12 1 10 12 1 10 12 10 100 12 1 1 8 1 100 1 11 12 1 1 8 1 11 12 1 1 10 100 12 1 1 10 12 1 10 12 1 10 12 1 10 12 1 10 12 1 1 10 12 1 10 12 1 10 12 1 10 12 1 10 12 1 10 12 1 10 7 1 10 12 1 9 12 1 7 1 9 12 1 7 1 9 12 1 7 1 9 12 1 7 1 9 12 1 7 1 9 12 1 7 1 9 12 1 7 1 9 12 1 7 1 9 12 1 10 12 1 9 12 1 9 12 1 9 12 1 9 12 1 9 12 1 9 12 1 9 12 1 9 12 1 9 12 1 9 12 1 1 1 3 1 1 1 1 1 1 1 1 1 1 1 1 1 1 1 1 1 1 1 1 1 1 1 1 1 1 1 1 1 1 1 1 1 1 1 1 1 1 1 1 1 1 1 1 1 1 1 1 1 1 1 1 1 1 1 1 1 1 1 1 1 1 1 1 1 1 1 1 1 1 1 1 1 1 1 1 1 1 1 1 1 1 1 1 1 1 1 1 1 100 1 1 1 1 1 1 1 1 1 1 1 1 1 1 1 1 1 1 1 1 1 1 1 1 1 1 1 1 1 1 1 1 1 1 1 1 1 1 1 1 1 1 1 1 1 1 1 1 1 1 1 1 1 1 1 1 1 1 1 1 1 1 1 1 1 1 1 1 1 1 1 1 1 1 1 1 1 1 1 1 1 1 1 1 1 1 1 1 1 1 1 1 1 1 1 1 1 1 1 1 1 1 1 1 1 1 1 1 1 1 1 1 1 1 1 1 1 1 1 1 1 1 1 1 1 1 1 1 1 1 1 1 1 1 1 1 1 1 1 1 1 1 1 1 1 1 1 1 1 1 1 1 1 1 1 1 1 1 1 1 1 1 1 1 1 1 1 1 1 1 1 1 1 1 1 1 1 1 1 1 1 1 1 1 1 1 1 1 1 1 1 1 1 1 1 1 1 1 1 1 1 1 1 1 1 1 3 1 1 1 1 1 1 1 1 1 1 1 1 1 1 1 1 1 1 1 1 1
staticfield jdk/internal/misc/Unsafe theUnsafe Ljdk/internal/misc/Unsafe; jdk/internal/misc/Unsafe
staticfield jdk/internal/misc/Unsafe ARRAY_BOOLEAN_BASE_OFFSET I 16
staticfield jdk/internal/misc/Unsafe ARRAY_BYTE_BASE_OFFSET I 16
staticfield jdk/internal/misc/Unsafe ARRAY_SHORT_BASE_OFFSET I 16
staticfield jdk/internal/misc/Unsafe ARRAY_CHAR_BASE_OFFSET I 16
staticfield jdk/internal/misc/Unsafe ARRAY_INT_BASE_OFFSET I 16
staticfield jdk/internal/misc/Unsafe ARRAY_LONG_BASE_OFFSET I 16
staticfield jdk/internal/misc/Unsafe ARRAY_FLOAT_BASE_OFFSET I 16
staticfield jdk/internal/misc/Unsafe ARRAY_DOUBLE_BASE_OFFSET I 16
staticfield jdk/internal/misc/Unsafe ARRAY_OBJECT_BASE_OFFSET I 16
staticfield jdk/internal/misc/Unsafe ARRAY_BOOLEAN_INDEX_SCALE I 1
staticfield jdk/internal/misc/Unsafe ARRAY_BYTE_INDEX_SCALE I 1
staticfield jdk/internal/misc/Unsafe ARRAY_SHORT_INDEX_SCALE I 2
staticfield jdk/internal/misc/Unsafe ARRAY_CHAR_INDEX_SCALE I 2
staticfield jdk/internal/misc/Unsafe ARRAY_INT_INDEX_SCALE I 4
staticfield jdk/internal/misc/Unsafe ARRAY_LONG_INDEX_SCALE I 8
staticfield jdk/internal/misc/Unsafe ARRAY_FLOAT_INDEX_SCALE I 4
staticfield jdk/internal/misc/Unsafe ARRAY_DOUBLE_INDEX_SCALE I 8
staticfield jdk/internal/misc/Unsafe ARRAY_OBJECT_INDEX_SCALE I 4
staticfield jdk/internal/misc/Unsafe ADDRESS_SIZE I 8
instanceKlass lombok/launch/ShadowClassLoader
instanceKlass org/eclipse/sisu/space/CloningClassSpace$CloningClassLoader
instanceKlass org/apache/aries/spifly/Util$WrapperCL
instanceKlass org/apache/aries/spifly/MultiDelegationClassloader
instanceKlass lombok/launch/ShadowClassLoader
instanceKlass org/eclipse/osgi/internal/loader/ModuleClassLoader
instanceKlass org/eclipse/osgi/internal/framework/ContextFinder
instanceKlass org/eclipse/osgi/internal/framework/EquinoxContainer$1
instanceKlass lombok/launch/ShadowClassLoader
instanceKlass jdk/internal/reflect/DelegatingClassLoader
instanceKlass java/security/SecureClassLoader
ciInstanceKlass java/lang/ClassLoader 1 1 1108 9 7 12 1 1 1 10 7 12 1 1 1 9 12 1 1 10 7 12 1 1 1 7 1 10 12 1 1 10 12 1 1 9 12 1 1 10 12 1 1 100 1 10 12 1 10 12 1 1 10 7 12 1 1 1 100 1 8 1 10 12 1 10 7 12 1 1 1 10 7 12 1 10 7 1 10 7 1 7 1 7 1 10 12 1 10 12 1 9 12 1 1 10 10 7 12 1 1 1 9 12 1 1 9 12 1 9 12 1 1 9 12 1 9 12 1 1 9 12 1 1 7 1 10 12 1 9 12 1 1 10 12 1 1 10 7 12 1 1 1 9 12 1 9 12 1 1 9 12 1 10 12 1 1 9 12 10 12 1 1 7 1 10 8 1 10 12 1 1 10 12 1 10 7 1 7 1 10 12 1 1 10 7 12 1 1 1 8 1 10 12 1 10 12 1 10 12 1 1 10 12 1 1 10 12 1 1 10 12 1 1 10 12 1 1 10 12 1 7 1 10 12 1 10 7 12 1 1 1 10 12 1 1 10 12 1 10 12 1 10 12 1 10 12 1 10 12 1 1 10 10 12 1 10 12 1 10 100 12 1 1 10 12 1 1 10 12 1 1 10 12 1 100 1 10 12 1 7 1 10 12 1 10 7 12 1 1 1 10 10 12 1 1 10 12 1 1 7 1 8 1 10 8 1 10 12 1 10 12 1 100 1 8 1 10 12 1 1 10 12 1 1 10 10 12 1 1 10 12 1 1 10 12 1 1 10 7 1 10 12 1 1 10 12 1 1 10 12 1 1 10 12 1 1 10 12 1 1 10 12 1 1 10 12 1 10 7 12 1 1 1 10 12 1 10 12 1 10 12 1 1 10 12 1 10 12 1 10 12 1 10 12 1 1 10 12 1 10 12 1 1 8 1 9 12 1 10 12 1 1 8 1 8 1 10 7 12 1 1 100 1 10 10 12 10 12 1 10 12 1 10 12 1 10 12 1 1 10 7 12 1 1 10 12 1 10 7 1 7 1 10 12 1 1 10 12 1 10 7 1 10 12 1 100 1 18 12 1 10 100 12 1 1 1 10 7 12 1 1 1 10 7 12 1 1 10 12 1 10 12 1 100 1 10 12 1 8 1 10 10 12 1 1 10 12 1 10 12 1 1 7 1 10 12 1 10 12 1 1 10 7 12 1 1 10 12 1 8 1 100 1 10 10 12 1 9 12 1 10 7 12 1 1 10 12 1 7 1 8 1 10 12 1 10 8 1 8 1 10 12 1 1 10 12 1 1 10 12 1 1 10 7 12 1 1 7 1 100 1 10 12 1 1 7 1 7 1 10 7 12 1 1 10 12 1 10 12 1 1 10 12 1 10 12 1 1 10 12 1 1 9 100 12 1 1 1 10 12 1 1 10 12 1 10 12 1 10 12 1 1 10 12 1 8 1 7 1 18 12 1 1 10 12 1 1 10 12 1 10 12 1 10 12 1 8 1 10 12 1 10 12 1 18 12 1 11 100 12 1 1 1 100 1 10 12 1 1 10 12 1 10 11 12 1 1 10 18 10 12 1 1 11 7 12 1 18 12 1 11 12 1 1 10 12 10 12 1 1 10 12 1 1 100 1 8 1 10 10 12 1 8 1 8 1 10 100 12 1 1 10 12 1 100 1 10 10 12 1 8 1 8 1 8 1 10 12 1 10 12 1 1 10 12 1 10 7 12 1 1 1 11 7 12 1 1 100 1 10 11 10 12 1 10 12 1 10 12 1 1 9 7 12 1 1 9 12 1 1 9 12 9 12 1 9 12 1 9 12 1 8 10 12 1 1 10 7 12 1 1 1 10 12 1 1 10 12 1 1 10 12 1 10 10 12 1 11 12 1 1 10 100 12 1 1 1 100 1 10 12 1 10 12 1 10 12 1 1 1 1 1 1 1 1 1 1 1 1 1 1 1 1 1 1 1 1 1 1 1 1 1 1 1 1 100 1 1 1 1 1 1 1 1 1 1 1 1 1 1 1 1 1 1 1 1 1 100 1 1 1 1 1 1 1 1 1 1 100 1 1 1 1 1 1 1 1 1 1 1 1 1 1 1 1 1 1 1 1 1 1 1 1 1 1 1 1 1 1 1 1 1 1 1 1 1 1 1 1 1 100 1 1 1 1 1 1 1 1 1 1 1 1 1 1 1 1 1 1 1 7 1 1 1 1 1 1 1 1 1 1 1 1 1 1 1 1 1 1 1 1 1 1 1 1 1 1 1 1 1 1 1 1 1 1 1 1 1 1 1 1 1 1 1 1 1 1 1 1 1 1 100 1 1 1 1 1 1 1 1 1 1 1 1 1 1 1 1 1 1 1 1 1 1 1 1 1 1 1 1 1 1 1 1 1 1 1 1 1 1 1 1 1 1 1 1 1 1 16 1 15 10 12 16 1 16 15 10 12 16 1 16 1 15 10 12 16 15 10 12 16 15 10 12 16 15 10 100 12 1 1 1 1 1 100 1 100 1 1
staticfield java/lang/ClassLoader nocerts [Ljava/security/cert/Certificate; 0 [Ljava/security/cert/Certificate;
staticfield java/lang/ClassLoader $assertionsDisabled Z 1
ciInstanceKlass java/lang/reflect/Constructor 1 1 439 10 7 12 1 1 1 10 7 12 1 1 9 7 12 1 1 1 10 12 1 1 10 12 1 1 10 7 12 1 1 9 12 1 1 10 7 12 1 1 1 9 12 1 1 9 12 1 1 9 12 1 9 12 1 1 9 12 1 9 12 1 1 9 12 1 1 9 12 1 100 1 8 1 10 12 1 10 12 1 9 12 1 1 10 7 12 1 1 10 7 12 1 1 1 10 12 1 1 10 12 1 1 10 12 1 7 1 100 1 8 1 10 10 12 1 10 12 1 10 12 1 1 10 12 1 1 9 100 12 1 1 1 10 7 12 1 1 10 12 1 1 10 12 1 10 12 1 1 10 7 12 1 1 1 10 100 12 1 1 10 12 1 1 10 12 1 10 7 12 1 1 1 8 1 10 10 12 1 100 1 8 1 10 12 1 10 12 1 1 10 12 1 1 10 12 1 10 12 1 10 12 1 1 10 12 1 1 9 12 1 1 10 12 1 1 10 12 1 1 10 12 1 1 11 7 12 1 1 1 10 12 1 1 10 12 1 10 12 1 10 12 1 8 1 9 12 1 1 10 7 12 1 1 1 10 7 12 1 1 10 12 1 1 10 12 1 1 10 12 1 1 10 12 1 1 10 12 1 9 7 12 1 1 10 12 1 10 12 1 10 12 1 100 1 8 1 10 10 12 1 1 10 12 1 10 10 12 1 1 10 12 1 1 10 100 12 1 1 1 11 100 12 1 1 1 10 12 1 1 9 100 12 1 1 1 10 100 12 1 1 1 10 12 1 1 1 1 1 1 1 1 1 1 1 1 1 1 1 1 1 1 1 1 1 1 1 1 1 1 1 1 1 1 1 1 1 1 1 1 1 1 1 1 1 1 1 1 1 1 1 1 1 1 1 1 100 1 100 1 100 1 100 1 1 1 1 1 1 1 1 1 1 1 1 1 1 1 1 1 1 1 1 1 1 1 1 1 1 1 1 1 1 1 1 1 100 1 1
instanceKlass java/lang/reflect/Executable
instanceKlass java/lang/reflect/Field
ciInstanceKlass java/lang/reflect/AccessibleObject 1 1 400 10 7 12 1 1 1 9 100 12 1 1 1 10 7 12 1 1 1 10 7 12 1 1 10 7 12 1 1 1 10 7 12 1 1 1 10 12 1 1 10 12 1 1 9 12 1 1 7 1 10 7 12 1 1 1 11 12 1 7 1 10 12 1 7 1 100 1 10 12 1 10 12 1 1 10 12 1 1 10 12 1 1 10 12 1 1 7 1 10 7 12 1 1 1 10 12 1 1 11 10 7 12 1 1 1 10 12 1 1 10 12 1 10 12 1 10 12 1 1 10 12 1 8 1 7 1 7 1 10 10 12 1 1 8 1 10 12 1 10 12 1 8 1 8 1 8 1 8 1 8 1 8 1 8 1 8 1 8 1 100 1 10 12 1 10 12 1 9 12 1 1 10 12 1 1 10 12 1 10 7 1 100 1 8 1 10 8 1 10 12 1 8 1 10 12 1 10 12 1 1 10 100 1 8 1 10 11 7 12 1 1 1 10 12 1 1 10 12 1 1 10 12 1 1 9 12 1 1 100 1 10 12 1 7 1 10 12 1 10 12 1 1 10 100 1 10 12 1 10 12 10 12 1 10 12 1 10 12 1 1 10 12 1 9 12 1 10 100 12 1 1 8 1 10 100 12 1 1 1 8 1 10 7 12 1 1 1 9 12 1 7 1 10 7 1 10 10 7 12 1 1 1 7 1 10 10 7 12 1 1 1 7 1 9 12 1 1 1 1 1 1 1 1 1 1 1 1 1 1 1 1 1 1 1 1 1 1 1 1 1 1 1 1 1 1 1 1 1 1 1 1 1 1 1 1 1 1 1 1 1 1 1 1 1 1 1 1 1 1 1 1 1 1 1 1 1 1 1 1 1 1 1 1 1 1 1 1 1 1 1 1 1 1 1 1 1 1 1 1
staticfield java/lang/reflect/AccessibleObject reflectionFactory Ljdk/internal/reflect/ReflectionFactory; jdk/internal/reflect/ReflectionFactory
instanceKlass java/lang/reflect/Constructor
instanceKlass java/lang/reflect/Method
ciInstanceKlass java/lang/reflect/Executable 1 1 577 10 7 12 1 1 1 10 7 12 1 1 1 10 7 12 1 1 1 11 7 12 1 1 1 10 7 12 1 1 1 10 12 1 1 10 7 12 1 1 1 10 7 12 1 1 1 10 12 1 8 1 10 10 12 1 1 10 12 1 1 10 7 12 1 1 1 18 12 1 1 11 7 12 1 1 1 8 1 8 1 8 1 10 7 12 1 1 1 11 12 1 1 7 1 8 1 8 1 10 12 1 7 1 8 1 10 12 1 8 1 11 100 12 1 1 1 7 1 11 7 12 1 1 1 11 12 1 8 1 18 8 1 10 12 1 10 12 1 1 18 8 1 10 12 1 100 1 10 12 1 10 12 1 11 12 1 10 12 1 1 8 1 8 1 10 12 1 1 10 12 1 1 10 10 12 1 9 100 12 1 1 1 10 100 12 1 1 1 10 12 1 10 12 1 1 10 7 12 1 1 10 12 1 10 12 1 10 12 1 10 12 1 1 10 7 12 1 1 10 12 1 10 12 1 1 9 7 12 1 1 1 10 7 12 1 1 10 12 1 8 1 10 12 1 10 12 1 3 100 1 8 1 10 12 1 10 12 1 10 10 12 1 10 12 1 1 8 1 8 1 8 1 9 12 1 1 9 12 1 10 12 1 100 1 8 1 10 12 1 10 12 1 10 12 1 1 10 12 1 1 10 12 1 10 12 10 12 1 7 1 10 12 1 10 12 1 1 100 1 10 7 12 1 1 1 7 1 10 7 12 1 1 1 10 12 1 1 11 7 12 1 1 10 7 12 1 1 10 100 12 1 1 1 10 12 1 1 9 12 1 10 12 1 1 10 12 1 10 12 1 1 9 7 12 1 1 1 10 7 12 1 1 1 10 12 1 10 12 1 1 9 12 1 10 10 10 10 100 12 1 1 1 10 12 1 9 12 1 10 12 1 1 9 12 1 7 1 7 1 1 1 1 1 1 1 1 1 1 1 1 1 1 1 1 1 1 1 1 1 1 1 1 1 1 1 1 1 1 1 1 1 1 1 1 100 1 1 1 1 1 1 1 1 100 1 1 1 1 1 1 1 1 1 1 1 1 100 1 1 1 1 1 1 1 1 1 1 1 1 1 1 1 1 1 1 1 1 1 1 1 1 1 1 1 1 1 1 1 1 1 1 1 1 1 1 1 1 1 1 1 7 1 1 1 1 1 1 1 1 1 1 1 1 1 1 1 1 1 1 1 1 1 1 7 1 7 1 1 16 15 16 1 16 1 15 10 12 16 15 10 7 12 1 1 1 1 1 1 100 1 1 100 1 100 1 1
ciInstanceKlass java/lang/reflect/Member 1 1 37 100 1 10 12 1 1 100 1 100 1 1 1 1 3 1 3 1 1 1 1 1 1 1 1 1 1 1 1 1 1 1 1 1 1 1 1
instanceKlass com/sun/jna/internal/Cleaner$CleanerThread
instanceKlass org/eclipse/core/internal/jobs/InternalWorker
instanceKlass org/eclipse/core/internal/jobs/Worker
instanceKlass java/util/TimerThread
instanceKlass java/util/logging/LogManager$Cleaner
instanceKlass org/eclipse/osgi/framework/eventmgr/EventManager$EventThread
instanceKlass org/eclipse/equinox/launcher/Main$SplashHandler
instanceKlass java/util/concurrent/ForkJoinWorkerThread
instanceKlass jdk/internal/misc/InnocuousThread
instanceKlass java/lang/ref/Finalizer$FinalizerThread
instanceKlass java/lang/ref/Reference$ReferenceHandler
instanceKlass java/lang/BaseVirtualThread
ciInstanceKlass java/lang/Thread 1 1 870 10 7 12 1 1 1 9 12 1 1 10 7 12 1 1 10 12 1 10 100 12 1 1 100 1 8 1 10 12 1 1 9 12 1 9 12 1 1 9 12 1 1 7 1 10 12 1 1 10 12 1 10 7 12 1 1 1 10 12 9 12 1 1 10 12 1 7 1 10 12 1 100 1 8 1 10 9 7 12 1 1 1 10 12 1 1 10 12 1 1 10 12 1 1 10 12 1 10 12 1 1 3 8 1 7 1 5 0 10 7 12 1 1 1 9 12 1 10 12 1 1 10 7 12 1 1 1 10 7 12 1 1 1 10 12 1 1 10 12 1 1 9 12 1 1 10 7 1 8 1 10 7 1 10 12 1 9 12 1 1 10 7 12 1 1 1 10 10 12 1 1 9 100 12 1 1 1 10 12 1 1 10 12 1 1 10 7 12 1 1 10 12 1 10 12 1 10 7 12 1 1 9 12 1 10 7 12 1 1 1 10 12 1 1 9 12 1 1 9 12 1 1 10 7 12 1 1 1 9 12 1 1 10 7 12 1 1 10 100 12 1 1 1 10 12 1 10 12 1 10 7 12 1 1 9 12 1 8 1 9 7 12 1 1 9 12 1 1 5 0 100 1 10 100 1 10 100 1 10 7 1 10 8 1 10 12 1 1 10 7 12 1 10 12 1 10 12 1 100 1 8 1 10 10 12 1 10 12 1 1 10 100 12 1 1 1 10 100 12 1 1 1 10 12 1 7 1 9 12 1 1 100 1 10 10 12 1 9 12 1 1 10 12 1 1 10 12 1 1 10 12 1 10 12 1 9 12 1 1 10 10 12 1 1 10 12 1 1 11 7 12 1 1 10 7 12 1 1 9 12 1 9 12 1 1 9 12 1 1 10 100 12 1 1 10 12 1 1 9 7 12 1 1 1 10 7 12 1 1 10 12 1 10 12 1 100 1 10 10 12 9 12 1 1 10 12 1 11 100 12 1 1 10 12 1 10 12 1 10 12 1 9 12 1 10 10 12 1 10 12 1 1 9 12 1 9 12 10 12 1 8 1 10 12 1 10 12 1 10 12 1 10 12 1 10 12 1 1 10 12 1 10 12 1 1 10 12 1 10 12 1 10 12 1 10 12 1 10 12 1 1 9 7 12 1 1 1 8 1 10 9 12 1 10 12 1 7 1 8 1 10 10 12 1 8 1 10 12 1 1 9 12 10 12 8 1 10 10 12 1 10 12 1 8 1 10 12 1 10 8 1 10 100 12 1 1 10 12 1 1 100 1 8 1 10 9 12 1 9 12 1 1 10 12 1 1 10 10 12 1 10 12 1 100 10 7 12 1 1 1 9 12 1 10 12 1 1 10 12 1 1 10 100 12 1 1 1 11 7 12 1 1 1 9 100 12 1 1 1 10 100 12 1 1 1 7 1 10 12 1 100 1 10 12 1 10 12 1 1 10 12 1 1 8 1 9 12 1 10 12 1 10 12 1 1 11 7 12 1 1 1 10 12 1 1 1 1 3 1 3 1 3 1 3 1 1 1 1 1 1 1 1 1 1 1 1 1 1 1 1 1 1 1 1 1 7 1 1 1 1 1 1 1 1 1 1 1 1 1 1 1 1 1 1 1 1 1 1 7 1 1 1 1 1 1 1 1 1 1 1 1 1 1 1 1 7 1 7 1 1 1 1 1 1 1 1 1 1 1 1 1 1 1 1 1 1 1 1 1 1 1 1 1 1 1 1 1 1 1 1 1 1 1 1 1 1 1 1 1 1 1 1 1 1 1 1 1 1 1 1 1 1 1 1 1 1 1 1 1 1 1 1 1 1 1 1 1 1 1 1 1 1 1 1 100 100 1 1 1 1 1 1 1 1 1 1 1 1 1 1 1 1 1 1 1 1 1 1 1 1 1 1 100 1 100 1 100 1 100 1 100 1 1 100 1 1 1 1 1 1 1 1 1 1 1 1 1 1 1
staticfield java/lang/Thread NEW_THREAD_BINDINGS Ljava/lang/Object; java/lang/Class
staticfield java/lang/Thread EMPTY_STACK_TRACE [Ljava/lang/StackTraceElement; 0 [Ljava/lang/StackTraceElement;
ciInstanceKlass java/lang/Runnable 1 0 11 100 1 100 1 1 1 1 1 1 1
ciInstanceKlass java/net/URL 1 1 771 10 7 12 1 1 1 10 12 1 10 7 12 1 1 9 12 1 1 9 12 1 10 7 12 1 1 1 10 12 1 1 10 12 1 1 9 12 1 1 10 7 12 1 1 1 8 1 10 12 1 1 7 1 10 10 12 1 1 8 1 10 12 1 1 9 12 1 7 1 8 1 10 12 1 10 12 1 8 1 9 12 1 10 12 1 1 9 12 1 10 12 1 10 12 1 9 12 1 9 12 1 8 1 9 12 1 10 12 1 1 8 1 9 12 1 1 10 12 1 1 10 7 12 1 1 1 8 1 10 12 1 7 1 10 12 1 10 12 1 10 12 1 10 12 1 1 10 12 1 1 8 1 10 12 1 1 10 12 1 8 1 9 12 1 8 1 10 12 1 10 7 12 1 1 1 7 1 10 12 1 10 12 1 1 10 7 12 1 1 1 100 1 8 1 10 10 12 1 8 1 10 12 1 1 10 12 1 10 12 1 10 12 1 10 12 1 10 12 1 10 12 1 8 1 10 12 1 8 1 10 10 100 1 10 10 12 1 8 1 10 7 12 1 1 1 10 12 1 9 100 12 1 1 1 10 7 12 1 1 1 9 12 1 1 10 12 1 10 100 12 1 1 1 100 1 100 1 10 12 1 10 12 1 10 12 1 10 12 1 10 12 1 10 12 10 10 12 1 10 12 1 10 12 1 1 8 1 9 100 12 1 1 1 10 100 12 1 1 1 10 12 1 1 9 100 12 1 1 1 10 12 1 1 100 1 10 12 1 10 12 1 10 10 12 1 1 10 12 1 1 10 12 1 10 12 1 10 12 1 10 7 12 1 1 1 10 12 1 1 10 12 1 9 12 1 1 9 12 1 1 7 1 8 1 10 10 12 1 9 12 1 1 10 7 12 1 1 8 1 10 7 12 1 1 8 1 10 12 1 1 10 12 1 8 1 8 1 10 7 12 1 1 1 7 1 10 7 12 1 1 1 10 12 1 10 12 1 7 1 10 9 7 12 1 1 1 10 7 12 1 1 10 12 1 1 10 12 1 8 1 7 1 10 10 7 12 1 1 1 10 12 1 8 9 100 12 1 1 1 10 12 1 1 10 12 1 10 12 1 1 10 7 12 1 1 11 7 12 1 1 10 12 1 10 12 1 9 12 1 10 12 1 1 10 100 12 1 1 10 100 12 1 1 1 8 10 100 12 1 1 100 1 10 8 8 10 12 1 8 8 8 100 1 10 12 1 9 12 1 1 10 12 1 10 12 1 1 10 12 1 10 12 10 12 1 1 10 12 1 1 10 10 10 12 1 10 12 1 10 12 1 10 12 1 10 12 1 10 10 12 1 100 1 8 1 10 10 10 12 1 1 10 12 1 10 12 1 1 8 1 7 1 10 10 7 1 10 12 1 9 7 12 1 1 1 9 12 1 1 7 1 10 10 7 12 1 1 1 7 1 1 1 1 1 5 0 1 1 1 1 1 1 1 1 1 1 1 1 1 1 1 1 1 1 1 1 1 1 1 1 1 1 1 1 1 1 1 1 1 1 1 1 1 1 1 1 1 1 1 1 1 1 1 1 7 1 1 1 1 1 1 1 1 1 1 1 1 1 1 1 1 1 1 1 1 1 1 1 1 1 1 1 1 1 1 1 1 1 1 1 1 1 100 1 1 1 1 1 1 1 1 1 1 1 1 1 1 1 1 1 100 1 1 1 1 1 1 1 1 1 1 1 1 1 1 1 1 1 1 1
staticfield java/net/URL defaultFactory Ljava/net/URLStreamHandlerFactory; java/net/URL$DefaultFactory
staticfield java/net/URL streamHandlerLock Ljava/lang/Object; java/lang/Object
staticfield java/net/URL serialPersistentFields [Ljava/io/ObjectStreamField; 7 [Ljava/io/ObjectStreamField;
ciMethod java/lang/System arraycopy (Ljava/lang/Object;ILjava/lang/Object;II)V 256 0 128 0 -1
ciInstanceKlass java/lang/Module 1 1 1070 10 7 12 1 1 1 9 7 12 1 1 1 10 7 12 1 1 1 9 12 1 9 12 1 1 9 12 1 1 10 12 1 1 10 12 1 10 12 1 1 10 7 12 1 1 1 7 1 10 7 12 1 1 1 10 12 1 1 11 7 12 1 1 1 10 12 1 1 10 7 12 1 1 1 10 12 1 1 10 7 12 1 1 1 9 100 12 1 1 1 10 7 12 1 1 1 10 12 1 8 1 10 7 12 1 1 1 10 7 12 1 1 1 10 7 12 1 1 1 10 12 1 10 12 1 9 12 1 1 10 100 12 1 1 100 1 7 1 10 8 1 10 12 1 1 10 12 1 10 12 10 12 1 10 7 12 1 1 8 1 8 1 10 8 1 8 1 9 12 1 1 8 1 10 100 12 1 1 1 10 12 1 9 12 1 1 11 12 1 9 7 12 1 1 10 7 12 1 1 1 10 7 12 1 1 1 10 12 1 1 8 1 10 12 1 1 10 12 1 10 12 1 1 9 7 12 1 1 1 10 12 1 1 10 12 1 1 9 12 1 10 12 1 10 12 1 9 12 1 1 11 7 12 1 1 10 12 1 1 9 12 1 9 12 1 10 12 1 10 12 1 100 1 8 1 10 10 12 1 1 10 12 1 8 1 10 12 1 1 8 1 8 1 10 12 1 1 10 12 1 10 12 1 1 18 12 1 1 10 12 1 1 11 12 1 9 12 1 11 12 10 100 12 1 1 100 1 8 1 10 11 12 1 1 10 7 12 1 1 1 10 12 1 10 12 1 1 11 12 1 1 11 7 12 1 1 11 12 1 1 9 12 1 11 12 1 10 12 1 1 10 12 1 1 9 12 1 10 12 10 7 12 1 1 10 7 1 18 12 1 1 11 100 12 1 1 1 18 12 1 11 12 1 1 10 100 12 1 1 1 11 12 1 1 10 7 12 1 1 7 1 11 12 1 7 1 7 1 10 12 1 10 7 12 1 1 1 10 11 7 12 1 8 1 10 10 12 1 1 10 7 12 1 1 10 12 1 10 12 1 7 1 10 12 1 10 11 12 1 1 10 12 10 12 1 1 9 12 1 1 100 1 10 10 12 1 1 11 7 1 10 12 1 1 11 12 1 10 10 12 1 11 10 12 1 1 10 12 1 1 10 12 1 1 10 7 12 1 1 10 12 1 10 12 1 1 10 10 12 1 1 10 12 1 18 12 1 11 12 1 18 12 1 10 12 1 10 12 1 10 12 7 1 10 12 1 10 12 1 10 12 1 9 12 1 7 1 10 10 10 10 12 1 10 12 1 10 12 1 10 12 1 1 10 12 1 1 10 12 1 9 12 1 18 12 1 1 10 7 12 1 1 1 100 1 8 1 10 12 1 1 10 12 1 1 10 7 12 1 1 7 1 10 12 1 1 7 1 8 1 10 12 1 1 100 1 11 12 1 1 10 100 12 1 1 1 18 12 1 1 11 100 12 1 1 1 100 1 10 12 1 10 12 1 1 7 1 7 1 10 12 8 1 10 12 1 1 10 12 1 1 10 7 12 1 1 10 12 1 1 10 12 1 10 12 10 12 1 1 7 1 10 10 12 1 1 10 7 12 1 1 1 100 1 10 12 1 1 10 7 12 1 1 8 1 18 12 1 1 100 1 100 1 9 12 1 1 9 12 1 9 12 1 11 100 12 1 1 1 100 1 11 12 1 1 100 1 10 12 1 8 1 10 12 1 10 12 10 12 1 8 1 10 10 100 12 1 1 7 1 10 10 12 1 10 7 12 1 1 9 12 1 9 12 1 9 12 1 9 12 1 10 12 11 12 1 10 12 1 7 1 1 1 1 1 1 1 1 1 1 1 1 1 1 1 1 1 1 1 100 1 1 1 1 1 1 1 1 1 1 1 1 1 1 1 1 1 1 1 1 1 1 1 1 1 1 1 1 1 1 1 1 1 1 1 1 1 1 1 1 1 1 1 1 1 1 1 1 1 1 1 1 1 1 1 1 1 1 1 1 1 1 1 1 1 1 1 1 1 1 1 1 1 1 1 1 1 1 1 1 1 1 1 1 1 1 1 1 1 1 1 1 1 1 1 100 100 1 1 1 1 1 1 1 1 1 1 1 1 1 1 1 1 1 1 1 1 1 1 1 1 1 1 1 100 1 7 1 1 1 1 1 1 1 1 1 1 1 1 1 1 1 1 1 1 1 1 100 1 1 1 1 1 1 1 1 1 1 1 1 1 1 1 1 1 1 1 1 1 1 1 16 15 10 12 16 16 15 10 12 16 16 15 10 16 1 15 10 12 16 1 15 10 12 16 1 16 15 10 12 16 16 1 15 10 12 16 15 10 7 12 1 1 1 15 10 100 12 1 1 1 1 1 1 1 1 1 1 1 100 1 100 1 1 100 1 100 1 1
staticfield java/lang/Module ALL_UNNAMED_MODULE Ljava/lang/Module; java/lang/Module
staticfield java/lang/Module ALL_UNNAMED_MODULE_SET Ljava/util/Set; java/util/ImmutableCollections$Set12
staticfield java/lang/Module EVERYONE_MODULE Ljava/lang/Module; java/lang/Module
staticfield java/lang/Module EVERYONE_SET Ljava/util/Set; java/util/ImmutableCollections$Set12
staticfield java/lang/Module $assertionsDisabled Z 1
ciInstanceKlass jdk/internal/util/ArraysSupport 1 1 378 7 1 7 1 8 1 10 12 1 1 10 12 1 1 10 7 12 1 1 9 7 12 1 1 1 9 12 1 1 10 7 12 1 1 1 9 12 1 1 10 7 12 1 1 1 9 12 1 10 12 9 12 1 10 12 1 1 10 12 7 1 10 12 1 1 10 12 1 100 1 10 12 1 1 10 12 100 1 10 12 1 100 1 10 12 1 100 1 7 1 10 8 1 10 12 1 1 10 12 1 10 12 1 1 10 9 12 1 1 11 7 12 1 1 1 9 12 1 9 12 1 10 12 1 1 9 12 1 9 12 1 9 12 1 9 12 1 9 12 1 9 12 1 9 12 1 10 12 1 1 10 7 12 1 1 1 9 12 1 9 12 1 10 12 1 1 10 12 1 9 12 1 10 12 1 10 7 12 1 1 1 9 12 1 9 12 1 10 12 1 10 12 1 10 7 12 1 1 1 3 10 12 1 7 1 8 1 8 1 8 1 10 10 100 12 1 1 1 11 7 12 1 1 1 10 12 1 10 7 12 1 1 1 10 12 1 1 10 12 1 1 9 12 1 10 12 1 9 12 1 9 12 1 9 12 1 9 12 1 9 12 1 9 12 1 9 12 1 7 1 10 7 12 1 1 1 1 1 3 1 3 1 3 1 3 1 3 1 3 1 3 1 3 1 1 1 1 1 1 1 1 1 1 1 1 1 1 1 1 1 1 1 1 1 1 1 1 1 1 1 1 1 1 1 1 1 1 1 1 1 1 1 1 1 1 1 1 1 1 1 1 1 1 1 1 1 1 1 1 1 1 1 1 1 1 1 1 1 1 1 1 1 1 1 1 1 1 1 1 1 1 1 100 1 1 1 1
staticfield jdk/internal/util/ArraysSupport U Ljdk/internal/misc/Unsafe; jdk/internal/misc/Unsafe
staticfield jdk/internal/util/ArraysSupport BIG_ENDIAN Z 0
staticfield jdk/internal/util/ArraysSupport LOG2_ARRAY_BOOLEAN_INDEX_SCALE I 0
staticfield jdk/internal/util/ArraysSupport LOG2_ARRAY_BYTE_INDEX_SCALE I 0
staticfield jdk/internal/util/ArraysSupport LOG2_ARRAY_CHAR_INDEX_SCALE I 1
staticfield jdk/internal/util/ArraysSupport LOG2_ARRAY_SHORT_INDEX_SCALE I 1
staticfield jdk/internal/util/ArraysSupport LOG2_ARRAY_INT_INDEX_SCALE I 2
staticfield jdk/internal/util/ArraysSupport LOG2_ARRAY_LONG_INDEX_SCALE I 3
staticfield jdk/internal/util/ArraysSupport LOG2_ARRAY_FLOAT_INDEX_SCALE I 2
staticfield jdk/internal/util/ArraysSupport LOG2_ARRAY_DOUBLE_INDEX_SCALE I 3
staticfield jdk/internal/util/ArraysSupport LOG2_BYTE_BIT_SIZE I 3
staticfield jdk/internal/util/ArraysSupport JLA Ljdk/internal/access/JavaLangAccess; java/lang/System$2
ciInstanceKlass java/lang/Character 1 1 604 7 1 7 1 100 1 9 12 1 1 8 1 9 12 1 1 7 1 9 12 1 1 10 7 12 1 1 1 10 100 12 1 1 1 10 100 12 1 1 1 10 7 12 1 1 1 9 7 12 1 1 1 10 12 1 10 12 1 1 10 12 1 1 10 7 12 1 1 10 12 1 1 3 3 3 3 3 10 12 1 1 10 12 1 3 11 7 12 1 1 1 11 12 1 1 10 12 1 1 10 12 1 1 100 1 10 10 12 1 3 10 12 1 1 10 12 1 10 12 1 1 100 1 8 1 10 12 1 1 10 12 1 10 12 1 10 12 1 10 100 12 1 1 1 10 12 1 10 12 1 10 12 1 1 10 12 1 10 7 12 1 1 10 10 12 1 10 10 12 1 10 12 1 1 10 12 1 10 10 12 1 10 12 1 10 12 1 10 12 1 10 12 1 10 12 1 10 12 1 10 12 10 10 12 10 10 12 1 10 10 12 1 10 10 12 1 10 10 12 1 10 12 1 10 12 1 10 12 1 10 12 1 10 12 1 10 12 1 10 10 12 1 10 10 12 1 10 10 12 1 1 10 10 12 1 10 5 0 10 12 1 10 12 1 10 10 12 1 10 10 12 1 1 10 10 12 1 10 10 12 1 9 12 1 1 100 1 10 10 12 1 10 12 1 1 3 10 100 12 1 1 1 10 12 1 10 100 12 1 1 7 1 10 10 12 1 1 10 12 1 1 10 12 1 1 8 1 10 12 1 9 100 12 1 1 1 10 12 1 10 10 12 1 10 12 1 1 10 12 1 10 10 12 1 1 10 10 12 1 1 7 1 8 1 10 12 1 1 10 7 12 1 1 1 8 1 10 12 1 1 9 12 1 1 7 1 7 1 7 1 1 1 1 3 1 3 1 3 1 3 1 1 1 1 1 3 1 1 3 1 3 1 3 1 3 1 3 1 3 1 3 1 3 1 3 1 3 1 3 1 3 1 3 1 3 1 3 1 3 1 3 1 3 1 3 1 3 1 3 1 3 1 3 1 3 1 3 1 3 1 3 1 3 1 1 1 1 1 1 1 1 1 1 1 1 1 1 1 1 1 1 1 3 1 1 1 1 1 1 1 3 1 1 3 1 1 1 1 1 3 1 1 5 0 1 1 1 1 1 1 1 1 1 1 1 1 1 1 1 1 1 1 1 1 1 1 1 1 1 1 1 1 1 1 1 1 1 1 1 1 1 1 1 1 1 1 1 1 1 1 1 1 1 1 1 1 1 1 1 1 1 1 1 1 1 1 1 1 1 1 1 1 1 1 1 1 1 1 1 1 1 1 1 1 1 1 1 1 1 1 1 1 1 1 100 1 100 1 1 1 1 1 1
staticfield java/lang/Character TYPE Ljava/lang/Class; java/lang/Class
staticfield java/lang/Character $assertionsDisabled Z 1
ciInstanceKlass java/util/Arrays 1 1 1029 10 7 12 1 1 1 10 7 12 1 1 1 10 7 12 1 1 1 10 12 1 10 12 1 10 12 1 10 12 1 10 12 1 10 12 1 10 100 12 1 1 1 100 1 7 1 10 8 1 10 12 1 1 10 12 1 8 1 8 1 10 12 1 1 10 12 1 100 1 10 12 1 9 100 12 1 1 1 10 7 12 1 1 100 1 10 12 1 1 10 7 12 1 1 10 7 12 1 1 1 100 1 10 12 1 10 12 1 1 7 1 9 7 12 1 1 1 10 12 1 1 10 7 12 1 1 10 12 1 10 12 1 1 10 12 1 10 12 1 1 7 1 11 12 1 1 10 12 1 10 7 12 1 1 1 10 12 10 12 1 10 12 1 10 12 10 12 1 11 7 12 1 1 1 10 7 12 1 1 1 100 1 10 12 1 10 100 1 10 12 1 10 100 1 10 12 1 10 100 1 10 12 1 10 10 12 1 1 10 12 1 10 12 1 10 12 1 10 12 1 10 12 1 10 7 12 1 1 1 10 12 1 10 7 12 1 1 1 10 12 1 10 12 1 10 7 12 1 1 1 10 12 1 10 12 1 10 12 1 10 12 1 10 12 1 10 12 1 10 12 1 10 12 1 10 12 1 10 12 1 10 12 1 10 12 1 10 12 1 10 12 1 10 12 1 10 12 1 1 10 12 1 1 10 7 12 1 1 1 10 7 1 10 100 1 10 7 1 10 100 1 10 7 1 10 100 1 10 100 1 10 100 1 10 12 1 8 1 10 12 1 1 10 12 1 1 10 12 1 1 10 12 1 1 10 12 1 1 10 12 1 1 10 12 1 1 10 12 1 1 10 12 1 1 7 1 10 12 10 12 1 1 10 12 1 10 12 1 1 10 12 1 1 9 7 12 1 1 1 10 12 1 9 7 1 10 12 1 9 7 1 10 12 1 9 7 1 10 12 1 9 7 1 10 12 1 9 7 1 10 12 1 9 10 12 1 10 12 1 10 12 1 9 12 1 100 1 10 10 12 1 1 10 12 1 10 12 1 10 12 1 10 12 1 10 12 1 10 12 1 10 12 1 10 12 1 10 12 1 8 1 8 1 10 12 1 10 12 1 8 1 10 12 1 10 12 1 10 12 1 10 7 12 1 1 1 3 10 100 1 10 10 12 1 1 11 100 12 1 1 10 12 1 1 10 12 1 10 12 1 10 12 1 10 12 1 10 12 1 10 12 1 10 12 1 10 12 1 11 12 1 8 1 10 11 12 1 11 7 12 1 1 1 11 100 12 1 1 1 11 12 1 1 18 12 1 1 11 12 1 1 11 100 12 1 1 1 18 12 1 11 100 12 1 1 1 18 12 1 11 100 12 1 1 1 18 12 1 100 1 10 7 12 1 1 1 10 12 1 10 12 1 10 12 1 10 12 1 10 12 1 10 12 1 10 12 1 10 12 1 1 10 12 1 10 7 12 1 1 10 12 1 10 12 1 10 12 1 1 10 12 1 10 12 1 10 12 1 1 10 12 1 10 12 1 10 12 1 1 10 12 1 10 12 1 10 12 1 10 12 1 10 12 10 12 1 10 12 10 12 10 12 1 10 12 10 12 1 10 12 1 10 12 1 1 1 1 3 1 3 1 1 1 1 1 1 1 1 1 1 1 1 1 1 1 1 1 1 1 1 1 1 1 1 1 1 1 1 1 1 1 1 1 1 1 1 1 1 1 1 1 1 1 1 1 1 1 1 1 1 1 1 1 1 1 1 1 1 1 1 1 1 1 1 1 1 1 1 1 1 1 1 1 1 1 1 1 1 1 1 1 1 1 1 1 1 1 1 1 1 1 1 1 1 1 1 1 1 1 1 1 1 1 1 1 1 1 1 1 1 1 1 1 1 1 1 1 1 1 1 1 1 1 1 1 1 1 1 1 1 1 1 1 1 1 1 1 1 1 1 1 1 1 1 1 1 1 1 1 1 1 1 1 1 1 1 1 1 1 1 1 1 1 1 1 1 1 1 1 1 1 1 1 1 1 1 1 1 1 1 1 1 1 1 1 1 1 1 1 1 1 1 1 1 1 1 1 1 1 1 1 1 1 1 1 1 1 1 1 1 1 1 1 1 1 1 1 1 1 1 1 1 1 1 1 1 1 1 1 1 1 1 1 1 1 1 1 1 1 1 1 1 1 1 1 1 1 1 1 1 1 1 1 1 100 1 1 16 15 10 12 15 10 12 15 10 12 15 10 12 15 10 100 12 1 1 1 1 1 100 1 100 1 1 1 1 100 1 1 1 1 1 1 100 1 1 100 1 1 100 1 1 1 100 1 100 1 1
staticfield java/util/Arrays $assertionsDisabled Z 1
ciInstanceKlass java/lang/OutOfMemoryError 1 1 26 10 100 12 1 1 1 10 12 1 100 1 1 1 1 5 0 1 1 1 1 1 1 1 1 1
ciInstanceKlass java/lang/Integer 1 1 453 7 1 7 1 7 1 7 1 10 12 1 1 9 12 1 1 9 12 1 1 10 100 12 1 1 1 10 12 1 1 10 100 12 1 1 1 10 10 12 1 1 10 7 12 1 1 1 10 12 1 10 12 1 1 10 7 12 1 1 1 10 12 1 1 10 12 1 1 10 12 1 10 12 1 10 12 1 1 10 10 12 1 9 12 1 1 9 12 1 7 1 8 1 10 12 1 7 1 10 12 1 8 1 10 12 1 1 10 12 1 8 1 10 12 1 8 1 10 12 1 1 3 10 12 1 1 3 10 12 1 1 10 12 1 1 10 7 12 1 1 1 11 7 1 10 12 1 1 11 10 12 1 1 8 1 10 12 1 1 8 1 7 1 10 12 1 1 10 12 1 1 5 0 8 1 10 12 1 10 12 1 10 12 1 10 12 1 1 7 1 9 12 1 1 9 12 1 1 10 12 1 10 7 1 9 12 1 10 12 1 10 12 1 10 12 1 1 10 7 12 1 1 1 100 1 100 1 10 12 1 1 10 12 1 1 8 1 8 1 10 12 1 1 8 1 8 1 8 1 8 1 8 1 8 1 10 12 1 10 12 1 5 0 3 3 3 3 10 12 1 10 12 1 3 10 12 1 10 100 12 1 1 1 10 12 1 1 10 12 1 1 8 1 10 7 12 1 1 1 9 12 1 1 7 1 7 1 7 1 1 1 1 3 1 1 1 3 1 3 1 1 5 0 1 1 1 1 1 1 1 1 1 100 1 1 1 1 1 1 1 1 1 1 1 1 1 1 1 1 1 1 1 1 1 1 1 1 1 1 1 1 1 1 1 1 1 1 1 1 1 1 1 1 3 1 1 1 1 1 1 1 1 1 1 1 1 1 1 1 1 7 1 1 1 1 1 1 1 1 1 1 1 1 1 1 1 1 1 1 1 1 1 1 1 1 1 1 1 1 1 1 1 1 1 1 1 1 1 1 1 1 1 1 1 1 1 1 7 1 1 1 1 1 1 1 1 1 100 1 100 1 1
staticfield java/lang/Integer TYPE Ljava/lang/Class; java/lang/Class
staticfield java/lang/Integer digits [C 36
staticfield java/lang/Integer DigitTens [B 100
staticfield java/lang/Integer DigitOnes [B 100
instanceKlass java/math/BigDecimal
instanceKlass com/google/gson/internal/LazilyParsedNumber
instanceKlass com/sun/jna/IntegerType
instanceKlass java/util/concurrent/atomic/Striped64
instanceKlass java/math/BigInteger
instanceKlass java/util/concurrent/atomic/AtomicLong
instanceKlass java/util/concurrent/atomic/AtomicInteger
instanceKlass java/lang/Long
instanceKlass java/lang/Integer
instanceKlass java/lang/Short
instanceKlass java/lang/Byte
instanceKlass java/lang/Double
instanceKlass java/lang/Float
ciInstanceKlass java/lang/Number 1 1 37 10 7 12 1 1 1 10 100 12 1 1 1 100 1 1 1 1 5 0 1 1 1 1 1 1 1 1 1 1 1 1 1 1 1 1 1
ciInstanceKlass java/lang/Thread$FieldHolder 1 1 48 10 7 12 1 1 1 9 7 12 1 1 1 9 12 1 1 9 12 1 1 9 12 1 1 9 12 1 1 1 1 1 1 1 1 1 1 100 1 100 1 1 1 1 100 1 1 1
ciInstanceKlass java/lang/Thread$Constants 0 0 59 7 1 10 7 12 1 1 1 100 1 10 10 7 12 1 1 1 7 1 8 1 10 12 1 9 7 12 1 1 1 7 1 7 1 10 12 1 10 12 1 9 12 1 1 1 1 1 1 1 1 1 1 1 1 1 1 1 1
ciInstanceKlass java/lang/ThreadGroup 1 1 411 10 7 12 1 1 1 9 7 12 1 1 1 8 1 9 12 1 1 7 1 9 12 1 1 9 12 1 1 10 7 12 1 1 1 10 12 1 1 10 12 1 10 12 1 10 12 1 10 12 1 1 10 12 1 1 10 12 1 10 12 1 1 10 12 1 10 12 1 10 100 12 1 1 1 10 12 1 1 18 12 1 1 11 7 12 1 1 1 10 7 12 1 1 1 10 7 12 1 10 12 1 1 10 12 1 1 10 12 1 1 10 100 12 1 1 1 10 12 1 11 12 1 1 11 7 12 1 1 11 12 1 1 10 12 1 1 10 12 1 10 12 1 11 12 1 11 12 1 1 100 1 10 10 12 1 100 1 10 18 12 1 1 11 7 12 1 1 1 11 12 1 1 9 12 1 1 10 12 1 1 8 1 10 7 12 1 1 1 10 100 12 1 1 1 10 12 1 1 11 12 10 12 1 1 10 12 1 1 11 7 1 9 12 1 7 1 10 8 1 10 12 1 1 10 12 1 1 8 1 10 12 1 10 7 12 1 1 1 10 12 1 1 10 7 1 8 1 10 8 1 10 12 1 10 12 1 8 1 9 12 1 1 9 12 1 10 100 12 1 1 1 100 9 12 1 1 7 1 9 12 1 10 12 10 12 1 1 100 10 12 9 12 1 10 12 1 100 1 10 11 12 1 1 7 1 10 10 12 1 10 12 1 1 1 1 1 1 1 1 1 1 1 1 1 1 1 1 1 1 3 1 1 1 1 1 1 1 1 1 1 1 1 100 1 1 1 1 1 1 1 1 1 1 1 1 1 1 1 1 1 1 1 1 1 1 1 1 1 1 1 1 1 1 1 1 1 1 1 1 1 1 1 1 1 1 1 16 15 10 12 16 16 15 10 12 16 15 10 100 12 1 1 1 1 1 100 1 100 1 1
staticfield java/lang/ThreadGroup $assertionsDisabled Z 1
ciInstanceKlass java/lang/Thread$UncaughtExceptionHandler 1 0 16 100 1 100 1 1 1 1 1 1 1 1 100 1 1 1
ciInstanceKlass java/security/AccessControlContext 1 1 374 9 7 12 1 1 1 9 12 1 1 10 7 12 1 1 1 8 1 10 100 12 1 1 1 10 7 12 1 1 1 9 12 1 9 12 1 1 9 12 1 1 10 7 12 1 1 7 1 10 12 1 11 7 12 1 1 1 11 12 1 11 12 1 11 12 1 1 7 1 11 12 1 1 10 12 1 10 7 12 1 1 1 9 100 12 1 1 1 10 7 12 1 1 1 11 100 12 1 1 1 10 7 1 100 1 8 1 10 12 1 10 12 1 1 7 1 10 7 12 1 1 1 9 12 1 9 12 1 9 12 1 9 12 1 1 9 12 1 1 9 12 1 9 12 1 10 7 12 1 1 1 9 12 1 10 12 1 1 10 12 1 1 8 1 10 12 1 1 10 12 1 1 10 7 12 1 1 1 7 1 10 10 12 1 1 10 7 12 1 1 1 10 8 1 10 7 12 1 1 8 1 10 7 12 1 1 8 1 8 1 10 12 1 8 1 10 12 1 8 1 10 12 1 10 12 1 10 12 1 1 8 1 8 1 100 1 10 12 1 10 12 1 1 100 1 10 12 1 8 1 10 12 1 10 12 1 10 8 1 10 12 1 1 10 12 1 1 10 12 1 1 10 12 1 1 10 12 1 10 12 1 11 10 12 1 10 12 1 1 10 10 10 12 1 1 1 1 1 1 1 1 1 1 1 1 1 1 1 1 1 1 1 1 1 1 1 1 100 1 1 1 1 1 1 1 1 1 1 1 1 1 1 1 1 1 1 1 1 1 1 1 1 1 1 1 1 1 1 1 1 1 1 1 1 1 1 1 1 1 1 1 1 1 1 1 1 1 1 1 1 3 1 1
instanceKlass java/lang/ThreadBuilders$BoundVirtualThread
instanceKlass java/lang/VirtualThread
ciInstanceKlass java/lang/BaseVirtualThread 0 0 36 10 100 12 1 1 1 100 1 1 1 1 1 1 1 1 1 1 1 1 1 1 1 1 1 1 1 1 100 1 100 1 1 100 1 1
ciInstanceKlass java/lang/VirtualThread 0 0 907 9 7 12 1 1 1 10 7 12 1 1 1 10 100 12 1 1 1 10 7 12 1 1 1 9 12 1 1 9 12 1 1 100 1 10 12 1 9 12 1 1 18 12 1 1 9 12 1 1 10 12 1 1 100 1 10 12 1 10 12 1 1 10 12 1 1 10 12 1 1 10 12 1 10 7 12 1 10 12 1 10 12 1 10 12 1 10 12 1 11 100 12 1 1 1 100 1 10 12 1 1 10 100 12 1 1 1 10 100 12 1 1 1 10 12 1 100 1 10 10 12 1 10 12 1 1 9 12 1 1 10 12 1 1 9 12 1 1 10 12 1 9 12 1 1 9 12 1 100 1 10 10 12 1 10 100 12 1 1 10 9 10 10 12 1 1 10 12 1 1 10 100 12 1 1 10 100 1 10 9 10 10 12 1 7 1 10 12 1 1 10 12 1 10 12 1 10 12 1 1 9 12 1 10 12 1 10 12 1 9 12 1 1 10 12 1 10 12 1 9 12 1 1 10 12 1 10 12 1 10 12 1 11 100 12 1 1 10 12 1 1 10 12 1 1 10 12 1 1 9 12 1 10 100 1 10 12 1 1 10 12 1 1 10 12 1 10 12 1 10 12 1 10 12 9 12 1 1 10 100 12 1 1 10 12 1 10 12 1 1 10 100 12 1 1 10 12 1 100 1 8 1 10 12 1 10 12 1 1 10 12 1 10 12 1 10 100 12 1 1 10 12 1 10 12 1 1 10 12 1 10 12 1 1 10 7 12 1 1 10 12 1 1 10 12 1 1 100 1 10 10 12 1 7 1 9 12 1 1 10 7 12 1 1 10 9 12 1 1 18 9 100 12 1 1 1 11 100 12 1 1 1 11 100 1 11 12 10 12 1 10 12 1 1 10 12 1 100 1 10 10 12 1 10 12 1 1 10 12 1 1 10 12 1 10 12 1 10 12 1 9 12 1 1 11 100 12 1 1 10 12 9 100 12 1 1 1 9 12 1 10 12 1 1 9 12 1 9 12 1 9 12 1 7 1 10 10 12 1 1 10 12 1 10 12 7 1 7 1 10 8 1 10 12 1 1 10 12 1 10 12 1 10 10 12 1 8 1 10 10 12 1 10 12 1 10 7 12 1 1 8 1 8 1 10 9 100 12 1 1 1 10 12 1 1 10 12 1 10 10 10 12 9 12 1 10 12 1 1 9 12 1 10 12 1 1 9 12 1 10 12 1 1 18 12 1 1 18 12 1 10 7 12 1 1 1 8 1 10 100 12 1 1 1 10 7 12 1 1 1 18 12 1 10 100 12 1 1 1 100 1 10 12 1 8 1 10 12 1 8 1 10 12 1 1 8 1 8 1 10 100 12 1 1 8 1 10 12 1 8 1 8 1 10 100 12 1 1 1 10 12 1 10 12 1 1 10 12 1 18 12 1 1 18 12 1 1 5 0 9 12 1 10 12 1 18 12 1 100 1 10 12 10 7 12 1 1 10 12 1 1 7 1 8 1 10 10 12 1 10 12 1 1 10 12 1 9 12 1 8 10 12 1 1 8 8 9 12 1 8 10 12 1 1 3 1 3 1 3 1 3 1 3 1 3 1 3 1 3 1 3 1 3 1 3 1 3 3 1 3 1 1 1 1 1 1 1 1 1 1 1 1 1 1 7 1 1 1 1 1 1 1 1 1 1 1 1 1 1 7 1 1 1 1 1 1 1 1 1 1 1 7 1 1 1 1 1 1 1 1 1 1 1 1 1 1 1 1 1 1 1 1 1 1 1 1 1 1 1 1 1 1 1 1 1 1 1 1 1 1 1 100 1 1 1 1 1 1 1 1 1 1 1 1 1 1 1 1 1 1 1 1 1 1 1 1 1 1 1 1 1 1 1 1 1 1 1 100 1 1 1 1 1 1 1 1 1 1 1 1 1 1 100 1 1 16 15 10 12 15 16 15 10 12 16 15 10 12 16 16 15 10 12 16 15 10 12 16 15 10 12 16 15 10 12 16 1 15 10 100 12 1 1 1 1 1 1 1 7 1 1 100 1 100 1 1
ciInstanceKlass java/lang/ThreadBuilders$BoundVirtualThread 0 0 132 10 7 12 1 1 1 9 7 12 1 1 1 10 7 12 1 1 1 9 12 1 1 10 12 1 1 10 12 1 1 9 12 1 1 10 7 12 1 1 1 10 12 1 1 7 1 8 1 10 12 1 10 12 1 1 10 12 1 1 10 12 1 1 10 7 12 1 1 1 8 1 10 12 1 8 1 10 12 1 1 10 100 12 1 1 9 100 12 1 1 1 10 12 1 1 10 10 12 1 1 1 1 1 1 1 1 1 1 1 1 1 1 1 1 1 1 1 1 1 1 1 1 1 1 1 1 100 1 1 1 1
ciInstanceKlass jdk/internal/vm/ContinuationScope 0 0 50 10 100 12 1 1 1 10 100 12 1 1 1 100 1 9 100 12 1 1 1 10 12 1 1 10 100 12 1 1 1 10 12 1 1 10 12 1 1 1 1 1 1 1 1 1 1 1 1 1
ciInstanceKlass jdk/internal/vm/StackChunk 0 0 32 10 100 12 1 1 1 9 100 12 1 1 1 9 12 1 1 9 12 1 1 1 1 1 1 1 1 1 1 1 1 1
ciInstanceKlass java/lang/Float 1 1 279 7 1 7 1 10 7 12 1 1 1 10 100 12 1 1 1 4 7 1 10 12 1 1 10 12 1 1 8 1 8 1 10 7 12 1 1 1 10 12 1 1 10 12 1 1 10 100 1 4 10 7 12 1 1 9 12 1 1 10 12 1 1 10 12 1 10 10 12 1 1 10 12 1 10 12 1 3 3 100 1 4 4 4 3 10 12 1 1 9 12 1 1 100 1 10 3 3 4 4 10 12 1 3 3 3 10 12 1 1 10 12 1 1 10 12 1 10 100 12 1 1 1 10 12 1 1 10 12 1 1 10 7 12 1 1 1 8 1 10 12 1 1 9 12 1 1 7 1 7 1 7 1 1 1 1 4 1 4 1 1 1 4 1 1 3 1 3 1 3 1 3 1 3 1 1 1 1 5 0 1 1 1 1 1 1 1 1 1 1 7 1 1 1 1 1 1 1 1 1 1 1 1 1 3 1 1 1 1 1 1 1 1 1 1 1 1 1 1 1 1 1 1 1 1 1 1 1 1 1 1 1 1 1 1 1 1 1 1 1 1 1 1 1 1 1 1 1 1 1 1 1 1 1 1 1 1 1 1 1 1 1 1 1 1 1 7 1 1 1 1 1 1 1 100 1 100 1 1
staticfield java/lang/Float TYPE Ljava/lang/Class; java/lang/Class
staticfield java/lang/Float $assertionsDisabled Z 1
ciInstanceKlass java/lang/Double 1 1 290 7 1 7 1 10 100 12 1 1 1 10 12 1 1 10 7 1 10 12 1 1 10 7 12 1 1 1 6 0 8 1 10 12 1 1 8 1 10 12 1 1 8 1 6 0 10 12 1 1 100 1 5 0 5 0 8 1 8 1 10 7 12 1 1 1 10 7 12 1 1 1 8 1 10 12 1 1 8 1 8 1 8 1 10 12 1 1 10 12 1 10 12 1 1 10 12 1 10 12 1 10 12 1 1 10 12 1 10 7 1 6 0 10 7 12 1 1 9 12 1 1 10 12 1 10 12 1 10 12 1 10 12 1 10 12 1 5 0 10 12 1 1 10 12 1 10 12 1 10 100 12 1 1 1 10 12 1 1 10 12 1 1 8 1 10 7 12 1 1 1 9 12 1 1 7 1 7 1 7 1 1 1 6 0 1 6 0 1 6 0 1 1 1 6 0 1 1 3 1 3 1 3 1 3 1 3 1 1 1 1 5 0 1 1 1 1 1 1 1 1 1 1 1 1 1 1 1 1 7 1 1 1 1 1 1 1 1 1 1 1 1 3 1 1 1 1 1 1 1 1 1 1 1 1 1 1 1 1 1 1 1 1 1 1 1 1 1 1 1 1 1 1 1 1 1 1 7 1 1 1 1 1 1 1 100 1 100 1 1
staticfield java/lang/Double TYPE Ljava/lang/Class; java/lang/Class
ciInstanceKlass java/lang/Byte 1 1 213 7 1 100 1 10 7 12 1 1 1 9 12 1 1 8 1 9 12 1 1 7 1 10 12 1 1 10 12 1 1 10 100 12 1 1 1 10 100 12 1 1 1 9 7 12 1 1 1 10 12 1 1 7 1 7 1 10 12 1 1 8 1 10 12 1 1 8 1 10 12 1 10 12 1 10 12 1 10 12 1 1 10 12 1 10 12 1 10 12 1 1 10 8 1 8 1 10 7 1 9 12 1 1 10 12 1 1 10 12 1 1 10 12 1 1 10 12 1 5 0 10 12 1 1 8 1 10 7 12 1 1 1 9 12 1 1 7 1 7 1 1 1 3 1 3 1 1 1 1 3 1 3 1 1 5 0 1 1 1 1 1 1 1 1 1 1 1 1 1 1 1 1 1 1 1 1 1 1 1 1 1 1 1 1 1 1 1 1 1 1 1 1 1 1 1 1 1 1 1 1 1 1 1 1 1 1 1 1 1 1 1 1
staticfield java/lang/Byte TYPE Ljava/lang/Class; java/lang/Class
ciInstanceKlass java/lang/Short 1 1 222 7 1 7 1 100 1 10 7 12 1 1 1 10 12 1 1 7 1 7 1 10 12 1 1 8 1 10 12 1 1 8 1 10 12 1 10 12 1 10 12 1 10 12 1 1 10 12 1 1 10 12 1 9 12 1 1 8 1 9 12 1 1 7 1 10 12 1 1 10 12 1 10 100 12 1 1 1 10 100 12 1 1 1 9 7 12 1 1 1 10 12 1 10 12 1 1 10 8 1 8 1 10 7 1 9 12 1 1 10 12 1 1 10 12 1 1 10 12 1 1 10 12 1 3 3 5 0 10 12 1 1 8 1 10 7 12 1 1 1 9 12 1 1 7 1 7 1 1 1 3 1 3 1 1 1 1 3 1 3 1 1 5 0 1 1 1 1 1 1 1 1 1 1 1 1 1 1 1 1 1 1 1 1 1 1 1 1 1 1 1 3 1 1 1 1 1 1 1 1 1 1 1 1 1 1 1 1 1 1 1 1 1 1 1 1 1 1 1 1 1 1
staticfield java/lang/Short TYPE Ljava/lang/Class; java/lang/Class
ciInstanceKlass java/lang/Long 1 1 524 7 1 7 1 7 1 7 1 10 12 1 1 9 12 1 1 9 7 12 1 1 1 10 100 12 1 1 1 10 12 1 1 10 100 12 1 1 1 10 10 12 10 12 1 10 12 1 10 12 1 5 0 5 0 7 1 10 12 1 1 10 12 1 1 10 12 1 10 12 1 10 12 1 10 12 1 1 10 100 12 1 1 10 12 1 10 12 1 1 10 12 1 1 10 12 1 1 10 12 1 1 10 7 12 1 1 1 10 12 1 1 10 12 1 10 12 1 10 12 1 10 12 1 1 10 10 12 1 5 0 5 0 9 12 1 1 9 12 1 5 0 7 1 8 1 10 12 1 8 1 10 12 1 8 1 8 1 10 12 1 1 5 0 10 12 1 1 5 0 10 12 1 1 10 12 1 1 10 100 12 1 1 1 11 7 1 10 12 1 1 11 10 12 1 1 8 1 10 12 1 1 8 1 7 1 10 12 1 1 10 12 1 8 1 8 1 11 12 1 1 10 12 1 10 12 1 10 12 1 5 0 5 0 9 7 12 1 1 1 10 12 1 10 12 1 1 8 1 8 1 10 12 1 1 8 1 8 1 8 1 8 1 8 1 8 1 10 12 1 10 7 1 9 12 1 1 10 12 1 10 12 1 1 10 12 1 1 10 7 12 1 1 1 100 1 100 1 10 12 1 1 10 12 1 1 5 0 10 12 1 10 12 1 5 0 5 0 5 0 10 12 1 1 10 12 1 5 0 5 0 10 12 1 10 12 1 10 100 12 1 1 1 10 12 1 1 10 12 1 1 8 1 10 7 12 1 1 1 9 12 1 1 7 1 7 1 7 1 1 1 1 5 0 1 1 1 1 3 1 3 1 5 0 1 1 1 1 1 1 1 1 1 100 1 1 1 1 1 1 1 1 1 1 1 1 1 1 1 1 1 1 1 1 1 1 1 1 1 1 1 1 1 1 1 1 1 1 1 1 1 1 1 1 1 1 1 1 1 1 1 1 1 1 1 1 1 1 1 3 1 1 1 1 1 1 1 1 1 1 1 1 1 1 1 7 1 1 1 1 1 1 1 1 1 1 1 1 1 1 1 1 1 1 1 1 1 1 1 1 1 1 1 1 1 1 1 1 1 1 1 1 1 1 1 1 1 1 1 7 1 1 1 1 1 1 1 1 1 100 1 100 1 1
staticfield java/lang/Long TYPE Ljava/lang/Class; java/lang/Class
ciInstanceKlass jdk/internal/vm/vector/VectorSupport 0 0 573 100 1 10 100 12 1 1 1 9 12 1 1 10 12 1 1 100 1 10 12 1 11 100 12 1 1 1 11 100 12 1 1 1 11 100 12 1 1 11 100 12 1 1 11 100 12 1 1 1 11 100 12 1 1 11 100 12 1 1 11 100 12 1 1 11 100 12 1 1 11 100 12 1 1 11 100 12 1 1 11 100 12 1 1 1 11 100 12 1 1 11 100 12 1 1 1 11 100 12 1 1 1 11 100 12 1 1 11 100 12 1 1 1 11 100 12 1 1 100 1 10 12 1 1 11 100 12 1 1 11 100 12 1 1 11 100 12 1 1 11 100 12 1 1 11 100 12 1 1 11 100 12 1 1 9 12 1 1 10 100 12 1 1 11 100 12 1 1 10 12 1 1 10 100 12 1 1 1 10 12 1 10 12 1 1 10 12 1 1 1 1 1 3 1 3 1 3 1 3 1 3 1 3 1 3 1 3 1 3 1 3 1 3 1 3 1 3 1 3 1 3 1 3 1 3 1 3 1 3 1 3 1 3 1 3 1 3 1 3 1 3 1 3 1 3 1 3 1 3 1 3 1 3 1 3 1 3 1 3 1 3 1 3 1 3 1 3 1 3 1 3 1 3 1 3 1 3 1 3 1 3 1 3 1 3 1 3 1 3 1 3 1 3 1 3 1 3 1 1 1 1 1 1 1 1 1 1 1 1 1 1 1 1 1 1 1 1 1 1 1 1 1 1 1 1 1 1 1 1 1 1 1 1 1 1 1 1 1 1 1 1 1 1 1 1 1 1 1 1 1 1 1 1 1 1 1 1 1 1 1 1 1 1 1 1 1 1 1 1 1 1 1 1 1 1 1 1 1 1 1 1 1 1 1 1 1 1 1 1 1 1 1 1 1 1 1 1 1 1 1 1 1 1 1 1 1 1 1 1 1 1 1 1 1 1 1 1 1 1 1 1 1 1 1 1 1 1 1 1 1 1 1 1 1 1 1 1 1 1 1 1 1 1 1 1 1 1 1 1 1 1 1 1 1 1 1 1 1 1 1 1 1 1 1 1 1 1 1 1 1 1 1 1 1 1 1 1 1 1 1 1 1 1 1 1 1 1 1 1 1 1 1 1 1 1 1 1 1 1 1 1 1 1 1 1 1 1 1 1 1 1 1 1 1 1 1 1 1 1 1 1 1 1 1 1 1 1 1 1 1 1 1 100 1 100 1 100 1 100 1 100 1 1 1 1 1 1 1 1 1 1 1 1 1 1 1 1 1 1 1 1 1 1 1 1 1 1 1 1 1 1 1
instanceKlass jdk/internal/vm/vector/VectorSupport$VectorShuffle
instanceKlass jdk/internal/vm/vector/VectorSupport$VectorMask
instanceKlass jdk/internal/vm/vector/VectorSupport$Vector
ciInstanceKlass jdk/internal/vm/vector/VectorSupport$VectorPayload 0 0 32 10 100 12 1 1 1 9 100 12 1 1 1 10 100 12 1 1 1 1 1 1 1 1 1 1 1 1 1 1 1 1
ciInstanceKlass jdk/internal/vm/vector/VectorSupport$Vector 0 0 28 10 100 12 1 1 1 100 1 1 1 1 1 1 1 1 1 1 1 1 1 1 1 100 1 1 1 1
ciInstanceKlass jdk/internal/vm/vector/VectorSupport$VectorMask 0 0 28 10 100 12 1 1 1 100 1 1 1 1 1 1 1 1 1 1 1 1 1 1 1 100 1 1 1 1
ciInstanceKlass jdk/internal/vm/vector/VectorSupport$VectorShuffle 0 0 28 10 100 12 1 1 1 100 1 1 1 1 1 1 1 1 1 1 1 1 1 1 1 100 1 1 1 1
ciInstanceKlass jdk/internal/vm/FillerObject 0 0 16 10 100 12 1 1 1 100 1 1 1 1 1 1 1 1
instanceKlass java/lang/ref/PhantomReference
instanceKlass java/lang/ref/FinalReference
instanceKlass java/lang/ref/WeakReference
instanceKlass java/lang/ref/SoftReference
ciInstanceKlass java/lang/ref/Reference 1 1 190 9 7 12 1 1 1 9 7 12 1 1 10 12 1 1 10 12 1 1 9 12 1 1 10 12 1 1 9 12 1 1 9 12 1 1 7 1 10 12 1 10 7 12 1 1 10 12 1 10 12 1 1 10 12 1 7 1 8 1 10 12 1 1 7 1 10 12 1 1 10 12 1 1 10 12 1 9 12 1 10 12 1 1 10 12 1 10 12 1 9 12 1 7 1 100 1 10 12 9 12 1 9 12 1 100 1 10 10 12 1 10 10 7 12 1 1 7 1 10 10 7 12 1 1 1 1 1 1 1 1 1 1 1 1 1 1 1 1 1 1 1 7 1 1 1 100 1 1 1 1 1 1 1 1 1 1 1 1 1 1 1 1 1 1 1 1 1 1 1 1 1 1 1 1 1 1 1 1 1 1 1 7 1 7 1 7 1 1 1
staticfield java/lang/ref/Reference processPendingLock Ljava/lang/Object; java/lang/Object
staticfield java/lang/ref/Reference $assertionsDisabled Z 1
instanceKlass org/eclipse/sisu/inject/MildElements$Soft
instanceKlass java/io/ClassCache$CacheRef
instanceKlass org/eclipse/sisu/inject/MildKeys$Soft
instanceKlass org/eclipse/core/internal/registry/ReferenceMap$SoftRef
instanceKlass sun/util/locale/provider/LocaleResources$ResourceReference
instanceKlass sun/util/resources/Bundles$BundleReference
instanceKlass java/util/ResourceBundle$BundleReference
instanceKlass sun/security/util/MemoryCache$SoftCacheEntry
instanceKlass sun/util/locale/LocaleObjectCache$CacheEntry
instanceKlass java/lang/invoke/LambdaFormEditor$Transform
ciInstanceKlass java/lang/ref/SoftReference 1 1 47 10 7 12 1 1 1 9 7 12 1 1 1 9 12 1 10 12 1 10 12 1 1 1 1 1 1 1 1 1 1 1 1 1 1 1 1 1 1 1 1 100 1 1 1 1 1
instanceKlass jdk/internal/jimage/ImageBufferCache$BufferReference
instanceKlass org/eclipse/jdt/internal/core/util/WeakHashSetOfCharArray$HashableWeakReference
instanceKlass org/eclipse/jdt/internal/core/util/WeakHashSet$HashableWeakReference
instanceKlass org/eclipse/sisu/inject/MildElements$Weak
instanceKlass com/google/common/collect/MapMakerInternalMap$AbstractWeakKeyEntry
instanceKlass com/google/common/cache/LocalCache$WeakEntry
instanceKlass org/eclipse/sisu/inject/MildKeys$Weak
instanceKlass com/sun/jna/CallbackReference
instanceKlass java/util/ResourceBundle$KeyElementReference
instanceKlass java/util/logging/LogManager$LoggerWeakRef
instanceKlass java/util/logging/Level$KnownLevel
instanceKlass org/eclipse/osgi/internal/container/KeyBasedLockStore$LockWeakRef
instanceKlass sun/nio/ch/FileLockTable$FileLockReference
instanceKlass java/lang/ClassValue$Entry
instanceKlass java/lang/ThreadLocal$ThreadLocalMap$Entry
instanceKlass java/lang/WeakPairMap$WeakRefPeer
instanceKlass jdk/internal/util/WeakReferenceKey
instanceKlass java/util/WeakHashMap$Entry
ciInstanceKlass java/lang/ref/WeakReference 1 1 31 10 7 12 1 1 1 10 12 1 100 1 1 1 1 1 1 1 1 1 1 1 1 1 1 1 1 1 1 1 1
instanceKlass java/lang/ref/Finalizer
ciInstanceKlass java/lang/ref/FinalReference 1 1 50 10 7 12 1 1 1 10 7 12 1 1 1 10 12 1 1 7 1 8 1 10 12 1 1 1 1 1 1 1 1 1 1 1 1 1 1 1 1 1 1 1 1 1 1 1 1 1 7 1
instanceKlass com/sun/jna/internal/Cleaner$CleanerRef
instanceKlass jdk/internal/ref/PhantomCleanable
instanceKlass jdk/internal/ref/Cleaner
ciInstanceKlass java/lang/ref/PhantomReference 1 1 39 10 100 12 1 1 1 10 7 12 1 1 1 1 1 1 1 1 1 1 1 1 1 1 1 1 1 1 1 1 1 1 1 1 1 1 1 1 1
ciInstanceKlass java/lang/ref/Finalizer 1 1 155 9 7 12 1 1 1 10 7 12 1 1 1 9 12 1 1 9 12 1 1 9 12 1 9 12 1 9 12 1 1 10 12 1 7 1 8 1 10 12 1 10 12 1 1 9 12 1 100 1 10 12 1 7 1 11 100 12 1 1 10 12 1 7 1 10 12 1 100 1 10 12 1 10 7 12 1 1 1 10 100 12 1 1 1 100 1 10 10 12 1 7 1 10 12 1 7 1 10 12 1 1 10 12 1 1 10 12 1 10 7 12 1 1 1 7 1 10 7 1 10 10 12 1 1 1 1 1 1 1 1 1 1 1 1 1 1 1 1 1 1 1 1 1 1 1 1 1 1 1 1 1 1 1 1
staticfield java/lang/ref/Finalizer lock Ljava/lang/Object; java/lang/Object
staticfield java/lang/ref/Finalizer ENABLED Z 1
staticfield java/lang/ref/Finalizer $assertionsDisabled Z 1
instanceKlass org/eclipse/jdt/internal/compiler/ast/LambdaExpression$CompatibilityResult
instanceKlass org/eclipse/jdt/internal/compiler/ast/Pattern$PrimitiveConversionRoute
instanceKlass org/eclipse/jdt/internal/compiler/lookup/TypeConstants$DangerousMethod
instanceKlass org/eclipse/jdt/internal/compiler/ast/MessageSend$AssertUtil
instanceKlass org/eclipse/jdt/internal/compiler/ast/NullAnnotationMatching$Severity
instanceKlass org/eclipse/jdt/internal/compiler/parser/Parser$CaseLabelKind
instanceKlass org/eclipse/jdt/internal/compiler/codegen/OperandStack$OperandCategory
instanceKlass org/eclipse/jdt/internal/compiler/ast/Annotation$AnnotationTargetAllowed
instanceKlass lombok/eclipse/agent/PatchDelegate$DelegateReceiver
instanceKlass org/eclipse/jdt/internal/compiler/lookup/TypeConstants$BoundCheckStatus
instanceKlass org/eclipse/jdt/internal/compiler/lookup/BinaryTypeBinding$ExternalAnnotationStatus
instanceKlass org/eclipse/jdt/internal/compiler/parser/Parser$LocalTypeKind
instanceKlass org/eclipse/jdt/internal/compiler/ast/TypeReference$AnnotationPosition
instanceKlass org/eclipse/jdt/internal/compiler/env/IModuleAwareNameEnvironment$LookupStrategy
instanceKlass org/eclipse/jdt/internal/compiler/lookup/Scope$MatchPhase
instanceKlass lombok/core/AST$Kind
instanceKlass lombok/eclipse/TransformationState
instanceKlass lombok/core/configuration/CapitalizationStrategy
instanceKlass lombok/core/configuration/NullCheckExceptionType
instanceKlass lombok/core/configuration/CallSuperType
instanceKlass lombok/core/configuration/FlagUsageType
instanceKlass org/eclipse/jdt/internal/compiler/ast/ExpressionContext
instanceKlass org/eclipse/jdt/internal/compiler/impl/JavaFeature
instanceKlass org/eclipse/jdt/internal/compiler/parser/Scanner$ScanContext
instanceKlass org/eclipse/osgi/container/Module$StopOptions
instanceKlass org/eclipse/jdt/internal/compiler/env/IUpdatableModule$UpdateKind
instanceKlass org/eclipse/jdt/internal/compiler/lookup/LookupEnvironment$CompleteTypeBindingsSteps
instanceKlass org/eclipse/jdt/internal/core/CompilationGroup
instanceKlass org/eclipse/jdt/internal/core/JavaModelManager$ArchiveValidity
instanceKlass org/eclipse/lsp4j/jsonrpc/messages/ResponseErrorCode
instanceKlass org/eclipse/lsp4j/WorkDoneProgressKind
instanceKlass org/eclipse/jdt/ls/core/internal/semantictokens/TokenModifier
instanceKlass org/eclipse/jdt/ls/core/internal/semantictokens/TokenType
instanceKlass org/eclipse/lsp4j/TextDocumentSyncKind
instanceKlass org/eclipse/jdt/ls/core/internal/preferences/Preferences$SearchScope
instanceKlass com/google/common/base/CaseFormat
instanceKlass org/eclipse/lsp4j/MessageType
instanceKlass java/nio/file/FileVisitResult
instanceKlass java/nio/file/FileTreeWalker$EventType
instanceKlass java/nio/file/FileVisitOption
instanceKlass org/eclipse/jdt/ls/core/internal/javafx/FXVersion
instanceKlass java/util/stream/MatchOps$MatchKind
instanceKlass org/eclipse/sisu/inject/QualifyingStrategy
instanceKlass com/google/inject/internal/InjectorImpl$JitLimitation
instanceKlass org/eclipse/sisu/bean/DeclaredMembers$View
instanceKlass com/google/inject/internal/Initializer$InjectableReferenceState
instanceKlass com/google/common/collect/MapMakerInternalMap$Strength
instanceKlass org/apache/maven/settings/building/SettingsProblem$Severity
instanceKlass org/eclipse/aether/metadata/Metadata$Nature
instanceKlass org/apache/maven/model/building/ModelProblem$Version
instanceKlass org/apache/maven/building/Problem$Severity
instanceKlass org/apache/maven/plugin/internal/DefaultPluginValidationManager$ValidationReportLevel
instanceKlass org/apache/maven/plugin/PluginValidationManager$IssueLocality
instanceKlass org/apache/maven/classrealm/ClassRealmRequest$RealmType
instanceKlass org/apache/maven/artifact/ArtifactScopeEnum
instanceKlass org/apache/maven/execution/ExecutionEvent$Type
instanceKlass com/google/inject/spi/InjectionPoint$Position
instanceKlass org/eclipse/lsp4j/DiagnosticTag
instanceKlass java/lang/annotation/ElementType
instanceKlass org/eclipse/lsp4j/PrepareSupportDefaultBehavior
instanceKlass org/eclipse/lsp4j/CompletionItemKind
instanceKlass org/eclipse/lsp4j/CompletionItemTag
instanceKlass org/eclipse/lsp4j/InsertTextMode
instanceKlass com/google/inject/internal/InternalFlags$ColorizeOption
instanceKlass com/google/inject/internal/InternalFlags$BytecodeGenOption
instanceKlass com/google/inject/internal/InternalFlags$NullableProvidesOption
instanceKlass com/google/inject/internal/InternalFlags$CustomClassLoadingOption
instanceKlass com/google/inject/internal/InternalFlags$IncludeStackTraceOption
instanceKlass com/google/inject/Key$NullAnnotationStrategy
instanceKlass org/eclipse/lsp4j/SymbolTag
instanceKlass org/eclipse/lsp4j/SymbolKind
instanceKlass sun/reflect/annotation/TypeAnnotation$TypeAnnotationTarget
instanceKlass org/eclipse/jdt/ls/core/internal/BuildWorkspaceStatus
instanceKlass com/google/inject/Stage
instanceKlass org/eclipse/sisu/space/BeanScanning
instanceKlass org/eclipse/jdt/ls/core/internal/ServiceStatus
instanceKlass com/google/common/base/Functions$IdentityFunction
instanceKlass com/google/common/collect/AbstractIterator$State
instanceKlass com/google/common/base/Predicates$ObjectPredicate
instanceKlass com/google/gson/ReflectionAccessFilter$FilterResult
instanceKlass com/google/common/base/AbstractIterator$State
instanceKlass com/google/gson/stream/JsonToken
instanceKlass com/google/gson/Strictness
instanceKlass com/google/gson/ToNumberPolicy
instanceKlass com/google/gson/FieldNamingPolicy
instanceKlass com/google/gson/LongSerializationPolicy
instanceKlass org/eclipse/buildship/core/internal/util/gradle/PublishedGradleVersions$LookupStrategy
instanceKlass org/eclipse/buildship/core/internal/CoreTraceScopes
instanceKlass org/eclipse/jdt/ls/core/internal/DiagnosticsState$ErrorLevel
instanceKlass javax/xml/catalog/CatalogFeatures$State
instanceKlass jdk/xml/internal/XMLSecurityManager$NameMap
instanceKlass jdk/xml/internal/XMLSecurityManager$Processor
instanceKlass jdk/xml/internal/XMLSecurityManager$Limit
instanceKlass com/sun/org/apache/xalan/internal/utils/XMLSecurityPropertyManager$Property
instanceKlass com/sun/org/apache/xalan/internal/utils/FeaturePropertyBase$State
instanceKlass jdk/xml/internal/JdkProperty$ImplPropMap
instanceKlass jdk/xml/internal/JdkXmlFeatures$XmlFeature
instanceKlass org/eclipse/jdt/ls/core/internal/preferences/CodeGenerationTemplate
instanceKlass org/eclipse/jdt/ls/core/internal/handlers/ProjectEncodingMode
instanceKlass org/eclipse/jdt/ls/core/internal/handlers/InlayHintsParameterMode
instanceKlass org/eclipse/jdt/ls/core/internal/handlers/CompletionGuessMethodArgumentsMode
instanceKlass org/eclipse/jdt/ls/core/internal/handlers/CompletionMatchCaseMode
instanceKlass org/eclipse/jdt/ls/core/internal/preferences/Preferences$FeatureStatus
instanceKlass org/eclipse/jdt/ls/core/internal/preferences/Preferences$Severity
instanceKlass lombok/eclipse/agent/PatchDelegate$DelegateReceiver
instanceKlass ch/qos/logback/core/spi/FilterReply
instanceKlass org/apache/maven/model/building/ModelProblem$Severity
instanceKlass com/google/common/cache/LocalCache$EntryFactory
instanceKlass com/google/common/cache/CacheBuilder$NullListener
instanceKlass com/google/common/cache/CacheBuilder$OneWeigher
instanceKlass com/google/common/cache/LocalCache$Strength
instanceKlass java/math/RoundingMode
instanceKlass org/eclipse/m2e/core/internal/preferences/ProblemSeverity
instanceKlass org/eclipse/m2e/core/lifecyclemapping/model/PluginExecutionAction
instanceKlass org/slf4j/helpers/Reporter$Level
instanceKlass org/slf4j/helpers/Reporter$TargetChoice
instanceKlass ch/qos/logback/classic/spi/Configurator$ExecutionStatus
instanceKlass org/apache/felix/scr/impl/inject/field/FieldHandler$METHOD_TYPE
instanceKlass java/security/DrbgParameters$Capability
instanceKlass java/nio/file/StandardCopyOption
instanceKlass java/time/format/TextStyle
instanceKlass java/time/format/DateTimeFormatterBuilder$SettingsParser
instanceKlass java/time/format/ResolverStyle
instanceKlass java/time/format/SignStyle
instanceKlass java/time/temporal/JulianFields$Field
instanceKlass java/time/temporal/IsoFields$Unit
instanceKlass java/time/temporal/IsoFields$Field
instanceKlass org/apache/felix/scr/impl/inject/ValueUtils$ValueType
instanceKlass org/apache/felix/scr/impl/manager/RegistrationManager$RegState
instanceKlass org/apache/felix/scr/impl/manager/AbstractComponentManager$State
instanceKlass org/osgi/util/promise/PromiseFactory$Option
instanceKlass org/apache/felix/scr/impl/metadata/ReferenceMetadata$ReferenceScope
instanceKlass org/apache/felix/scr/impl/metadata/ServiceMetadata$Scope
instanceKlass org/apache/felix/scr/impl/metadata/DSVersion
instanceKlass com/sun/org/apache/xerces/internal/impl/XMLScanner$NameType
instanceKlass com/sun/org/apache/xerces/internal/util/Status
instanceKlass javax/xml/catalog/CatalogFeatures$Feature
instanceKlass com/sun/org/apache/xerces/internal/utils/XMLSecurityPropertyManager$Property
instanceKlass com/sun/org/apache/xerces/internal/utils/XMLSecurityPropertyManager$State
instanceKlass com/sun/org/apache/xerces/internal/utils/XMLSecurityManager$NameMap
instanceKlass jdk/xml/internal/JdkProperty$State
instanceKlass com/sun/org/apache/xerces/internal/utils/XMLSecurityManager$Limit
instanceKlass org/apache/felix/scr/impl/logger/InternalLogger$Level
instanceKlass sun/util/locale/provider/LocaleProviderAdapter$Type
instanceKlass java/util/Locale$Category
instanceKlass java/lang/StackStreamFactory$WalkerState
instanceKlass java/lang/StackWalker$ExtendedOption
instanceKlass java/lang/StackWalker$Option
instanceKlass aQute/bnd/header/Attrs$Type
instanceKlass org/apache/aries/spifly/ProviderBundleTrackerCustomizer$DiscoveryMode
instanceKlass org/eclipse/osgi/container/Module$StartOptions
instanceKlass org/eclipse/osgi/container/ModuleContainerAdaptor$ContainerEvent
instanceKlass org/eclipse/osgi/report/resolution/ResolutionReport$Entry$Type
instanceKlass java/util/Comparators$NaturalOrderComparator
instanceKlass org/apache/felix/resolver/PermutationType
instanceKlass org/eclipse/osgi/container/ModuleDatabase$Sort
instanceKlass org/eclipse/osgi/container/Module$Settings
instanceKlass org/eclipse/osgi/container/ModuleContainerAdaptor$ModuleEvent
instanceKlass org/eclipse/osgi/storage/ContentProvider$Type
instanceKlass org/eclipse/osgi/container/Module$State
instanceKlass org/osgi/service/log/LogLevel
instanceKlass sun/util/logging/PlatformLogger$Level
instanceKlass jdk/internal/logger/BootstrapLogger$LoggingBackend
instanceKlass java/lang/reflect/ProxyGenerator$PrimitiveTypeInfo
instanceKlass java/lang/annotation/RetentionPolicy
instanceKlass java/nio/file/AccessMode
instanceKlass java/nio/file/attribute/PosixFilePermission
instanceKlass jdk/internal/icu/util/CodePointTrie$ValueWidth
instanceKlass jdk/internal/icu/util/CodePointTrie$Type
instanceKlass java/text/Normalizer$Form
instanceKlass java/time/temporal/ChronoUnit
instanceKlass java/time/temporal/ChronoField
instanceKlass sun/security/util/DisabledAlgorithmConstraints$Constraint$Operator
instanceKlass java/lang/System$Logger$Level
instanceKlass sun/security/rsa/RSAUtil$KeyType
instanceKlass sun/security/util/KnownOIDs
instanceKlass lombok/patcher/StackRequest
instanceKlass java/util/regex/Pattern$Qtype
instanceKlass java/lang/invoke/MethodHandleImpl$ArrayAccess
instanceKlass java/util/zip/ZipCoder$Comparison
instanceKlass java/nio/file/LinkOption
instanceKlass sun/nio/fs/WindowsPathType
instanceKlass java/nio/file/StandardOpenOption
instanceKlass java/util/stream/Collector$Characteristics
instanceKlass java/util/concurrent/TimeUnit
instanceKlass java/util/stream/StreamShape
instanceKlass java/lang/invoke/MethodHandles$Lookup$ClassOption
instanceKlass java/lang/invoke/VarHandle$AccessType
instanceKlass java/lang/invoke/VarHandle$AccessMode
instanceKlass java/lang/invoke/MethodHandleImpl$Intrinsic
instanceKlass java/lang/invoke/LambdaForm$BasicType
instanceKlass java/lang/invoke/LambdaForm$Kind
instanceKlass sun/invoke/util/Wrapper
instanceKlass java/util/stream/StreamOpFlag$Type
instanceKlass java/util/stream/StreamOpFlag
instanceKlass java/io/File$PathStatus
instanceKlass java/lang/module/ModuleDescriptor$Requires$Modifier
instanceKlass java/lang/reflect/AccessFlag$Location
instanceKlass java/lang/reflect/AccessFlag
instanceKlass java/lang/module/ModuleDescriptor$Modifier
instanceKlass java/lang/reflect/ClassFileFormatVersion
instanceKlass java/lang/Thread$State
ciInstanceKlass java/lang/Enum 1 1 204 9 7 12 1 1 1 9 12 1 1 10 7 12 1 1 1 9 12 1 10 7 12 1 1 1 100 1 10 10 12 1 1 10 12 1 7 1 10 10 7 12 1 1 10 12 1 1 18 12 1 1 10 100 12 1 1 1 10 12 1 1 11 7 12 1 1 1 100 1 8 1 10 12 1 100 1 7 1 10 8 1 10 12 1 1 10 12 1 1 8 1 10 12 1 10 100 1 8 1 10 10 12 1 1 10 100 12 1 1 1 7 1 7 1 7 1 1 1 1 1 1 1 1 1 1 1 1 1 1 1 1 1 1 1 1 1 1 1 1 1 1 1 1 1 1 1 1 1 1 1 1 1 1 1 1 1 1 1 1 1 1 1 3 1 1 1 1 100 1 7 1 1 100 1 1 1 1 1 1 1 1 1 1 1 16 15 10 12 16 15 10 100 12 1 1 1 1 1 100 1 100 1 1
ciInstanceKlass java/lang/reflect/Method 1 1 472 9 7 12 1 1 1 10 7 12 1 1 1 10 7 12 1 1 9 12 1 1 10 12 1 1 10 12 1 1 10 7 12 1 1 10 7 12 1 1 1 9 12 1 1 9 12 1 9 12 1 1 9 12 1 9 12 1 9 12 1 1 9 12 1 9 12 1 1 9 12 1 9 12 1 9 12 1 1 100 1 8 1 10 12 1 10 12 1 9 12 1 1 8 1 10 7 12 1 1 10 7 12 1 1 1 10 12 1 1 10 12 1 1 10 12 1 10 12 1 1 10 12 1 1 9 7 12 1 1 1 10 12 1 1 10 12 10 7 12 1 1 10 12 1 1 10 12 1 10 12 1 10 12 1 10 7 12 1 1 1 10 12 1 1 10 7 1 10 7 12 1 1 1 10 7 12 1 1 10 12 1 1 10 12 1 1 10 12 1 10 7 12 1 1 1 10 12 1 10 8 1 10 12 1 10 12 1 7 1 8 1 8 1 8 1 10 12 1 10 12 1 1 10 12 1 1 10 10 12 1 1 10 12 1 11 7 1 10 12 1 9 12 1 1 10 12 1 1 10 12 1 10 12 1 1 10 12 1 1 11 7 12 1 1 1 11 12 1 9 12 1 1 10 12 1 10 12 1 10 12 1 10 12 1 10 12 1 10 12 1 9 12 1 1 10 7 12 1 1 1 10 7 12 1 1 10 12 1 1 10 7 12 1 1 1 10 7 12 1 1 1 10 7 12 1 1 1 11 7 12 1 1 1 10 7 12 1 1 1 7 1 100 1 100 1 10 12 1 10 12 1 1 10 12 1 100 1 8 1 10 12 1 10 10 12 1 1 10 12 1 1 10 12 1 1 10 12 1 1 8 1 10 12 1 1 1 1 1 1 1 1 1 1 1 1 1 1 1 1 1 1 1 1 1 1 1 1 1 1 1 1 1 1 1 1 1 1 1 1 1 1 1 1 1 1 1 1 1 1 1 1 1 1 1 1 1 100 1 7 1 7 1 1 1 1 1 1 1 1 1 1 1 1 1 1 1 1 1 1 1 1 1 1 1 1 1 1 1 1 1 1
ciInstanceKlass java/lang/reflect/Field 1 1 457 9 7 12 1 1 1 10 12 1 1 10 7 12 1 1 1 10 7 12 1 1 9 12 1 1 10 12 1 1 10 12 1 1 10 7 12 1 1 10 7 12 1 1 1 9 12 1 1 9 12 1 9 12 1 9 12 1 1 9 12 1 1 9 12 1 9 12 1 1 9 12 1 1 100 1 8 1 10 12 1 10 12 1 9 12 1 1 9 12 1 10 12 1 10 7 12 1 1 10 12 1 1 10 12 1 1 10 12 1 10 12 1 1 9 100 12 1 1 1 10 100 12 1 1 1 7 1 10 12 1 1 10 12 1 1 10 12 1 1 10 12 1 10 12 1 10 7 1 10 7 12 1 1 7 1 10 8 1 10 12 1 1 10 12 1 1 8 1 10 12 10 12 1 8 1 8 1 10 11 7 1 9 12 1 10 12 1 1 10 12 1 1 11 7 12 1 1 1 10 12 1 11 12 1 1 11 12 1 1 11 12 1 1 11 12 1 1 11 12 1 1 11 12 1 1 11 12 1 1 11 12 1 1 11 12 1 1 11 12 1 1 11 12 1 1 11 12 1 1 11 12 1 1 11 12 1 1 11 12 1 1 11 12 1 1 11 12 1 1 10 12 1 10 7 12 1 1 10 12 1 10 12 1 10 12 1 9 12 1 1 10 7 12 1 1 1 10 12 1 1 10 12 1 10 7 12 1 1 10 12 1 1 11 7 1 10 12 1 7 1 10 100 12 1 1 1 10 7 12 1 1 1 9 12 1 10 7 12 1 1 1 11 7 12 1 1 1 10 12 1 1 10 12 1 1 9 7 12 1 1 10 7 12 1 1 1 10 12 1 1 7 1 1 1 1 1 1 1 1 1 1 1 1 1 1 1 1 1 1 1 1 1 1 1 1 1 1 1 1 1 1 1 1 1 1 1 1 1 1 1 100 1 1 1 1 1 1 1 1 1 1 1 1 1 1 1 1 1 1 1 1 1 1 1 1 1 1 1 1 1 1 1 1 7 1 1 1 1 1 1 1 1 1 100 1 1
ciInstanceKlass java/lang/reflect/Parameter 1 1 243 10 7 12 1 1 1 9 7 12 1 1 1 9 12 1 1 9 12 1 1 9 12 1 10 12 1 1 10 12 1 1 10 7 12 1 1 1 7 1 10 10 12 1 1 11 7 12 1 1 1 10 12 1 10 100 12 1 1 1 10 12 1 1 10 12 1 10 12 1 8 1 8 1 10 7 12 1 1 1 10 12 1 10 12 9 100 12 1 1 1 10 100 12 1 1 1 10 12 1 8 1 10 12 1 9 12 1 1 10 12 1 1 9 12 1 1 10 12 1 1 10 12 1 1 10 12 1 1 10 12 1 10 10 12 1 10 100 12 1 1 1 10 12 1 1 11 7 12 1 1 10 7 12 1 1 7 1 10 100 12 1 1 1 10 12 1 1 10 12 1 1 10 12 1 1 10 12 1 1 9 12 1 100 1 10 11 12 1 1 11 12 1 1 7 1 1 1 1 1 1 1 1 1 1 1 1 1 1 1 1 1 1 1 1 1 1 1 1 1 1 1 1 1 1 1 1 1 1 1 1 1 1 1 1 1 100 1 1 1 1 1 1
ciInstanceKlass java/lang/reflect/RecordComponent 1 1 196 10 7 12 1 1 1 9 7 12 1 1 1 9 12 1 1 9 12 1 10 12 1 1 10 12 1 1 10 100 12 1 1 1 10 12 1 1 9 12 1 1 10 12 1 1 10 12 1 1 10 12 1 10 100 12 1 1 10 100 12 1 1 9 12 1 1 10 100 12 1 1 1 11 100 12 1 1 1 10 9 100 12 1 1 1 10 100 12 1 1 1 9 12 1 1 10 100 12 1 1 1 10 12 1 1 11 7 12 1 1 10 7 12 1 1 7 1 9 12 1 9 12 1 1 9 12 1 10 100 12 1 1 1 10 12 1 1 10 12 1 1 7 1 10 10 12 1 10 12 1 1 8 1 10 12 1 10 12 1 9 12 1 7 1 1 1 1 1 1 1 1 1 1 1 1 1 1 1 1 1 1 1 1 1 1 7 1 1 1 1 1 1 100 1 1
ciInstanceKlass java/lang/StringBuffer 1 1 483 10 7 12 1 1 1 10 12 1 10 12 1 10 12 1 1 9 7 12 1 1 1 10 12 1 1 10 12 1 10 12 1 1 9 12 1 1 10 12 1 10 12 1 1 10 12 1 1 10 12 1 10 12 1 1 10 12 1 10 12 1 1 10 12 1 1 10 7 12 1 1 1 10 12 1 1 10 12 1 10 12 1 10 12 1 10 12 1 10 12 1 10 12 1 10 12 1 10 12 1 10 12 1 10 12 1 10 12 1 10 12 1 10 12 1 10 12 1 1 10 12 1 10 12 1 1 10 12 1 1 10 10 12 1 1 10 12 1 10 12 1 10 12 1 10 12 1 10 12 1 10 12 1 10 12 10 12 1 10 12 1 10 12 1 10 12 1 1 10 12 1 10 12 1 10 10 12 1 1 10 12 1 10 12 1 10 12 1 10 10 100 12 1 1 1 10 10 12 1 1 9 12 1 1 10 100 12 1 1 10 100 1 8 10 100 12 1 1 1 8 10 12 1 8 1 10 12 1 10 12 1 10 100 12 1 1 1 10 100 12 1 1 1 7 1 10 12 100 1 8 1 10 10 12 1 1 10 12 1 1 10 12 1 10 12 1 10 12 1 1 10 12 1 10 12 1 10 12 1 10 12 1 10 12 1 10 12 10 12 1 10 12 1 10 12 1 10 12 1 10 12 1 10 12 1 10 12 1 10 12 1 10 12 1 10 12 1 10 12 10 12 10 12 1 10 12 1 10 12 1 10 12 10 12 1 10 12 1 10 12 1 10 12 1 10 12 1 10 12 1 10 12 1 10 12 1 10 12 1 10 12 1 10 12 1 7 1 10 12 1 9 7 12 1 1 1 9 7 1 9 12 1 1 7 1 7 1 7 1 7 1 1 1 1 5 0 1 1 1 1 1 1 1 1 1 1 1 1 1 1 1 1 1 1 1 1 1 1 1 1 1 1 1 1 1 1 1 1 1 1 1 1 1 1 1 1 1 1 1 1 1 1 1 1 1 1 1 1 1 1 1 1 1 1 1 1 1 100 1 1 1 1 1 7 1 1 1 1 1 1 1 1 1 1 1 1 1 1 1 1 1 1
staticfield java/lang/StringBuffer serialPersistentFields [Ljava/io/ObjectStreamField; 3 [Ljava/io/ObjectStreamField;
instanceKlass jdk/internal/loader/BuiltinClassLoader
instanceKlass java/net/URLClassLoader
ciInstanceKlass java/security/SecureClassLoader 1 1 102 10 7 12 1 1 1 7 1 10 12 1 9 7 12 1 1 1 10 12 1 10 12 1 10 12 1 1 10 12 1 1 10 12 1 7 1 10 7 1 10 12 1 7 1 10 12 1 11 7 12 1 1 1 7 1 11 12 1 10 12 1 1 1 1 1 1 1 1 1 1 1 1 1 1 1 1 1 1 1 1 1 1 1 1 1 1 1 1 1 1 1 1 1 1 1 1 100 1 1 1 1
instanceKlass jdk/internal/jrtfs/JrtFileSystemProvider$JrtFsLoader
instanceKlass org/codehaus/plexus/classworlds/realm/ClassRealm
instanceKlass org/eclipse/equinox/launcher/Main$StartupClassLoader
ciInstanceKlass java/net/URLClassLoader 1 1 600 10 7 12 1 1 1 7 1 10 12 1 9 7 12 1 1 1 10 7 12 1 1 1 9 12 1 1 7 1 10 12 1 9 12 1 1 10 12 1 10 10 12 1 10 7 12 1 1 1 10 12 1 1 10 7 12 1 1 1 10 7 12 1 1 1 7 1 10 12 1 1 10 12 1 1 10 12 1 1 100 1 100 1 10 7 12 1 1 1 100 1 8 1 10 12 1 10 7 12 1 1 1 10 12 1 1 10 12 1 1 11 100 12 1 1 1 11 7 12 1 1 1 11 12 1 1 7 1 11 12 1 11 7 12 1 1 10 12 1 11 12 1 11 12 1 1 11 10 12 1 1 10 12 1 1 10 12 1 1 7 1 10 12 1 10 12 1 1 7 1 100 1 10 12 1 1 7 1 10 10 12 1 1 10 7 12 1 1 10 12 1 100 1 7 1 10 8 1 10 12 1 1 8 1 10 12 1 1 10 10 12 1 8 1 8 1 10 12 1 1 10 7 12 1 1 1 10 7 12 1 1 1 10 12 1 1 10 12 1 1 10 12 1 1 10 12 1 10 12 1 100 1 100 1 8 1 10 12 1 10 12 1 1 10 12 1 1 7 1 10 12 1 10 7 12 1 1 1 10 12 1 1 10 12 1 1 10 12 1 1 10 12 1 10 7 12 1 1 1 10 12 1 1 8 1 10 12 1 1 11 7 12 1 1 1 9 7 12 1 1 1 10 7 12 1 1 1 9 12 1 9 12 1 9 12 1 9 12 1 9 12 1 9 12 1 10 7 12 1 1 1 8 1 10 12 1 1 7 1 10 10 12 1 10 12 1 1 10 12 1 1 7 1 10 12 1 10 12 1 1 10 12 1 10 12 1 1 7 1 10 7 12 1 1 9 7 12 1 1 1 10 12 1 8 1 100 1 8 1 10 12 1 10 12 1 8 1 10 12 1 10 12 1 9 12 1 1 10 100 12 1 1 10 12 1 10 12 1 10 100 1 8 1 10 100 1 10 12 1 10 7 12 1 100 1 10 12 1 10 12 1 100 1 10 10 7 12 1 1 1 1 1 1 1 1 1 1 1 1 1 1 1 1 1 1 1 1 1 1 1 1 1 1 1 1 1 1 1 1 1 1 1 1 1 7 1 100 1 7 1 7 1 1 1 1 1 1 1 1 1 1 1 1 1 1 1 1 1 1 1 1 1 1 1 1 1 1 1 1 1 1 1 1 1 1 1 1 1 1 1 1 1 1 1 1 1 1 100 1 1 1 1 1 1 1 1 1 1 1 1 1 1 1 1 1 1 1 1 1 1 1 1 1 1 1 1 1 1 1 1 1 1 1 1 1 100 1 1 1
ciInstanceKlass java/util/jar/Manifest 1 1 339 10 7 12 1 1 1 7 1 10 9 7 12 1 1 1 7 1 10 9 12 1 1 9 12 1 1 10 12 1 10 12 1 1 10 12 1 1 10 12 1 1 10 12 1 1 11 7 1 11 12 1 1 10 12 1 1 10 100 12 1 1 1 100 1 7 1 10 8 1 10 12 1 1 10 12 1 1 10 12 1 10 12 1 11 100 1 10 12 1 10 12 1 1 11 12 1 1 10 12 1 11 12 1 1 11 100 12 1 1 1 11 7 12 1 1 11 12 1 1 100 1 10 12 1 8 1 11 12 1 7 1 10 12 1 1 11 12 1 10 12 1 10 12 1 10 7 12 1 1 1 8 1 10 12 1 1 10 9 7 12 1 1 1 10 12 1 1 10 100 12 1 10 12 1 10 12 1 9 100 12 1 1 1 8 1 10 12 1 8 1 8 1 7 1 10 12 1 10 12 1 10 12 1 1 100 1 8 1 10 12 1 1 8 1 10 10 12 1 1 8 1 10 12 1 1 10 7 12 1 1 1 10 12 1 10 11 12 1 1 10 12 1 10 7 12 1 1 1 10 12 1 1 10 12 1 10 12 1 1 11 10 12 1 11 10 12 1 7 1 1 1 1 1 1 1 1 1 1 1 1 1 1 1 1 1 1 1 1 1 1 1 1 1 1 1 1 1 1 1 1 1 1 1 1 1 1 1 1 1 1 1 100 1 1 1 1 1 1 1 1 1 1 1 1 1 1 7 1 1 1 1 1 1 1 1 1 1 1
ciInstanceKlass java/io/ByteArrayInputStream 1 1 117 10 7 12 1 1 1 9 7 12 1 1 1 9 12 1 1 9 12 1 9 12 1 10 100 12 1 1 1 10 7 12 1 1 1 10 7 12 1 1 1 10 100 12 1 1 1 10 12 1 1 3 10 100 1 10 100 12 1 1 1 9 12 1 1 100 1 10 10 7 12 1 1 1 1 1 1 1 1 1 1 1 1 1 1 1 1 1 1 1 1 1 1 1 1 1 1 1 1 1 1 1 100 1 1 1 1 1 1 1 1 1 1 1 1 1 1
staticfield java/io/ByteArrayInputStream $assertionsDisabled Z 1
instanceKlass java/nio/DoubleBuffer
instanceKlass java/nio/FloatBuffer
instanceKlass java/nio/ShortBuffer
instanceKlass java/nio/CharBuffer
instanceKlass java/nio/IntBuffer
instanceKlass java/nio/LongBuffer
instanceKlass java/nio/ByteBuffer
ciInstanceKlass java/nio/Buffer 1 1 256 100 1 10 7 12 1 1 1 9 7 12 1 1 1 9 12 1 9 12 1 1 9 12 1 9 12 1 1 10 12 1 1 10 12 1 1 10 12 100 1 7 1 10 8 1 10 12 1 1 10 12 1 8 1 8 1 10 12 1 1 10 12 1 8 1 9 12 1 1 100 1 8 1 10 12 1 8 1 8 1 9 12 10 12 1 8 1 8 1 8 1 10 12 1 8 1 8 1 8 1 100 1 10 100 1 10 100 1 10 9 12 1 1 10 7 12 1 1 1 100 1 10 12 1 1 10 12 1 10 100 12 1 1 10 7 12 1 1 1 10 7 12 1 1 1 9 12 1 1 10 7 12 1 1 1 9 12 1 1 7 1 10 10 12 1 1 7 1 10 10 7 12 1 1 1 1 1 3 1 1 1 1 1 1 1 1 1 1 1 1 1 1 100 1 1 1 1 1 1 1 7 1 1 1 1 1 1 1 1 1 1 1 1 1 1 1 1 1 1 1 1 1 1 1 1 1 1 1 1 1 1 1 1 1 1 1 1 1 1 1 100 1 100 1 100 1 100 1 100 1 100 1 100 1 1
staticfield java/nio/Buffer UNSAFE Ljdk/internal/misc/Unsafe; jdk/internal/misc/Unsafe
staticfield java/nio/Buffer SCOPED_MEMORY_ACCESS Ljdk/internal/misc/ScopedMemoryAccess; jdk/internal/misc/ScopedMemoryAccess
staticfield java/nio/Buffer IOOBE_FORMATTER Ljava/util/function/BiFunction; jdk/internal/util/Preconditions$4
staticfield java/nio/Buffer $assertionsDisabled Z 1
instanceKlass com/google/common/collect/Lists$TransformingRandomAccessList
instanceKlass java/util/Collections$CopiesList
instanceKlass org/eclipse/osgi/internal/container/InternalUtils$CopyOnFirstWriteList
instanceKlass org/eclipse/osgi/internal/weaving/DynamicImportList
instanceKlass java/util/AbstractSequentialList
instanceKlass java/util/Collections$SingletonList
instanceKlass java/util/Vector
instanceKlass sun/security/jca/ProviderList$ServiceList
instanceKlass sun/security/jca/ProviderList$3
instanceKlass java/util/Arrays$ArrayList
instanceKlass java/util/ArrayList$SubList
instanceKlass java/util/Collections$EmptyList
instanceKlass java/util/ArrayList
ciInstanceKlass java/util/AbstractList 1 1 218 10 7 12 1 1 1 9 7 12 1 1 1 10 12 1 1 10 12 1 1 100 1 10 10 12 1 1 11 7 12 1 1 1 11 12 1 1 11 12 1 10 7 12 1 1 1 10 12 1 11 12 1 11 12 1 11 12 1 10 12 1 1 10 12 1 1 11 7 12 1 1 1 11 7 1 11 7 1 10 12 1 7 1 10 12 1 10 12 1 1 7 1 100 1 10 12 1 100 1 10 100 1 7 1 10 8 1 10 12 1 1 10 12 1 10 12 1 1 10 12 1 8 1 100 1 8 1 8 1 8 1 10 7 1 11 10 10 12 1 11 12 1 10 12 1 1 8 1 8 1 1 1 1 1 1 1 1 1 1 1 1 1 1 1 1 1 1 1 1 1 1 1 1 1 1 1 1 1 1 1 1 1 1 1 1 1 1 1 1 1 1 1 1 1 1 1 1 1 1 1 1 1 1 1 1 1 1 100 1 100 1 1 1 1 1 1 1
ciInstanceKlass java/lang/Iterable 1 1 62 10 7 12 1 1 1 11 7 12 1 1 1 11 7 12 1 1 1 11 12 1 1 11 7 12 1 1 1 10 100 12 1 1 1 100 1 1 1 1 1 1 1 1 1 1 1 1 1 1 1 1 1 1 1 1 1 1 1 1 1 1
ciInstanceKlass java/util/Collection 1 1 115 11 7 12 1 1 1 7 1 11 7 12 1 1 1 10 7 12 1 1 1 11 12 1 1 11 7 12 1 1 1 11 12 1 1 11 100 12 1 1 1 11 12 1 1 10 100 12 1 1 1 11 12 1 10 7 12 1 1 1 100 1 100 1 1 1 1 1 1 1 1 1 1 1 1 1 1 1 1 1 1 1 1 1 1 1 1 1 1 1 1 1 1 1 1 1 1 1 1 1 1 1 1 1 1 1 1 1 1 1 1 1 1 1 1
ciInstanceKlass java/util/SequencedCollection 1 1 109 100 1 10 12 1 1 11 7 12 1 1 1 11 7 12 1 1 1 11 12 1 1 11 12 1 7 1 7 1 1 1 1 1 1 1 1 1 1 1 1 1 1 1 1 1 1 1 1 1 1 1 1 1 1 1 1 1 100 1 8 1 1 12 10 1 1 1 8 1 1 1 8 1 1 1 8 1 1 1 8 1 1 8 1 1 1 8 1 1 8 1 1 1 8 1 1 8 1 1 1 8 1 1 8 1 1 8 1
ciInstanceKlass java/util/List 1 1 251 10 100 12 1 1 1 11 100 12 1 1 1 11 100 12 1 1 1 11 12 1 1 11 100 12 1 1 11 12 1 1 11 12 1 1 10 100 12 1 1 1 100 1 100 1 10 12 1 1 100 1 10 100 12 1 1 1 11 12 1 1 11 12 1 11 12 1 100 1 10 12 1 11 12 1 1 11 12 1 1 11 12 1 10 100 12 1 1 1 9 7 12 1 1 1 7 1 10 12 10 12 1 7 1 10 12 1 1 10 12 1 10 12 1 1 11 12 1 1 100 1 1 1 1 1 1 1 1 1 1 1 1 1 1 1 1 1 1 1 1 1 1 1 1 1 1 1 1 1 1 1 1 1 1 1 1 1 1 1 1 1 1 1 1 100 1 100 1 1 1 1 1 1 1 1 1 1 1 1 1 1 1 1 1 1 1 1 1 1 1 1 1 1 1 1 1 1 1 1 1 1 1 1 1 1 1 1 1 1 1 1 1 1 1 1 1 1 1 1 1 1 1 1 1 1 1 1 1 1 1 1 1 1 1 1 1 1 1 1 1 1 1 1 100 1 1 100 1 1 1
instanceKlass java/util/Hashtable$ValueCollection
instanceKlass org/eclipse/sisu/inject/MildElements
instanceKlass org/eclipse/sisu/inject/MildValues$1
instanceKlass com/google/common/collect/AbstractMapBasedMultimap$WrappedCollection
instanceKlass com/google/common/collect/Maps$Values
instanceKlass com/google/common/collect/AbstractMultimap$Values
instanceKlass com/google/common/collect/ImmutableCollection
instanceKlass org/apache/felix/resolver/util/ArrayMap$1
instanceKlass com/sun/jna/Structure$StructureSet
instanceKlass java/util/AbstractMap$2
instanceKlass java/util/TreeMap$Values
instanceKlass java/util/IdentityHashMap$Values
instanceKlass org/apache/felix/resolver/util/OpenHashMap$AbstractObjectCollection
instanceKlass org/eclipse/osgi/internal/container/NamespaceList$Builder
instanceKlass java/util/AbstractQueue
instanceKlass java/util/LinkedHashMap$LinkedValues
instanceKlass java/util/HashMap$Values
instanceKlass java/util/ArrayDeque
instanceKlass java/util/AbstractSet
instanceKlass java/util/ImmutableCollections$AbstractImmutableCollection
instanceKlass java/util/AbstractList
ciInstanceKlass java/util/AbstractCollection 1 1 160 10 7 12 1 1 1 10 7 12 1 1 1 10 12 1 1 11 7 12 1 1 1 11 12 1 1 10 12 1 1 10 100 12 1 1 1 10 12 1 1 10 12 1 1 10 7 12 1 1 10 7 12 1 1 1 7 1 10 7 12 1 1 1 10 100 12 1 1 1 100 1 10 11 12 1 11 7 1 10 12 1 10 12 1 10 100 12 1 1 1 11 8 1 7 1 10 10 12 1 1 8 1 10 12 1 10 12 1 1 1 1 1 1 1 1 1 1 1 1 1 1 1 1 1 1 1 1 1 1 1 1 1 1 1 1 1 1 1 1 1 1 1 1 1 1 1 1 1 1 1 1 1 1 1 1 1 1 1 1
ciInstanceKlass java/lang/AssertionStatusDirectives 0 0 24 10 100 12 1 1 1 100 1 1 1 1 1 1 1 1 1 1 1 1 1 1 1 1
instanceKlass org/eclipse/jdt/internal/compiler/flow/UnconditionalFlowInfo$AssertionFailedException
instanceKlass org/eclipse/jdt/internal/compiler/ast/LambdaExpression$1NotPertientToApplicability
instanceKlass org/eclipse/jdt/internal/compiler/ast/LambdaExpression$CopyFailureException
instanceKlass org/eclipse/jdt/internal/compiler/lookup/Scope$MethodClashException
instanceKlass lombok/core/AnnotationValues$AnnotationValueDecodeFail
instanceKlass org/eclipse/jdt/internal/core/builder/AbortIncrementalBuildException
instanceKlass org/eclipse/jdt/internal/core/search/matching/MatchLocator$WrappedCoreException
instanceKlass org/eclipse/jdt/internal/compiler/problem/ShouldNotImplement
instanceKlass java/nio/file/ProviderNotFoundException
instanceKlass java/nio/file/FileSystemAlreadyExistsException
instanceKlass java/nio/file/FileSystemNotFoundException
instanceKlass com/google/inject/internal/aop/GlueException
instanceKlass org/apache/maven/artifact/InvalidArtifactRTException
instanceKlass com/google/inject/OutOfScopeException
instanceKlass java/lang/annotation/IncompleteAnnotationException
instanceKlass org/eclipse/lsp4j/jsonrpc/JsonRpcException
instanceKlass org/eclipse/lsp4j/jsonrpc/MessageIssueException
instanceKlass com/google/inject/CreationException
instanceKlass com/google/inject/ConfigurationException
instanceKlass com/google/inject/ProvisionException
instanceKlass org/eclipse/lsp4j/jsonrpc/ResponseErrorException
instanceKlass com/google/gson/JsonParseException
instanceKlass java/io/UncheckedIOException
instanceKlass org/gradle/api/UncheckedIOException
instanceKlass org/eclipse/buildship/core/internal/GradlePluginsRuntimeException
instanceKlass com/sun/jna/LastErrorException
instanceKlass org/w3c/dom/DOMException
instanceKlass org/eclipse/text/edits/MalformedTreeException
instanceKlass org/eclipse/jdt/internal/codeassist/select/SelectionNodeFound
instanceKlass org/eclipse/jdt/internal/core/DeltaProcessor$1FoundRelevantDeltaException
instanceKlass org/eclipse/jdt/internal/codeassist/complete/InvalidCursorLocation
instanceKlass org/eclipse/jdt/internal/codeassist/complete/CompletionNodeFound
instanceKlass org/eclipse/jdt/internal/compiler/problem/AbortCompilation
instanceKlass org/eclipse/jdt/internal/compiler/lookup/SourceTypeCollisionException
instanceKlass org/eclipse/jdt/internal/core/builder/MissingSourceFileException
instanceKlass org/eclipse/jdt/internal/core/builder/ImageBuilderInternalException
instanceKlass java/lang/NegativeArraySizeException
instanceKlass org/eclipse/jdt/internal/core/ClasspathEntry$AssertionFailedException
instanceKlass com/google/common/cache/CacheLoader$InvalidCacheLoadException
instanceKlass com/google/common/util/concurrent/UncheckedExecutionException
instanceKlass ch/qos/logback/core/LogbackException
instanceKlass org/objectweb/asm/tree/UnsupportedClassVersionException
instanceKlass java/lang/reflect/UndeclaredThrowableException
instanceKlass org/eclipse/core/internal/events/BuildManager$JobManagerSuspendedException
instanceKlass org/eclipse/core/internal/localstore/IsSynchronizedVisitor$ResourceChangedException
instanceKlass org/eclipse/core/internal/dtree/ObjectNotFoundException
instanceKlass org/eclipse/core/internal/utils/WrappedRuntimeException
instanceKlass org/eclipse/core/runtime/OperationCanceledException
instanceKlass org/eclipse/equinox/internal/provisional/frameworkadmin/FrameworkAdminRuntimeException
instanceKlass org/osgi/util/promise/FailedPromisesException
instanceKlass java/lang/IllegalCallerException
instanceKlass org/eclipse/core/runtime/InvalidRegistryObjectException
instanceKlass org/eclipse/core/runtime/AssertionFailedException
instanceKlass org/osgi/service/component/ComponentException
instanceKlass java/util/MissingResourceException
instanceKlass org/osgi/framework/hooks/weaving/WeavingException
instanceKlass java/util/concurrent/RejectedExecutionException
instanceKlass java/util/ConcurrentModificationException
instanceKlass org/osgi/framework/ServiceException
instanceKlass java/lang/TypeNotPresentException
instanceKlass java/lang/IndexOutOfBoundsException
instanceKlass org/eclipse/osgi/framework/util/ThreadInfoReport
instanceKlass org/eclipse/osgi/storage/Storage$StorageException
instanceKlass java/util/NoSuchElementException
instanceKlass java/lang/SecurityException
instanceKlass java/lang/invoke/WrongMethodTypeException
instanceKlass java/lang/UnsupportedOperationException
instanceKlass java/lang/IllegalStateException
instanceKlass java/lang/IllegalArgumentException
instanceKlass java/lang/ArithmeticException
instanceKlass java/lang/NullPointerException
instanceKlass java/lang/IllegalMonitorStateException
instanceKlass java/lang/ArrayStoreException
instanceKlass java/lang/ClassCastException
ciInstanceKlass java/lang/RuntimeException 1 1 40 10 7 12 1 1 1 10 12 1 10 12 1 10 12 1 10 12 1 100 1 1 1 1 5 0 1 1 1 1 1 1 1 1 1 1 1 1 1 1
instanceKlass org/eclipse/jdt/internal/compiler/ast/Pattern$TestContextRecord
instanceKlass org/eclipse/jdt/internal/compiler/ast/SwitchStatement$SingletonBootstrap
instanceKlass org/eclipse/jdt/internal/compiler/parser/JavadocTagConstants$LevelTags
instanceKlass org/eclipse/jdt/internal/compiler/CompilerConfiguration
instanceKlass org/eclipse/jdt/internal/core/JarPackageFragmentRootInfo$PackageContent
instanceKlass org/eclipse/jdt/internal/core/JrtPackageFragmentRoot$JrtModuleKey
instanceKlass java/lang/reflect/Executable$ParameterData
instanceKlass java/nio/DirectByteBuffer$Deallocator
instanceKlass org/eclipse/jdt/internal/core/JavaModelManager$SecondaryTypesCache
instanceKlass org/eclipse/m2e/core/embedder/ArtifactRepositoryRef
instanceKlass org/eclipse/m2e/core/project/configurator/ProjectConfigurationRequest
instanceKlass org/eclipse/m2e/core/embedder/ArtifactKey
instanceKlass org/eclipse/m2e/core/embedder/MavenConfigurationChangeEvent
instanceKlass org/eclipse/m2e/core/embedder/MavenSettingsLocations
instanceKlass java/lang/reflect/Proxy$ProxyBuilder$ProxyClassContext
instanceKlass sun/security/pkcs/SignerInfo$AlgorithmInfo
instanceKlass jdk/internal/misc/ThreadTracker$ThreadRef
instanceKlass java/security/SecureClassLoader$CodeSourceKey
instanceKlass jdk/internal/module/ModuleReferenceImpl$CachedHash
instanceKlass java/util/stream/Collectors$CollectorImpl
instanceKlass jdk/internal/reflect/ReflectionFactory$Config
instanceKlass jdk/internal/foreign/abi/UpcallLinker$CallRegs
instanceKlass jdk/internal/foreign/abi/VMStorage
ciInstanceKlass java/lang/Record 1 1 22 10 7 12 1 1 1 100 1 1 1 1 1 1 1 1 1 1 1 1 1 1
ciInstanceKlass java/lang/invoke/MethodType 1 1 780 7 1 10 7 12 1 1 1 9 12 1 1 9 12 1 1 9 12 1 1 10 7 12 1 1 1 9 7 12 1 1 8 1 10 100 12 1 1 1 9 7 1 9 7 1 10 12 1 1 7 1 10 8 1 10 12 1 1 10 12 1 10 12 1 1 7 1 8 1 10 12 1 100 1 10 10 12 1 10 12 1 1 10 12 1 1 11 7 12 1 1 1 9 12 1 11 12 1 1 7 10 12 1 1 10 12 1 1 7 1 7 1 10 7 12 1 1 1 10 12 1 10 12 1 9 12 1 1 10 7 12 1 1 10 12 1 1 10 7 12 1 1 1 10 7 12 1 1 1 10 12 1 9 12 1 1 10 12 1 1 10 12 1 1 10 12 1 1 10 12 1 1 10 12 1 1 10 12 1 10 12 1 10 12 1 1 10 12 1 8 1 8 1 10 12 1 1 9 12 1 1 100 1 10 10 12 1 1 10 12 1 10 12 1 1 10 12 1 1 10 12 1 10 12 1 10 12 1 8 1 10 12 1 1 10 7 12 1 1 1 10 12 1 10 12 1 1 10 12 1 10 12 1 10 12 1 1 10 12 1 10 12 1 9 12 1 10 12 1 10 10 12 1 1 10 12 1 9 12 1 1 10 12 1 1 11 12 1 1 10 12 1 1 10 12 1 10 12 1 7 1 8 1 8 1 8 1 10 12 1 10 12 1 10 12 1 1 10 10 12 1 11 12 1 1 11 12 1 10 100 12 1 1 1 9 12 1 10 12 1 10 12 1 1 10 12 1 1 10 12 1 10 12 1 10 100 12 1 1 1 10 12 1 1 10 12 1 10 12 1 10 12 1 10 9 12 1 1 7 1 10 12 1 10 12 1 1 9 100 12 1 1 1 10 7 12 1 1 1 10 7 12 1 1 1 10 12 1 1 10 7 12 1 1 1 10 12 1 1 8 1 10 7 12 1 1 1 11 12 1 1 9 12 1 1 10 12 1 1 10 12 1 10 12 1 1 10 12 1 1 10 100 12 1 1 100 1 10 12 1 1 11 100 12 1 1 18 12 1 1 11 12 1 1 18 12 1 11 12 1 100 1 11 100 12 1 1 10 12 1 100 1 10 12 1 10 100 12 1 1 10 12 1 1 9 12 1 1 9 100 12 1 1 1 10 7 12 1 1 1 9 12 1 10 100 12 1 1 10 12 1 100 10 12 1 1 10 12 1 7 1 10 10 12 1 1 7 1 7 1 9 12 1 1 7 1 7 1 7 1 1 1 5 0 1 1 1 1 1 1 1 3 1 3 1 3 1 1 1 1 1 1 1 1 1 1 1 1 1 1 1 1 1 1 1 1 1 1 1 1 1 1 1 1 1 1 1 1 1 1 1 1 1 1 1 1 1 1 1 1 1 1 1 1 1 1 1 1 1 1 1 1 1 1 1 1 1 1 1 1 1 1 1 1 1 1 1 1 1 1 1 1 1 1 1 1 1 1 1 1 1 1 1 1 1 1 1 1 1 1 1 1 1 1 1 1 1 1 1 1 1 1 1 1 1 1 1 1 1 1 1 1 1 1 1 1 1 1 1 1 1 1 1 1 1 1 7 1 7 1 1 1 1 1 1 1 1 1 1 1 1 1 7 1 1 1 7 1 1 1 1 1 1 1 1 1 1 1 1 1 1 1 1 1 1 1 1 1 1 16 15 10 12 16 16 15 10 12 16 15 10 100 12 1 1 1 1 1 7 1 1 7 1 1 100 1 100 1 1
staticfield java/lang/invoke/MethodType internTable Ljdk/internal/util/ReferencedKeySet; jdk/internal/util/ReferencedKeySet
staticfield java/lang/invoke/MethodType NO_PTYPES [Ljava/lang/Class; 0 [Ljava/lang/Class;
staticfield java/lang/invoke/MethodType objectOnlyTypes [Ljava/lang/invoke/MethodType; 20 [Ljava/lang/invoke/MethodType;
staticfield java/lang/invoke/MethodType METHOD_HANDLE_ARRAY [Ljava/lang/Class; 1 [Ljava/lang/Class;
staticfield java/lang/invoke/MethodType serialPersistentFields [Ljava/io/ObjectStreamField; 0 [Ljava/io/ObjectStreamField;
staticfield java/lang/invoke/MethodType $assertionsDisabled Z 1
ciInstanceKlass java/lang/invoke/TypeDescriptor$OfMethod 1 0 43 100 1 100 1 100 1 1 1 1 1 1 1 1 1 1 1 1 1 1 1 1 1 1 1 1 1 1 1 1 1 1 1 1 1 1 1 1 1 1 100 1 1
instanceKlass java/lang/InstantiationException
instanceKlass java/lang/IllegalAccessException
instanceKlass java/lang/reflect/InvocationTargetException
instanceKlass java/lang/NoSuchFieldException
instanceKlass java/lang/NoSuchMethodException
instanceKlass java/lang/ClassNotFoundException
ciInstanceKlass java/lang/ReflectiveOperationException 1 1 34 10 7 12 1 1 1 10 12 1 10 12 1 10 12 1 100 1 1 1 1 5 0 1 1 1 1 1 1 1 1 1 1 1
instanceKlass java/lang/invoke/DelegatingMethodHandle
instanceKlass java/lang/invoke/BoundMethodHandle
instanceKlass java/lang/invoke/DirectMethodHandle
ciInstanceKlass java/lang/invoke/MethodHandle 1 1 736 100 1 9 7 12 1 1 1 10 7 12 1 1 1 10 7 12 1 1 1 7 1 7 1 10 12 1 1 9 12 1 1 10 12 1 10 12 1 1 10 12 1 1 10 7 12 1 1 1 10 12 1 1 10 12 1 1 11 7 12 1 1 1 10 12 1 1 10 12 1 10 12 1 10 12 1 1 9 12 1 1 9 12 1 1 10 7 12 1 1 1 10 12 1 1 10 12 1 10 12 1 100 1 7 1 10 8 1 10 12 1 1 10 12 1 8 1 10 12 1 1 10 12 1 10 7 12 1 1 1 10 12 1 1 10 12 1 1 10 12 1 1 10 7 12 1 1 1 10 12 1 1 10 12 1 1 10 12 1 10 12 1 1 10 7 12 1 1 10 7 12 1 1 10 12 1 10 12 1 10 12 1 1 10 12 1 1 10 12 1 1 10 12 1 1 10 7 12 1 1 1 10 7 12 1 1 1 10 12 1 1 10 12 1 1 10 12 1 1 8 1 10 7 12 1 1 1 8 1 10 12 1 10 12 1 1 10 12 1 1 10 12 1 8 1 10 12 1 1 8 1 10 12 1 8 1 10 7 12 1 1 1 9 12 1 1 100 1 10 9 7 12 1 1 1 9 7 1 8 1 10 12 1 1 10 12 1 10 12 1 1 10 12 1 10 12 1 1 10 12 1 10 12 1 1 10 12 1 10 12 1 1 10 12 1 1 8 1 10 12 1 1 8 1 10 12 1 10 12 1 1 10 12 1 10 12 1 10 12 1 1 9 100 12 1 1 1 10 12 1 1 11 12 1 10 12 1 10 12 1 1 10 100 12 1 1 100 1 11 12 1 10 100 1 11 12 1 7 1 10 12 1 11 12 1 9 100 12 1 1 1 11 12 1 1 11 100 12 1 1 1 10 12 1 1 9 12 1 11 12 1 9 12 1 9 12 1 9 12 1 11 12 1 1 9 12 1 9 12 1 9 12 1 9 12 1 9 12 1 9 12 1 9 12 1 8 1 10 12 1 10 12 1 8 1 10 12 1 10 12 1 10 12 1 1 10 10 10 7 12 1 1 10 12 1 1 100 1 7 1 8 1 8 1 10 10 12 1 1 10 12 1 10 12 1 7 1 10 100 12 1 1 1 10 9 7 12 1 1 1 10 12 1 1 10 12 1 1 8 1 8 1 10 7 12 1 1 9 12 1 9 12 1 1 9 12 1 1 10 12 1 7 1 10 12 1 10 12 1 1 9 12 1 1 9 12 1 1 10 7 12 1 1 1 11 7 12 1 1 9 12 1 10 12 1 1 10 12 1 9 12 1 10 12 1 8 10 12 1 1 8 1 1 1 1 1 1 1 1 7 1 1 1 1 1 1 1 1 1 1 1 1 1 1 1 1 1 1 1 1 1 1 1 1 1 1 1 1 1 1 100 1 1 1 1 1 1 1 1 1 1 1 1 1 1 1 1 1 1 1 1 1 1 1 1 1 1 1 1 1 1 1 1 1 1 1 1 1 1 1 1 1 1 1 1 1 1 1 1 1 1 1 1 1 1 1 1 1 1 1 1 1 1 1 1 1 1 1 1 1 1 1 1 1 1 1 1 1 1 1 1 1 1 1 1 1 1 100 1 1 100 1 7 1 100 1 1 100 1 1 100 1 1 1 1
staticfield java/lang/invoke/MethodHandle FORM_OFFSET J 20
staticfield java/lang/invoke/MethodHandle UPDATE_OFFSET J 13
staticfield java/lang/invoke/MethodHandle $assertionsDisabled Z 1
ciInstanceKlass java/util/concurrent/ConcurrentHashMap 1 1 1210 7 1 7 1 3 10 12 1 1 3 7 1 10 7 12 1 1 1 7 1 10 7 12 1 1 1 100 1 11 12 1 1 11 12 1 11 12 1 1 9 12 1 1 9 12 1 1 9 12 1 10 7 12 1 1 1 7 1 10 12 1 1 10 12 1 1 10 7 12 1 1 1 4 10 12 1 9 12 1 10 12 1 1 100 1 10 5 0 10 12 1 10 12 1 1 5 0 10 12 1 1 10 12 1 9 12 1 1 10 12 1 1 9 12 1 9 12 1 1 10 12 1 1 9 12 1 10 12 1 1 9 12 1 1 10 12 1 1 100 1 10 100 1 10 12 1 10 12 1 1 10 12 1 1 10 12 1 1 10 12 1 10 12 1 1 10 12 1 1 100 1 10 12 1 1 7 1 100 1 8 1 10 12 1 10 12 1 1 10 12 1 1 11 7 12 1 1 10 12 1 1 11 12 1 1 11 7 12 1 1 1 11 7 12 1 1 1 11 12 1 7 1 11 12 1 11 12 1 10 12 1 1 10 12 1 1 9 12 1 1 10 100 12 1 1 1 9 10 12 1 1 9 12 1 10 12 1 1 5 0 9 12 1 1 7 1 10 12 1 9 12 1 1 7 1 10 12 1 9 12 1 7 1 10 7 1 10 10 12 1 1 8 1 10 12 1 10 12 1 1 11 100 1 10 12 1 10 100 12 1 1 1 8 1 10 100 12 1 1 1 8 1 10 12 1 8 1 10 12 1 10 12 1 1 10 100 12 1 1 10 12 1 10 12 1 10 12 1 9 12 1 9 10 12 1 9 12 1 1 11 100 12 1 1 1 11 7 12 1 1 1 100 1 10 12 11 100 12 1 1 10 11 7 12 1 10 12 1 100 1 10 12 1 100 1 10 10 9 7 12 1 1 1 10 12 3 10 7 12 1 1 9 12 1 10 12 1 1 9 12 1 1 9 12 1 10 12 1 1 10 7 12 1 1 9 12 1 9 7 12 1 1 10 12 1 1 10 12 1 3 9 12 1 9 12 1 10 12 1 1 7 1 9 3 9 12 1 7 1 10 12 1 9 12 1 10 12 1 9 12 1 10 12 1 9 12 1 10 100 12 1 1 1 100 10 12 1 7 1 5 0 10 100 12 1 1 100 1 10 12 1 1 10 12 1 10 12 1 100 1 10 12 1 10 100 1 100 1 10 10 12 1 10 100 1 10 12 1 10 100 1 10 12 1 10 7 1 10 12 1 1 100 1 10 12 1 10 10 12 1 100 1 10 12 1 10 10 12 1 100 1 10 12 1 10 100 1 10 12 1 10 100 1 10 12 1 10 100 1 10 12 1 10 100 1 10 12 1 10 100 1 10 12 1 10 100 1 10 12 1 10 100 1 10 12 1 10 100 1 10 10 100 1 10 10 100 1 10 10 100 1 10 12 1 10 100 1 10 12 1 10 100 1 10 12 1 10 100 1 10 12 1 10 100 1 10 12 1 10 100 1 10 10 100 1 10 10 100 1 10 10 100 1 10 12 1 10 100 1 10 12 1 10 100 1 10 12 1 10 100 1 10 12 1 10 100 1 10 12 1 10 10 12 1 10 7 12 1 1 1 10 12 1 7 1 7 1 10 12 1 9 12 1 1 9 12 1 1 10 12 1 1 8 10 12 1 1 8 8 8 8 7 10 12 1 1 10 12 1 100 1 8 1 10 7 1 7 1 7 1 1 1 5 0 1 1 3 1 3 1 1 1 1 3 1 3 1 3 1 1 1 1 1 3 1 3 1 3 1 1 1 1 1 1 1 1 1 1 1 1 1 1 1 1 1 1 1 1 1 1 1 1 1 100 1 1 1 1 1 1 1 1 1 1 1 1 1 1 1 1 1 1 1 1 1 1 1 1 1 1 1 1 1 1 1 1 1 1 1 1 1 1 1 1 1 1 1 1 1 1 1 1 1 1 1 1 1 1 1 1 1 1 1 1 1 1 1 1 1 1 1 1 1 1 1 1 1 1 1 1 1 1 1 1 1 1 1 1 100 1 1 1 1 1 1 1 1 1 1 1 7 1 1 1 1 1 1 1 1 1 1 1 1 1 1 1 1 1 1 1 1 1 1 1 1 1 1 1 1 1 1 1 1 1 1 1 1 1 1 1 1 1 1 1 1 1 1 1 1 1 1 1 1 1 1 1 1 1 1 1 1 1 1 1 1 1 1 1 1 1 1 1 1 1 1 1 1 1 1 1 1 1 1 1 1 1 1 1 1 1 1 1 1 1 1 1 1 1 1 1 1 1 1 1 1 1 1 1 1 1 1 1 1 1 1 1 1 1 1 1 1 1 1 1 1 1 1 1 1 1 1 1 1 1 1 1 1 1 1 1 1 1 1 1 1 1 1 1 1 1 1 1 1 1 1 1 1 1 1 1 1 1 1 1 1 1 1 1 1 1 1 1 1 1 1 1 1 1 1 1 1 1 1 1 1 1 1 1 1 1 1 1 1 1 1 1 1 1 1 1 1 1 1 1 1 1 1 1 1 1 1 1 1 1 1 1 1 1 1 1 1 1 1 1 100 1 100 1 100 1 100 1 100 1 100 1 100 1 100 1 100 1 1 1 1 1 1 1 1 1 1 1 1 1 1 1 1 1 1 1 1 1 1 1 1 1 1 1 1 1 1 1 1 1 1 1 1 1 1 1 1 1 1 1 1 1 1 1 1 1 1 1 1 1 1 1 1 1 1
staticfield java/util/concurrent/ConcurrentHashMap NCPU I 16
staticfield java/util/concurrent/ConcurrentHashMap serialPersistentFields [Ljava/io/ObjectStreamField; 3 [Ljava/io/ObjectStreamField;
staticfield java/util/concurrent/ConcurrentHashMap U Ljdk/internal/misc/Unsafe; jdk/internal/misc/Unsafe
staticfield java/util/concurrent/ConcurrentHashMap SIZECTL J 20
staticfield java/util/concurrent/ConcurrentHashMap TRANSFERINDEX J 32
staticfield java/util/concurrent/ConcurrentHashMap BASECOUNT J 24
staticfield java/util/concurrent/ConcurrentHashMap CELLSBUSY J 36
staticfield java/util/concurrent/ConcurrentHashMap CELLVALUE J 144
staticfield java/util/concurrent/ConcurrentHashMap ABASE I 16
staticfield java/util/concurrent/ConcurrentHashMap ASHIFT I 2
instanceKlass java/util/TreeMap$NavigableSubMap
instanceKlass org/eclipse/sisu/wire/EntryMapAdapter
instanceKlass com/google/common/collect/Maps$ViewCachingAbstractMap
instanceKlass com/google/common/collect/MapMakerInternalMap
instanceKlass org/eclipse/sisu/wire/MergedProperties
instanceKlass com/google/gson/internal/LinkedTreeMap
instanceKlass com/google/common/cache/LocalCache
instanceKlass org/apache/felix/resolver/util/ArrayMap
instanceKlass java/util/concurrent/ConcurrentSkipListMap
instanceKlass org/eclipse/osgi/internal/framework/FilterImpl$DictionaryMap
instanceKlass org/eclipse/osgi/internal/framework/FilterImpl$ServiceReferenceMap
instanceKlass org/eclipse/osgi/internal/serviceregistry/ShrinkableValueCollectionMap
instanceKlass java/util/Collections$SingletonMap
instanceKlass java/util/TreeMap
instanceKlass java/util/IdentityHashMap
instanceKlass java/util/EnumMap
instanceKlass java/util/WeakHashMap
instanceKlass java/util/Collections$EmptyMap
instanceKlass sun/util/PreHashedMap
instanceKlass java/util/HashMap
instanceKlass java/util/ImmutableCollections$AbstractImmutableMap
instanceKlass java/util/concurrent/ConcurrentHashMap
ciInstanceKlass java/util/AbstractMap 1 1 196 10 7 12 1 1 1 10 7 12 1 1 1 11 7 12 1 1 1 10 11 12 1 1 11 7 12 1 1 1 11 12 1 1 7 1 11 12 1 10 12 1 1 11 12 1 100 1 10 11 12 1 11 7 1 10 12 1 1 11 12 1 9 12 1 1 7 1 10 12 1 9 12 1 1 7 1 10 11 11 12 1 1 11 12 1 7 1 100 1 11 12 1 8 1 7 1 10 10 12 1 1 8 1 10 12 1 10 12 1 1 10 12 1 1 1 1 1 1 1 1 1 1 1 1 1 1 1 1 1 1 1 1 1 1 1 1 1 1 1 1 1 1 1 1 1 1 1 1 1 1 1 1 7 1 1 1 1 1 1 1 7 1 1 1 1 1 1 1 1 1 7 1 1 1 1 1 1 1 1 1 100 1 100 1 100 1 100 1 100 1 1 1 1 1 1
ciInstanceKlass java/util/concurrent/ConcurrentMap 1 1 208 11 7 12 1 1 1 10 100 12 1 1 11 12 1 1 11 100 12 1 1 1 11 7 12 1 1 1 11 12 1 1 100 1 11 12 1 11 12 1 100 1 11 100 12 1 1 1 18 12 1 11 12 1 1 11 100 12 1 1 11 12 1 1 11 100 12 1 11 12 1 1 11 12 1 1 7 1 7 1 1 1 1 1 1 1 1 1 1 1 1 1 1 1 1 1 1 1 1 1 1 1 1 1 1 1 1 1 1 1 1 1 1 1 1 1 1 1 1 1 1 1 1 1 1 1 1 1 1 1 1 1 1 1 1 1 1 1 1 16 15 11 12 15 10 100 12 1 1 1 1 1 100 1 100 1 1 1 100 1 8 1 1 12 10 1 1 1 8 1 1 1 8 1 1 8 1 1 1 8 1 1 1 8 1 1 1 8 1 1 1 8 1 1 1 8 1 1 1 8 1 1 1 8 1 1 8 1
ciInstanceKlass jdk/internal/loader/ClassLoaders 1 1 183 10 7 12 1 1 1 10 7 12 1 1 1 10 12 1 1 10 100 12 1 1 1 9 7 12 1 1 1 9 12 1 1 9 12 1 1 7 1 11 100 12 1 1 1 100 1 11 12 1 1 11 12 1 1 10 100 12 1 1 1 10 100 12 1 1 1 100 1 100 1 10 7 12 1 1 1 9 12 1 1 10 12 1 1 7 1 10 12 1 1 10 12 1 7 1 8 1 10 7 12 1 1 1 10 12 1 1 7 1 10 12 1 10 12 1 10 12 1 8 1 10 7 12 1 1 8 1 8 1 10 12 1 7 1 10 12 1 10 12 1 10 12 1 1 1 1 1 1 1 1 1 1 1 1 1 1 1 1 1 1 1 1 7 1 1 1 1 1 1 1 1 1 1 1 1 1 1 1 1 1 1 1
staticfield jdk/internal/loader/ClassLoaders JLA Ljdk/internal/access/JavaLangAccess; java/lang/System$2
staticfield jdk/internal/loader/ClassLoaders BOOT_LOADER Ljdk/internal/loader/ClassLoaders$BootClassLoader; jdk/internal/loader/ClassLoaders$BootClassLoader
staticfield jdk/internal/loader/ClassLoaders PLATFORM_LOADER Ljdk/internal/loader/ClassLoaders$PlatformClassLoader; jdk/internal/loader/ClassLoaders$PlatformClassLoader
staticfield jdk/internal/loader/ClassLoaders APP_LOADER Ljdk/internal/loader/ClassLoaders$AppClassLoader; jdk/internal/loader/ClassLoaders$AppClassLoader
instanceKlass jdk/internal/loader/ClassLoaders$BootClassLoader
instanceKlass jdk/internal/loader/ClassLoaders$PlatformClassLoader
instanceKlass jdk/internal/loader/ClassLoaders$AppClassLoader
ciInstanceKlass jdk/internal/loader/BuiltinClassLoader 1 1 737 9 7 12 1 1 1 10 7 12 1 1 1 10 7 12 1 1 1 9 12 1 1 9 12 1 1 7 1 10 12 1 9 12 1 10 12 1 9 12 1 10 7 12 1 1 1 10 7 12 1 1 1 10 7 12 1 1 1 11 7 12 1 1 1 7 1 7 1 10 10 12 1 1 8 1 10 12 1 10 12 7 1 10 12 1 10 12 1 1 11 7 12 1 1 1 11 7 12 1 1 1 11 12 1 1 7 1 8 1 8 1 10 9 12 1 1 10 7 12 1 1 11 12 1 1 10 12 1 1 10 12 1 1 10 12 1 1 10 7 12 1 1 1 10 12 1 10 7 12 1 1 1 10 12 1 1 11 7 12 1 1 1 10 7 12 1 1 7 1 10 7 12 1 1 1 10 12 1 100 1 8 1 10 12 1 1 10 8 1 10 12 1 1 10 12 1 1 10 12 1 1 11 7 12 1 1 11 12 1 7 1 10 11 12 1 1 11 10 12 1 1 7 1 10 12 1 10 7 12 1 10 12 1 7 1 10 12 1 10 7 12 1 1 1 100 1 10 12 1 1 11 12 1 7 1 100 1 10 12 1 10 12 1 1 100 1 100 1 10 12 1 10 12 1 18 12 1 1 10 12 1 10 12 1 1 18 100 1 10 7 12 1 1 1 7 1 10 10 12 1 1 10 12 1 1 10 12 1 1 10 12 1 9 12 1 1 100 1 10 10 12 1 1 10 12 1 1 10 12 1 10 12 10 12 1 1 10 12 1 1 10 12 1 1 10 12 1 10 12 1 1 18 12 1 7 1 10 12 1 1 10 12 1 10 12 1 1 10 12 1 100 1 10 12 1 7 1 10 12 1 10 7 12 1 1 1 10 12 1 11 12 1 7 1 10 12 1 7 1 100 1 10 12 1 10 12 1 11 12 1 1 10 12 1 1 10 12 1 1 10 12 1 1 10 12 1 1 10 12 1 10 12 1 10 12 1 10 12 1 8 1 10 12 1 1 10 7 12 1 1 10 12 1 100 1 8 1 8 1 10 10 12 1 8 1 8 1 10 7 12 1 1 1 11 7 12 1 1 1 9 7 12 1 1 1 10 7 12 1 1 1 9 12 1 9 12 1 9 12 1 9 12 1 9 12 1 9 12 1 10 7 12 1 1 1 8 1 10 12 1 7 1 10 12 1 1 10 12 1 7 1 10 11 12 1 1 10 12 10 12 1 10 12 1 100 1 10 12 1 10 12 1 10 10 12 1 10 7 12 1 1 8 1 10 7 12 1 1 10 12 1 1 1 1 1 1 1 1 1 1 1 1 1 1 1 1 1 1 1 1 1 1 1 1 1 1 1 1 1 1 1 1 1 1 1 1 1 1 1 1 1 1 1 1 1 1 1 1 1 1 1 1 1 1 1 1 7 1 1 1 1 1 1 1 1 1 1 1 1 1 1 1 1 1 1 7 1 7 1 1 1 1 1 1 1 1 1 1 1 1 1 1 1 1 1 1 1 1 1 1 1 1 1 1 1 1 1 1 1 1 1 1 1 1 1 1 1 1 1 1 1 1 1 1 1 1 1 1 1 100 1 1 16 15 10 12 16 15 10 12 16 15 10 12 16 1 15 10 100 12 1 1 1 1 1 100 1 1 1 1 1 100 1 100 1 1
staticfield jdk/internal/loader/BuiltinClassLoader packageToModule Ljava/util/Map; java/util/concurrent/ConcurrentHashMap
staticfield jdk/internal/loader/BuiltinClassLoader $assertionsDisabled Z 1
ciInstanceKlass jdk/internal/loader/ClassLoaders$AppClassLoader 1 1 119 8 1 10 7 12 1 1 1 10 7 12 1 1 1 10 7 12 1 1 1 10 12 1 1 10 7 12 1 1 1 10 12 1 1 10 12 1 1 7 1 8 1 10 12 10 7 12 1 1 1 10 7 12 1 1 10 12 1 1 10 12 1 1 10 7 12 1 1 1 7 1 10 12 1 1 1 1 1 1 1 1 1 1 1 1 1 1 1 1 1 1 1 1 1 7 1 1 1 1 1 1 1 1 1 1 1 1 1 1 1 1 1 1 1 7 1 1 1
ciInstanceKlass jdk/internal/loader/ClassLoaders$PlatformClassLoader 1 1 42 8 1 10 7 12 1 1 1 10 7 12 1 1 1 7 1 10 12 1 7 1 1 1 1 1 1 1 1 1 1 1 1 1 1 7 1 1 1 100 1 1
ciInstanceKlass java/lang/ArithmeticException 1 1 26 10 100 12 1 1 1 10 12 1 100 1 1 1 1 5 0 1 1 1 1 1 1 1 1 1
ciInstanceKlass java/lang/ArrayStoreException 1 1 26 10 100 12 1 1 1 10 12 1 100 1 1 1 1 5 0 1 1 1 1 1 1 1 1 1
ciInstanceKlass java/lang/ClassCastException 1 1 26 10 7 12 1 1 1 10 12 1 100 1 1 1 1 5 0 1 1 1 1 1 1 1 1 1
ciInstanceKlass java/lang/ClassNotFoundException 1 1 96 7 1 10 7 12 1 1 1 10 12 1 10 12 1 1 10 100 12 1 1 1 8 1 10 100 12 1 1 1 10 7 12 1 1 10 100 12 1 1 1 10 100 12 1 1 1 10 12 1 1 7 1 10 12 1 9 12 1 1 1 1 1 5 0 1 1 1 1 1 1 1 1 1 1 1 1 1 1 1 1 1 1 100 1 1 1 1 1 1 1 1 1 1 1 1
staticfield java/lang/ClassNotFoundException serialPersistentFields [Ljava/io/ObjectStreamField; 1 [Ljava/io/ObjectStreamField;
instanceKlass java/nio/file/InvalidPathException
instanceKlass java/nio/file/ProviderMismatchException
instanceKlass org/apache/maven/cli/MavenCli$IllegalUseOfUndefinedProperty
instanceKlass java/nio/charset/UnsupportedCharsetException
instanceKlass java/nio/charset/IllegalCharsetNameException
instanceKlass java/lang/NumberFormatException
ciInstanceKlass java/lang/IllegalArgumentException 1 1 35 10 7 12 1 1 1 10 12 1 10 12 1 10 12 1 100 1 1 1 1 5 0 1 1 1 1 1 1 1 1 1 1 1 1
ciInstanceKlass java/lang/IllegalMonitorStateException 1 1 26 10 100 12 1 1 1 10 12 1 100 1 1 1 1 5 0 1 1 1 1 1 1 1 1 1
ciInstanceKlass java/lang/BootstrapMethodError 0 0 45 10 100 12 1 1 1 10 12 1 10 12 1 10 100 12 1 1 1 10 100 12 1 1 1 1 1 1 5 0 1 1 1 1 1 1 1 1 1 1 1 100 1 1 1
instanceKlass java/lang/ExceptionInInitializerError
instanceKlass java/lang/ClassFormatError
instanceKlass java/lang/UnsatisfiedLinkError
instanceKlass java/lang/IncompatibleClassChangeError
instanceKlass java/lang/BootstrapMethodError
instanceKlass java/lang/NoClassDefFoundError
ciInstanceKlass java/lang/LinkageError 1 1 31 10 7 12 1 1 1 10 12 1 10 12 1 100 1 1 1 1 5 0 1 1 1 1 1 1 1 1 1 1 1
ciInstanceKlass java/lang/NullPointerException 1 1 52 10 7 12 1 1 1 10 12 1 9 7 12 1 1 1 10 12 1 1 9 12 1 1 10 12 1 1 10 12 1 1 1 1 5 0 1 1 1 1 1 1 1 1 100 1 100 1 100 1 1 1
ciInstanceKlass java/lang/NoClassDefFoundError 1 1 26 10 7 12 1 1 1 10 12 1 100 1 1 1 1 5 0 1 1 1 1 1 1 1 1 1
ciInstanceKlass java/lang/StackOverflowError 1 1 26 10 100 12 1 1 1 10 12 1 100 1 1 1 1 5 0 1 1 1 1 1 1 1 1 1
ciInstanceKlass java/lang/StackTraceElement 1 1 235 10 7 12 1 1 1 10 7 12 1 1 9 12 1 1 9 12 1 1 9 12 1 9 12 1 8 1 10 100 12 1 1 1 7 1 9 12 1 8 1 9 12 1 9 12 1 9 12 1 1 10 12 1 1 10 12 1 8 1 10 7 12 1 1 1 7 1 10 12 1 10 12 1 1 10 12 1 10 12 1 1 10 12 1 10 12 1 10 10 12 1 8 1 10 12 1 10 12 1 1 10 12 1 1 10 12 1 10 12 1 10 12 1 9 12 1 1 10 7 12 1 1 1 10 12 1 1 7 1 10 12 1 1 10 7 12 1 1 10 7 12 1 1 1 10 7 12 1 1 10 7 12 1 1 10 10 12 1 1 10 12 1 1 10 12 1 1 10 12 1 7 1 1 1 1 1 1 1 3 1 3 1 1 5 0 1 1 1 1 1 1 1 1 1 1 1 1 1 1 1 1 1 1 1 1 1 1 1 1 1 1 1 1 1 7 1 7 1 1 1 1 1 1 1 100 1 1 1 1 1 1 1 1 1
instanceKlass java/util/concurrent/locks/AbstractQueuedSynchronizer
ciInstanceKlass java/util/concurrent/locks/AbstractOwnableSynchronizer 1 1 32 10 7 12 1 1 1 9 7 12 1 1 1 100 1 1 1 1 5 0 1 1 1 1 1 1 1 1 1 1 1 1
ciInstanceKlass jdk/internal/vm/Continuation 0 0 549 9 100 12 1 1 1 9 12 1 9 12 1 100 1 7 1 10 12 1 1 8 1 10 12 1 1 10 12 1 10 12 1 1 10 12 1 9 7 12 1 1 1 11 100 12 1 1 1 10 7 1 9 12 1 1 9 12 1 1 10 8 1 10 12 1 9 12 1 1 10 11 12 1 1 100 1 10 100 12 1 1 1 10 12 1 1 10 12 1 10 12 1 1 11 12 1 1 9 12 1 1 10 12 1 1 18 12 1 1 10 7 12 1 1 1 100 1 10 12 1 11 100 12 1 1 1 10 12 1 9 12 1 10 12 1 1 100 1 8 1 10 12 1 10 12 1 1 9 12 1 1 11 12 1 1 9 12 1 1 8 1 10 11 12 1 1 11 12 1 1 10 12 1 1 10 12 1 1 9 12 1 10 12 1 10 10 12 1 8 1 10 12 1 8 1 8 1 10 7 12 1 1 1 10 7 12 1 1 1 10 12 1 9 12 1 11 12 1 7 1 10 12 1 10 12 1 1 9 12 1 1 7 1 10 12 1 1 9 12 1 1 10 12 1 10 12 1 11 7 12 1 1 10 7 1 10 12 1 8 1 9 12 1 10 12 1 1 9 12 1 1 10 7 12 1 1 8 1 8 1 8 1 8 1 10 12 1 1 10 12 1 10 12 1 10 12 1 10 12 1 1 10 12 1 1 8 1 10 12 1 1 9 12 1 1 10 12 1 1 9 12 1 8 1 10 7 12 1 1 1 10 12 1 8 1 100 1 8 1 10 9 12 1 1 8 1 10 7 12 1 1 10 100 12 1 1 8 1 8 1 10 12 10 100 12 1 1 1 10 7 1 10 7 12 1 1 1 18 11 100 12 1 1 1 18 12 1 11 12 1 1 7 1 10 7 12 1 1 10 12 1 1 8 10 12 1 1 10 100 12 1 1 1 10 100 12 1 1 10 12 1 8 1 10 12 1 7 1 7 1 10 12 1 1 1 1 1 1 1 1 1 1 1 1 1 1 1 1 1 1 1 1 1 1 1 1 1 1 1 1 1 1 1 1 1 1 1 1 1 1 1 1 1 1 1 1 1 1 1 1 1 1 1 1 1 1 1 1 1 1 1 1 1 1 1 1 1 1 1 1 1 1 1 1 1 1 1 100 1 1 16 1 15 10 12 16 15 11 7 12 1 1 1 16 1 16 1 15 10 12 16 15 10 100 12 1 1 1 1 1 1 1 1 100 1 100 1 1
ciInstanceKlass jdk/internal/misc/UnsafeConstants 1 1 34 10 100 12 1 1 1 9 7 12 1 1 1 9 12 1 9 12 1 1 9 12 1 9 12 1 1 1 1 1 1 1 1 1
staticfield jdk/internal/misc/UnsafeConstants ADDRESS_SIZE0 I 8
staticfield jdk/internal/misc/UnsafeConstants PAGE_SIZE I 4096
staticfield jdk/internal/misc/UnsafeConstants BIG_ENDIAN Z 0
staticfield jdk/internal/misc/UnsafeConstants UNALIGNED_ACCESS Z 1
staticfield jdk/internal/misc/UnsafeConstants DATA_CACHE_LINE_FLUSH_SIZE I 0
ciInstanceKlass java/lang/invoke/LambdaForm 1 1 1059 7 1 100 1 10 7 12 1 1 1 9 12 1 1 9 12 1 9 12 1 9 12 1 1 9 12 1 1 9 12 1 1 9 12 1 1 9 12 1 1 9 12 1 10 7 12 1 1 9 12 1 10 12 1 1 100 1 10 10 12 1 1 10 12 1 10 12 1 10 12 1 1 10 12 1 9 12 1 9 12 1 10 12 1 1 10 7 12 1 1 1 10 12 1 1 9 100 12 1 1 1 10 12 1 1 9 7 12 1 1 10 12 1 10 12 1 1 10 12 1 1 10 12 1 1 7 1 10 7 12 1 1 1 10 12 1 1 10 12 1 10 12 1 1 9 12 1 1 9 12 1 9 12 1 1 10 12 1 9 12 1 10 100 12 1 1 1 10 12 1 1 7 1 10 12 1 9 12 1 1 10 7 12 1 1 1 10 12 1 10 12 1 7 1 10 12 1 10 12 1 10 12 1 1 10 12 1 1 10 12 1 10 12 1 10 12 1 10 12 1 1 8 1 10 12 1 10 12 1 10 10 12 1 8 1 8 1 9 12 1 9 12 1 1 10 12 1 1 10 12 1 9 12 1 10 12 1 1 10 7 12 1 1 1 10 12 1 1 10 12 1 10 12 1 10 100 12 1 1 1 9 12 1 10 12 1 8 1 8 1 8 1 8 1 8 1 8 1 8 1 8 1 10 12 1 9 12 1 7 1 10 12 1 1 9 12 1 10 12 1 10 12 1 1 10 12 10 12 1 10 12 1 1 10 12 1 1 10 10 12 1 1 10 12 1 1 7 1 8 1 10 12 1 1 10 12 1 10 12 1 1 10 8 1 10 12 1 1 8 1 8 1 8 1 10 12 1 10 12 1 10 12 1 1 100 1 10 12 1 1 10 12 1 1 10 7 12 1 1 1 10 12 1 1 9 12 1 1 8 1 10 100 12 1 1 1 10 7 12 1 1 10 12 10 12 1 1 10 12 1 1 9 12 1 8 10 12 1 1 100 1 10 12 1 1 10 12 1 9 7 12 1 1 9 7 12 1 1 1 8 1 10 100 12 1 1 10 12 1 1 7 1 7 1 10 10 12 1 1 10 12 1 1 8 1 8 1 7 1 8 1 10 12 10 12 1 10 12 1 10 12 1 1 8 1 8 1 10 12 1 10 12 1 1 8 1 8 1 8 1 7 1 8 1 7 1 8 1 7 1 8 1 10 12 1 8 1 9 10 7 12 1 1 1 10 12 1 9 12 1 1 10 12 1 10 10 12 1 10 12 1 10 12 1 10 12 1 1 10 12 1 10 12 1 1 10 12 1 1 10 12 1 1 10 12 1 1 8 1 100 10 12 1 10 12 1 9 12 1 1 10 7 12 1 1 8 1 8 1 7 1 8 1 8 1 8 1 8 1 8 1 8 1 8 1 8 1 10 12 1 1 10 12 1 1 10 12 1 10 12 1 10 12 1 10 12 1 8 1 8 1 8 1 10 12 1 8 1 10 12 1 8 1 8 1 8 1 8 1 8 1 10 12 1 10 12 1 10 12 1 1 10 7 12 1 1 1 10 12 1 10 12 1 10 12 1 10 12 1 10 12 1 10 12 1 10 12 1 9 12 1 1 8 1 10 12 1 1 9 12 1 1 10 12 1 1 9 12 1 9 12 1 1 9 12 1 9 12 1 1 7 1 10 7 12 1 1 1 9 12 1 10 12 1 10 12 1 8 1 10 12 1 9 12 1 1 7 1 10 7 12 1 1 1 8 1 100 1 10 12 1 9 12 1 9 12 1 10 12 1 10 12 1 10 7 12 1 1 1 10 12 1 9 7 12 1 1 10 12 1 1 10 12 1 10 12 1 10 12 1 9 12 10 12 1 10 10 12 1 9 12 1 9 9 12 1 7 9 12 1 1 10 12 1 1 9 12 1 10 12 1 10 7 1 9 1 1 1 1 3 1 3 1 1 3 1 3 1 1 1 1 1 1 1 1 1 1 1 1 1 1 1 1 1 1 1 1 1 1 1 1 1 1 1 1 1 1 1 1 1 1 1 1 1 1 1 1 1 1 1 1 1 1 1 1 1 1 1 100 1 1 1 1 1 1 1 1 1 1 1 1 1 1 1 1 1 1 1 1 1 1 1 1 1 1 1 1 1 1 1 1 1 1 1 1 1 1 1 1 1 1 1 1 1 1 1 1 1 1 1 1 1 1 1 1 1 1 1 1 1 1 100 1 1 1 1 1 1 1 1 1 1 1 1 1 1 1 1 1 1 1 1 1 1 1 1 1 1 1 1 1 1 1 1 1 1 7 1 1 1 1 1 1 1 1 1 1 1 1 1 1 1 1 1 1 1 1 1 1 100 1 1 1 100 1 1 7 1 1 1 1 1 1 1 1 1 1 1
staticfield java/lang/invoke/LambdaForm DEFAULT_CUSTOMIZED Ljava/lang/invoke/MethodHandle; null
staticfield java/lang/invoke/LambdaForm DEFAULT_KIND Ljava/lang/invoke/LambdaForm$Kind; java/lang/invoke/LambdaForm$Kind
staticfield java/lang/invoke/LambdaForm COMPILE_THRESHOLD I 0
staticfield java/lang/invoke/LambdaForm INTERNED_ARGUMENTS [[Ljava/lang/invoke/LambdaForm$Name; 5 [[Ljava/lang/invoke/LambdaForm$Name;
staticfield java/lang/invoke/LambdaForm IMPL_NAMES Ljava/lang/invoke/MemberName$Factory; java/lang/invoke/MemberName$Factory
staticfield java/lang/invoke/LambdaForm LF_identity [Ljava/lang/invoke/LambdaForm; 6 [Ljava/lang/invoke/LambdaForm;
staticfield java/lang/invoke/LambdaForm LF_zero [Ljava/lang/invoke/LambdaForm; 6 [Ljava/lang/invoke/LambdaForm;
staticfield java/lang/invoke/LambdaForm NF_identity [Ljava/lang/invoke/LambdaForm$NamedFunction; 6 [Ljava/lang/invoke/LambdaForm$NamedFunction;
staticfield java/lang/invoke/LambdaForm NF_zero [Ljava/lang/invoke/LambdaForm$NamedFunction; 6 [Ljava/lang/invoke/LambdaForm$NamedFunction;
staticfield java/lang/invoke/LambdaForm createFormsLock Ljava/lang/Object; java/lang/Object
staticfield java/lang/invoke/LambdaForm DEBUG_NAME_COUNTERS Ljava/util/HashMap; null
staticfield java/lang/invoke/LambdaForm DEBUG_NAMES Ljava/util/HashMap; null
staticfield java/lang/invoke/LambdaForm TRACE_INTERPRETER Z 0
staticfield java/lang/invoke/LambdaForm $assertionsDisabled Z 1
ciInstanceKlass java/lang/invoke/MemberName 1 1 724 7 1 7 1 100 1 9 12 1 1 10 7 12 1 1 1 9 12 1 1 10 12 1 1 10 12 1 1 10 12 1 1 10 12 1 10 12 1 1 10 7 12 1 1 1 10 12 1 9 7 12 1 1 10 12 1 7 1 7 1 10 12 1 8 1 10 12 1 1 10 12 1 10 12 1 1 10 12 1 9 12 1 1 8 1 10 100 12 1 1 1 7 1 10 10 12 1 1 100 1 100 1 10 12 1 9 12 1 1 100 1 8 1 10 12 1 10 12 1 10 12 1 10 12 1 10 12 1 1 10 12 1 10 12 1 10 12 1 1 8 1 8 1 10 12 1 8 1 9 12 1 1 3 10 12 1 10 12 1 10 12 1 10 10 7 12 1 1 1 10 12 1 10 12 1 10 12 1 10 12 1 7 1 8 10 12 1 1 10 12 1 1 8 1 9 7 1 8 9 7 1 10 12 1 1 10 12 1 10 12 1 8 1 10 12 1 1 10 12 1 10 12 1 10 12 1 10 12 1 1 7 1 10 12 1 1 10 12 1 8 1 10 12 1 10 12 1 8 1 10 12 1 1 10 12 1 1 7 1 10 12 1 1 10 12 8 1 8 1 7 1 10 12 1 10 100 12 1 1 1 100 1 10 12 10 12 1 10 12 1 10 12 1 10 12 1 10 10 12 1 10 12 1 10 12 1 3 10 12 1 3 10 12 1 3 3 3 3 3 3 10 12 1 3 9 12 1 10 12 1 1 3 10 12 1 10 10 7 12 1 1 1 10 12 1 1 10 7 12 1 1 10 10 12 1 10 12 1 1 10 12 1 10 10 12 1 1 10 12 1 10 12 1 10 12 1 7 1 10 10 10 12 100 1 10 10 10 12 1 1 10 12 1 1 10 10 12 1 8 10 7 1 10 12 1 10 7 1 10 12 1 10 12 1 10 12 1 10 10 12 1 10 12 1 1 10 12 1 1 10 12 1 10 12 1 10 12 1 100 1 10 12 1 1 100 1 8 1 10 7 1 10 12 1 10 12 10 12 1 1 10 12 1 10 12 1 8 1 8 1 8 1 8 1 10 12 1 10 12 1 10 7 12 1 1 1 8 1 8 1 10 12 1 8 1 10 10 10 12 1 10 12 1 8 1 8 1 10 10 12 1 8 1 10 100 12 1 1 1 8 1 100 1 10 12 1 10 12 1 1 10 12 1 8 1 8 1 8 1 8 1 100 1 10 8 1 8 1 8 1 8 1 10 12 1 7 1 100 1 7 1 10 100 1 10 7 1 10 7 12 1 1 1 9 7 12 1 1 1 7 1 7 1 1 1 1 1 1 1 3 1 3 1 3 1 3 1 3 1 3 1 1 1 1 1 1 1 1 3 1 3 1 1 1 1 1 1 1 1 1 1 1 1 1 1 1 1 1 1 1 1 1 1 1 1 1 1 1 1 1 1 1 1 1 1 1 1 1 1 1 1 1 1 1 1 1 1 1 1 1 1 1 1 1 1 1 1 1 1 1 1 1 1 1 1 1 1 1 1 1 1 1 1 1 1 1 1 1 1 1 1 1 1 1 1 1 1 1 1 1 1 1 1 1 1 1 1 7 1 1 1 1 1 1 1 1 1 1 1 1 1 1 1
staticfield java/lang/invoke/MemberName $assertionsDisabled Z 1
instanceKlass java/lang/invoke/VarHandleReferences$Array
instanceKlass java/lang/invoke/VarHandleLongs$FieldInstanceReadOnly
instanceKlass java/lang/invoke/VarHandleBooleans$FieldInstanceReadOnly
instanceKlass java/lang/invoke/VarHandleReferences$FieldInstanceReadOnly
instanceKlass java/lang/invoke/VarHandleByteArrayAsDoubles$ByteArrayViewVarHandle
instanceKlass java/lang/invoke/VarHandleByteArrayAsFloats$ByteArrayViewVarHandle
instanceKlass java/lang/invoke/VarHandleByteArrayAsChars$ByteArrayViewVarHandle
instanceKlass java/lang/invoke/VarHandleByteArrayAsShorts$ByteArrayViewVarHandle
instanceKlass java/lang/invoke/VarHandleInts$FieldInstanceReadOnly
instanceKlass java/lang/invoke/VarHandleByteArrayAsLongs$ByteArrayViewVarHandle
instanceKlass java/lang/invoke/VarHandleByteArrayAsInts$ByteArrayViewVarHandle
instanceKlass java/lang/invoke/VarHandleReferences$FieldStaticReadOnly
ciInstanceKlass java/lang/invoke/VarHandle 1 1 473 10 7 12 1 1 1 10 7 12 1 1 9 12 1 1 9 12 1 1 100 1 10 8 1 10 12 1 1 10 7 12 1 1 1 10 12 1 1 10 7 12 1 1 1 9 100 12 1 1 1 10 12 1 1 10 7 12 1 1 1 10 12 1 1 9 12 1 10 12 1 9 12 1 1 10 7 12 1 1 10 12 1 9 7 12 1 1 1 9 12 1 1 10 12 1 1 100 1 7 1 10 8 1 10 12 1 1 10 12 1 8 1 10 12 1 10 12 1 9 12 1 1 9 12 1 10 12 1 10 12 1 1 10 12 1 10 10 100 12 1 1 1 10 12 1 1 10 12 1 1 10 7 12 1 1 1 10 100 12 1 1 1 10 100 12 1 1 1 9 12 1 1 9 10 12 1 10 12 1 10 12 1 1 10 12 1 10 7 12 1 1 1 9 12 1 1 10 12 1 1 9 12 1 10 12 1 10 12 1 10 7 12 1 1 100 1 10 9 7 12 1 1 1 9 12 1 1 10 7 12 1 1 1 10 12 1 10 12 1 10 12 1 10 12 1 10 12 1 10 12 1 1 8 10 12 1 1 7 1 10 12 1 1 7 1 1 1 1 1 1 1 1 1 1 1 1 1 1 1 1 1 1 1 1 1 1 1 1 1 1 1 1 1 1 1 1 1 1 1 1 1 1 1 1 1 1 1 1 1 1 1 1 1 1 1 1 1 1 1 1 1 1 1 1 1 1 1 1 1 1 1 1 100 1 1 1 1 1 1 1 1 100 1 1 1 1 1 1 1 1 1 1 1 1 100 1 100 1 1 100 1 100 1 100 1 100 1 100 1 100 1 100 1 100 1 100 1 100 1 100 1 100 1 100 1 100 1 100 1 100 1 100 1 100 1 100 1 100 1 100 1 100 1 100 1 100 1 100 1 100 1 100 1 100 1 100 1 100 1 100 1 100 1 100 1 100 1 100 1 1 1 1 1 1 100 1 1 1 100 1 1 100 1 100 1 100 1 100 1 100 1 100 1 1 1 1 100 1 100 1 100 1 100 1 100 1 100 1 100 1 100 1
staticfield java/lang/invoke/VarHandle VFORM_OFFSET J 16
staticfield java/lang/invoke/VarHandle $assertionsDisabled Z 1
instanceKlass jdk/internal/reflect/FieldAccessorImpl
instanceKlass jdk/internal/reflect/ConstructorAccessorImpl
instanceKlass jdk/internal/reflect/MethodAccessorImpl
ciInstanceKlass jdk/internal/reflect/MagicAccessorImpl 1 1 16 10 7 12 1 1 1 100 1 1 1 1 1 1 1 1
instanceKlass jdk/internal/reflect/DirectMethodHandleAccessor
ciInstanceKlass jdk/internal/reflect/MethodAccessorImpl 1 1 38 10 7 12 1 1 1 10 100 12 1 1 1 100 1 1 1 1 1 1 1 100 1 100 1 1 1 1 1 1 1 1 1 1 1 1 1 1
ciInstanceKlass jdk/internal/reflect/MethodAccessor 1 0 17 100 1 100 1 1 1 1 100 1 100 1 1 1 1 1 1
instanceKlass jdk/internal/reflect/SerializationConstructorAccessorImpl
instanceKlass jdk/internal/reflect/DirectConstructorHandleAccessor$NativeAccessor
instanceKlass jdk/internal/reflect/DirectConstructorHandleAccessor
instanceKlass jdk/internal/reflect/NativeConstructorAccessorImpl
ciInstanceKlass jdk/internal/reflect/ConstructorAccessorImpl 1 1 27 10 7 12 1 1 1 100 1 100 1 1 1 1 1 1 1 1 1 100 1 100 1 100 1 1 1
ciInstanceKlass jdk/internal/reflect/ConstructorAccessor 1 0 16 100 1 100 1 1 1 1 100 1 100 1 100 1 1 1
ciInstanceKlass jdk/internal/reflect/DelegatingClassLoader 1 1 18 10 7 12 1 1 1 100 1 1 1 1 1 1 1 1 1 1
ciInstanceKlass jdk/internal/reflect/CallerSensitive 1 0 17 100 1 100 1 100 1 1 1 1 1 1 1 1 1 1 1
ciInstanceKlass jdk/internal/reflect/NativeConstructorAccessorImpl 0 0 125 10 7 12 1 1 1 9 7 12 1 1 1 100 1 10 12 1 9 12 1 1 9 12 1 1 10 100 12 1 1 1 10 7 12 1 1 1 10 7 12 1 1 1 9 12 1 9 12 1 1 9 12 1 1 10 7 12 1 1 1 100 1 10 10 12 1 1 10 12 1 10 12 1 1 10 12 1 7 1 10 12 1 1 10 12 1 1 8 10 12 1 1 1 1 1 1 1 1 1 1 1 1 1 1 1 1 1 1 1 1 1 1 100 1 100 1 100 1 1 1 1 1 1 1
ciInstanceKlass jdk/internal/reflect/ConstantPool 1 1 142 10 7 12 1 1 1 9 7 12 1 1 1 10 12 1 1 10 12 1 1 10 12 1 10 12 1 1 10 12 1 1 10 12 1 10 12 1 1 10 12 1 10 12 1 1 10 12 1 10 12 1 10 12 1 10 12 1 1 10 12 1 1 10 12 1 1 10 12 1 1 10 12 1 10 12 1 1 10 100 12 1 1 1 8 11 7 12 1 1 1 10 7 12 1 1 1 1 1 1 1 1 1 1 1 1 1 1 1 1 1 1 1 1 1 1 1 1 1 1 1 1 1 1 1 1 1 1 1 1 1 1 1 1 1 1 1 1 1 1 1 1
ciInstanceKlass jdk/internal/reflect/UnsafeStaticFieldAccessorImpl 0 0 47 10 7 12 1 1 1 9 7 12 1 1 1 10 7 12 1 1 1 9 12 1 1 8 11 100 12 1 1 1 10 100 12 1 1 1 1 1 1 1 1 1 1 1 1 1 1
ciInstanceKlass jdk/internal/reflect/FieldAccessor 1 0 48 100 1 100 1 1 1 1 100 1 1 1 1 1 1 1 1 1 1 1 1 1 1 1 1 1 1 1 100 1 1 1 1 1 1 1 1 1 1 1 1 1 1 1 1 1 1 1
instanceKlass jdk/internal/reflect/MethodHandleFieldAccessorImpl
instanceKlass jdk/internal/reflect/UnsafeFieldAccessorImpl
ciInstanceKlass jdk/internal/reflect/FieldAccessorImpl 1 1 269 10 7 12 1 1 1 9 7 12 1 1 1 10 7 12 1 1 1 10 7 12 1 1 10 7 12 1 1 1 10 12 1 1 7 1 10 10 12 1 1 10 12 1 1 8 1 10 10 12 1 100 1 8 1 10 12 1 8 1 10 12 1 8 1 10 12 1 100 1 10 12 1 1 10 8 1 10 12 1 1 8 1 10 7 12 1 1 8 1 10 7 12 1 1 8 1 10 7 12 1 1 8 1 10 7 12 1 1 8 1 10 7 12 1 1 8 1 10 7 12 1 1 8 1 10 7 12 1 1 8 1 10 7 12 1 1 10 12 1 1 8 1 10 12 1 1 10 100 12 1 1 1 8 1 10 12 1 8 1 8 1 8 1 8 1 10 7 12 1 1 1 8 1 8 1 8 1 10 12 7 1 1 1 1 1 1 1 1 1 1 1 1 1 1 1 1 1 1 1 1 1 1 1 1 1 1 1 1 1 1 1 1 1 1 1 1 1 1 1 1 1 1 1 1 1 1 1 1 1 1 1 1 1 1 1 1 1 1 1 1 1 1 1 1 1 1 1 1 1 1 1 1 1 1 1 1 1 1 1 1 1 1 1 1 1 1 1 1
instanceKlass jdk/internal/reflect/UnsafeStaticFieldAccessorImpl
ciInstanceKlass jdk/internal/reflect/UnsafeFieldAccessorImpl 0 0 62 10 100 12 1 1 1 10 100 12 1 1 1 10 100 12 1 1 1 9 100 12 1 1 10 12 1 9 12 1 1 10 100 12 1 1 1 9 12 1 1 10 12 1 10 12 1 1 1 1 1 1 1 1 1 1 1 1 1 1 1 1
instanceKlass java/lang/invoke/VolatileCallSite
instanceKlass java/lang/invoke/MutableCallSite
instanceKlass java/lang/invoke/ConstantCallSite
ciInstanceKlass java/lang/invoke/CallSite 1 1 307 10 7 12 1 1 1 10 7 12 1 1 1 9 7 12 1 1 1 10 12 1 1 9 12 1 1 10 7 12 1 1 1 10 12 1 7 1 10 12 1 1 10 12 1 1 9 100 12 1 1 1 10 7 12 1 1 10 12 1 1 100 1 7 1 10 10 7 12 1 1 1 10 12 1 1 8 1 10 12 1 10 12 1 1 10 12 1 10 12 1 1 10 12 1 1 10 10 100 12 1 1 10 12 1 1 9 12 1 9 100 12 1 1 1 8 1 10 7 12 1 1 1 10 12 1 1 7 1 10 12 1 1 9 12 1 8 1 100 1 10 12 1 10 12 1 100 1 8 1 10 10 12 1 10 12 1 1 100 1 10 12 1 1 10 12 1 10 12 1 10 12 1 1 10 12 1 1 9 12 1 1 8 10 12 1 1 9 12 1 1 100 1 10 10 12 1 10 7 12 1 1 1 10 12 1 1 10 12 1 1 10 12 1 10 7 12 1 1 1 7 1 8 1 10 10 12 10 12 1 1 7 1 7 1 7 1 8 1 10 12 1 10 7 12 1 1 1 1 1 1 1 1 1 1 1 1 1 1 1 1 1 1 1 1 1 1 1 1 1 1 1 1 1 1 1 1 1 1 1 1 1 1 1 1 1 1 1 1 1 1 1 1 1 1 1 1 1 1 1 7 1 7 1 1 1 1
staticfield java/lang/invoke/CallSite $assertionsDisabled Z 1
ciInstanceKlass java/lang/invoke/ConstantCallSite 1 1 65 10 7 12 1 1 1 9 7 12 1 1 1 9 12 1 1 10 7 12 1 1 1 10 12 1 100 1 10 12 9 12 1 1 100 1 10 10 12 1 1 10 12 1 1 1 1 1 1 1 1 1 1 1 1 1 100 1 1 1 1 1 1 1 1
staticfield java/lang/invoke/ConstantCallSite UNSAFE Ljdk/internal/misc/Unsafe; jdk/internal/misc/Unsafe
instanceKlass java/lang/invoke/DirectMethodHandle$Special
instanceKlass java/lang/invoke/DirectMethodHandle$StaticAccessor
instanceKlass java/lang/invoke/DirectMethodHandle$Interface
instanceKlass java/lang/invoke/DirectMethodHandle$Constructor
instanceKlass java/lang/invoke/DirectMethodHandle$Accessor
ciInstanceKlass java/lang/invoke/DirectMethodHandle 1 1 923 7 1 7 1 100 1 7 1 7 1 10 7 12 1 1 1 10 7 12 1 1 1 7 1 10 12 1 10 12 1 1 10 7 12 1 1 10 12 1 1 10 12 1 10 12 1 7 1 10 12 1 1 10 12 1 1 10 12 1 10 12 1 1 10 7 12 1 1 1 10 12 1 9 12 1 1 100 1 10 9 12 1 1 9 12 1 10 12 1 10 12 1 10 12 1 1 10 12 1 10 12 1 10 12 1 10 7 12 1 1 1 10 12 1 10 12 1 1 8 1 10 12 1 1 7 1 10 12 1 7 1 10 10 12 1 10 12 1 10 12 1 10 7 12 1 1 1 10 12 1 1 7 1 10 12 1 10 12 1 7 1 10 12 1 10 12 1 1 10 12 1 1 10 12 1 8 10 7 12 1 1 1 10 12 1 10 12 1 10 12 1 1 10 12 1 9 7 12 1 1 1 7 1 10 12 1 10 7 12 1 1 1 10 12 1 10 12 1 1 9 12 1 1 7 1 10 8 1 10 12 1 1 10 12 1 1 8 1 10 12 1 10 12 1 10 10 12 1 10 12 1 10 12 1 10 12 1 10 12 1 1 10 12 1 10 12 1 1 10 12 1 10 12 1 1 10 10 7 12 1 1 1 10 12 1 10 12 1 1 10 12 1 10 12 1 1 8 1 9 7 12 1 1 1 8 1 9 12 1 9 12 1 8 1 9 12 1 9 12 1 8 1 9 12 1 9 12 1 8 1 10 12 1 10 12 1 1 9 12 1 1 7 1 10 12 1 1 7 1 10 7 12 1 1 1 10 12 1 1 10 12 1 10 12 1 1 7 1 10 12 1 1 10 12 1 10 12 1 1 7 1 10 12 1 1 10 12 1 10 7 12 1 1 1 10 12 1 10 12 1 1 10 12 1 9 12 1 1 10 7 1 9 12 9 12 1 10 7 12 1 1 1 10 12 1 7 1 7 1 7 1 9 12 1 1 10 7 12 1 1 1 10 12 10 12 1 7 1 10 12 1 10 12 1 1 8 1 9 12 1 9 12 1 10 12 1 1 9 12 1 1 10 7 12 1 1 1 9 12 1 1 9 12 1 1 10 12 1 10 12 1 10 12 1 10 12 1 1 10 12 1 9 12 1 10 12 1 10 12 1 10 12 1 10 12 1 1 10 12 1 1 9 12 1 1 10 12 1 1 9 7 12 1 1 1 9 12 1 9 12 1 9 12 1 9 12 1 9 12 1 9 12 1 9 12 1 9 12 1 9 12 1 9 12 1 9 12 1 9 12 1 9 12 1 9 12 1 9 12 1 9 12 1 9 12 1 9 12 1 9 12 1 9 12 1 9 12 1 9 12 1 9 12 1 9 12 1 9 12 1 9 12 1 9 12 1 9 12 1 9 12 1 9 12 1 9 12 1 9 12 1 9 12 1 9 12 1 9 12 1 9 12 1 8 1 9 12 1 1 9 12 1 1 10 12 1 10 12 1 1 9 7 1 10 12 1 9 12 1 1 10 12 10 12 1 10 12 1 10 12 1 10 12 1 10 8 1 8 1 8 1 8 1 10 12 1 1 9 12 1 1 10 12 1 10 100 12 1 1 1 8 9 12 1 1 10 12 1 1 8 1 8 8 9 12 1 8 1 8 8 8 8 8 1 8 10 12 1 7 1 10 12 1 8 1 8 1 10 12 1 10 12 1 10 12 1 10 12 1 1 7 1 1 1 1 3 1 3 1 3 1 3 1 3 1 3 1 3 1 3 1 3 1 3 1 1 1 1 1 1 1 1 1 1 3 1 3 1 1 1 1 3 1 1 1 1 1 1 1 1 1 1 1 1 1 1 1 1 1 1 1 1 1 1 1 1 1 1 1 1 1 1 1 1 1 1 1 1 1 1 1 1 1 1 1 1 1 1 1 1 1 1 1 1 1 1 1 1 1 100 1 1 1 1 1 1 1 1 1 100 1 1 1 1 1 1 1 1 1 1 1 1 1 1 1 1 1 1 1 1 1 1 1 1 1 1 1 1 1 1 1 1 1 1 1 1 1 1 1 1 1 1 1 1 1 1 1 1 1 1 1 1
staticfield java/lang/invoke/DirectMethodHandle IMPL_NAMES Ljava/lang/invoke/MemberName$Factory; java/lang/invoke/MemberName$Factory
staticfield java/lang/invoke/DirectMethodHandle FT_UNCHECKED_REF I 8
staticfield java/lang/invoke/DirectMethodHandle ACCESSOR_FORMS [Ljava/lang/invoke/LambdaForm; 132 [Ljava/lang/invoke/LambdaForm;
staticfield java/lang/invoke/DirectMethodHandle ALL_WRAPPERS [Lsun/invoke/util/Wrapper; 10 [Lsun/invoke/util/Wrapper;
staticfield java/lang/invoke/DirectMethodHandle NFS [Ljava/lang/invoke/LambdaForm$NamedFunction; 12 [Ljava/lang/invoke/LambdaForm$NamedFunction;
staticfield java/lang/invoke/DirectMethodHandle OBJ_OBJ_TYPE Ljava/lang/invoke/MethodType; java/lang/invoke/MethodType
staticfield java/lang/invoke/DirectMethodHandle LONG_OBJ_TYPE Ljava/lang/invoke/MethodType; java/lang/invoke/MethodType
staticfield java/lang/invoke/DirectMethodHandle $assertionsDisabled Z 1
ciInstanceKlass java/lang/invoke/MutableCallSite 0 0 63 10 100 12 1 1 1 10 12 1 9 100 12 1 1 1 10 12 1 10 12 1 1 9 12 1 1 10 100 12 1 1 1 10 100 12 1 1 1 10 12 1 1 1 1 1 1 1 1 1 1 1 1 1 1 1 1 1 1 100 1 1 1
ciInstanceKlass java/lang/invoke/VolatileCallSite 0 0 37 10 100 12 1 1 1 10 12 1 10 100 12 1 1 1 10 12 1 10 12 1 1 1 1 1 1 1 1 1 1 1 1 1 1 1 1
ciInstanceKlass java/lang/invoke/ResolvedMethodName 1 1 16 10 100 12 1 1 1 100 1 1 1 1 1 1 1 1
ciInstanceKlass java/lang/invoke/MethodHandleNatives 1 1 690 100 1 10 7 12 1 1 1 9 7 12 1 1 1 10 12 1 1 100 1 10 10 12 1 1 10 12 1 10 12 1 8 1 8 1 8 1 8 1 8 1 8 1 8 1 8 1 8 1 8 1 10 12 1 1 7 1 10 7 12 1 1 1 10 7 12 1 1 1 7 1 10 10 12 1 1 8 1 10 12 1 8 1 10 12 1 1 8 1 10 12 1 1 9 7 12 1 1 1 8 1 10 100 12 1 1 1 7 1 10 12 100 1 100 1 8 1 7 1 10 10 12 1 7 1 9 7 12 1 1 10 12 1 1 10 12 1 10 7 12 1 1 1 10 12 1 1 9 12 1 8 1 10 12 1 1 10 12 1 8 1 10 12 1 1 7 1 10 12 1 10 7 12 1 1 1 10 12 1 10 12 1 1 10 12 1 1 8 1 10 12 1 1 8 1 10 12 1 8 1 8 1 8 1 7 1 10 12 1 8 1 10 7 12 1 1 1 10 12 1 1 10 7 12 1 1 10 10 12 1 1 10 12 1 10 100 12 1 1 1 100 1 8 1 10 100 12 1 1 1 7 1 8 1 10 12 1 8 1 8 1 8 1 8 1 8 1 10 12 1 1 10 12 1 1 10 12 1 10 12 1 1 10 12 1 1 7 1 10 12 1 7 1 7 1 10 12 1 10 12 1 8 1 8 1 10 10 12 1 1 10 12 1 1 8 1 10 7 12 1 1 8 1 8 1 10 12 1 1 10 7 12 1 1 1 100 1 10 12 1 1 7 1 9 12 1 1 10 7 12 1 1 1 10 10 12 1 9 12 1 10 12 1 9 12 1 9 12 1 10 12 1 1 10 12 1 10 12 1 1 7 1 7 1 10 12 1 1 10 12 1 10 12 1 1 10 7 12 1 1 1 10 12 1 8 1 10 12 1 10 12 1 10 12 1 1 10 12 1 10 7 12 1 1 1 10 12 1 1 100 1 8 1 10 9 7 12 1 1 1 10 12 1 1 10 12 1 1 7 1 10 12 1 1 10 12 1 1 100 1 100 1 10 10 100 1 100 1 10 100 1 10 10 12 1 1 10 7 1 10 12 1 10 12 1 1 10 12 1 1 10 12 1 1 10 12 1 10 12 1 1 10 8 1 10 12 1 10 12 1 10 12 1 10 12 1 10 12 1 1 10 12 1 10 12 1 10 12 1 10 10 7 12 1 1 10 12 1 1 1 1 1 1 1 1 1 1 1 1 1 7 1 1 1 1 1 1 1 1 1 1 1 1 1 1 1 1 1 1 1 1 1 1 1 1 1 1 1 1 1 1 1 1 1 1 1 1 1 1 1 1 1 1 1 1 1 1 1 1 1 1 1 1 1 1 1 1 1 1 1 1 1 1 1 1 1 100 1 1 1 1 1 1 1 1 1 1 1 1 1 1 1 1 1 1 1 1 1 1 1 1 1 1 1 1 1 1 1 1 1 100 1 1 1 1 1 1 1 1 1 1 1 1 1 1 1 1 1 1 1 1 1 1 1 1 1 1 7 1 1 1 1 1 1 1 100 1 1 1
staticfield java/lang/invoke/MethodHandleNatives $assertionsDisabled Z 1
ciInstanceKlass java/lang/invoke/MethodHandleNatives$CallSiteContext 1 1 49 10 7 12 1 1 1 7 1 10 10 7 12 1 1 1 10 7 12 1 1 1 10 7 12 1 1 1 100 1 1 1 1 1 1 1 1 1 1 1 1 1 1 1 1 1 100 1 1
ciInstanceKlass jdk/internal/foreign/abi/NativeEntryPoint 0 0 194 10 7 12 1 1 1 9 7 12 1 1 1 9 12 1 1 100 1 8 1 10 12 1 10 12 1 1 100 1 10 100 12 1 1 1 10 12 1 9 12 1 1 18 12 1 1 10 100 12 1 1 1 10 7 12 1 1 1 9 7 12 1 1 1 7 1 10 8 1 10 12 1 1 10 12 1 10 12 1 1 8 1 10 12 1 1 7 1 8 1 10 12 1 10 12 1 1 10 12 1 9 12 1 1 18 12 1 1 10 100 12 1 1 1 10 12 1 1 10 12 1 10 100 12 1 1 1 10 1 1 1 1 1 1 1 1 1 1 1 1 1 1 1 1 1 1 1 1 1 1 1 1 1 1 1 1 1 1 1 1 1 1 1 1 1 16 1 15 10 12 16 1 16 15 10 12 15 10 100 12 1 1 1 1 1 100 1 1 100 1 100 1 1
ciInstanceKlass jdk/internal/foreign/abi/ABIDescriptor 0 0 55 10 100 12 1 1 1 9 100 12 1 1 1 9 12 1 1 9 12 1 9 12 1 9 12 1 1 9 12 1 9 12 1 1 9 12 1 9 12 1 9 12 1 9 12 1 1 1 1 1 1 1 1 1 1
ciInstanceKlass jdk/internal/foreign/abi/VMStorage 0 0 91 10 7 12 1 1 1 9 7 12 1 1 1 9 12 1 1 9 12 1 1 9 12 1 1 7 1 10 8 1 10 12 1 1 10 12 1 10 12 1 1 10 12 1 18 12 1 18 12 1 1 18 12 1 1 1 1 1 1 1 1 1 1 1 1 1 1 1 1 1 1 1 8 1 15 15 15 15 15 10 100 12 1 1 1 1 100 1 100 1 1
ciInstanceKlass jdk/internal/foreign/abi/UpcallLinker$CallRegs 0 0 66 10 7 12 1 1 1 9 7 12 1 1 1 9 12 1 18 12 1 1 18 12 1 1 18 12 1 1 1 1 1 1 1 1 1 1 1 1 1 1 1 1 1 1 100 1 1 1 8 1 15 15 15 10 100 12 1 1 1 1 1 100 1 100 1 1
ciInstanceKlass java/lang/StackWalker 1 1 271 9 7 12 1 1 1 7 1 10 7 12 1 1 1 10 12 1 1 10 7 12 1 1 1 10 12 1 1 10 12 1 11 7 12 1 1 1 10 12 1 1 10 12 1 1 10 12 1 1 100 1 8 1 10 12 1 10 12 1 10 12 1 10 7 12 1 1 9 12 1 1 9 12 1 1 9 12 1 1 9 12 1 1 10 12 1 1 9 12 1 1 9 12 1 1 9 12 1 1 10 7 12 1 1 1 11 12 1 1 100 1 8 1 10 10 7 12 1 1 9 12 1 1 10 12 1 1 10 7 12 1 1 1 10 7 12 1 1 1 18 12 1 1 100 1 8 1 10 8 1 10 12 1 1 10 100 12 1 1 1 10 12 1 1 9 7 12 1 1 11 100 12 1 1 1 10 12 1 1 1 1 1 1 1 1 1 1 1 1 1 1 1 1 1 1 1 1 1 1 1 1 1 1 1 1 1 1 1 1 1 1 1 1 1 1 1 1 1 1 1 1 1 1 1 1 1 1 1 1 1 1 1 1 1 1 1 1 1 1 1 1 1 1 7 1 1 16 15 10 12 16 1 15 10 100 12 1 1 1 1 1 1 1 1 1 100 1 100 1 1
staticfield java/lang/StackWalker DEFAULT_EMPTY_OPTION Ljava/util/EnumSet; java/util/RegularEnumSet
staticfield java/lang/StackWalker DEFAULT_WALKER Ljava/lang/StackWalker; java/lang/StackWalker
ciInstanceKlass java/lang/StackWalker$StackFrame 1 1 41 100 1 10 12 1 1 100 1 100 1 1 1 1 1 1 1 1 1 1 1 1 1 1 1 1 1 1 1 1 1 1 1 1 1 1 1 100 1 1 1
instanceKlass java/lang/LiveStackFrameInfo
ciInstanceKlass java/lang/StackFrameInfo 1 1 142 10 7 12 1 1 1 9 7 12 1 1 1 9 7 1 9 12 1 1 11 7 12 1 1 1 9 12 1 1 11 12 1 1 10 12 1 1 10 7 12 1 1 1 10 12 1 11 12 1 11 12 1 1 11 12 1 10 12 1 1 9 12 1 1 10 12 1 1 10 7 12 1 1 10 12 1 1 11 12 1 1 9 12 1 1 10 7 1 10 12 1 9 12 1 1 10 12 1 1 100 1 8 1 10 12 1 10 7 12 1 1 1 7 1 1 1 1 1 1 1 1 1 1 1 1 1 1 1 1 1 1 7 1 1 7 1 1 1 1 1 1
staticfield java/lang/StackFrameInfo JLIA Ljdk/internal/access/JavaLangInvokeAccess; java/lang/invoke/MethodHandleImpl$1
ciInstanceKlass java/lang/LiveStackFrameInfo 0 0 97 10 7 12 1 1 1 9 7 12 1 1 1 9 12 1 9 12 1 9 12 1 9 12 1 1 7 1 10 12 1 1 10 12 1 8 1 10 12 1 1 8 1 8 1 8 1 10 100 1 10 12 1 100 1 10 12 1 7 1 7 1 1 1 3 1 3 1 1 1 1 1 1 1 1 1 1 1 1 1 1 1 1 1 1 1 1 1 1 1 1 1 1 1 100 1 1
ciInstanceKlass java/lang/LiveStackFrame 0 0 135 100 1 10 100 12 1 1 1 11 7 12 1 1 1 11 12 1 10 7 12 1 1 1 100 1 8 1 10 12 1 1 10 7 12 1 1 1 9 100 12 1 1 1 10 7 12 1 1 1 10 7 12 1 1 1 11 12 1 10 12 1 7 1 7 1 1 1 1 1 1 1 1 1 1 1 1 1 1 1 1 1 1 1 1 1 1 1 1 1 1 1 1 100 1 1 1 1 1 1 1 100 1 8 1 1 12 10 1 1 1 8 1 1 1 8 1 1 1 8 1 1 1 8 1 1 8 1 1 1 8 1 1 8 1
instanceKlass java/lang/StackStreamFactory$StackFrameTraverser
ciInstanceKlass java/lang/StackStreamFactory$AbstractStackWalker 1 1 375 7 1 7 1 3 10 7 12 1 1 1 10 7 12 1 1 10 7 12 1 1 1 9 12 1 1 10 12 1 1 9 12 1 1 9 12 1 1 9 12 1 1 9 12 1 10 7 12 1 1 1 10 12 1 1 10 7 12 1 1 9 12 1 1 9 12 1 1 10 12 1 1 9 7 12 1 1 1 10 12 1 1 10 12 1 9 12 1 1 10 7 12 1 1 1 10 12 1 1 9 12 1 1 9 7 12 1 1 1 7 1 10 8 1 10 12 1 1 10 12 1 8 1 10 12 1 1 10 100 12 1 1 1 100 1 8 1 10 12 1 8 1 10 12 10 7 12 1 1 9 12 1 8 1 5 0 8 1 8 1 9 12 1 1 10 12 1 1 18 12 1 1 10 7 12 1 1 1 10 12 1 1 10 12 1 10 12 1 9 12 1 10 12 1 10 12 1 10 12 1 10 12 1 10 12 1 10 12 1 1 8 1 10 12 1 10 12 1 10 12 1 10 12 1 1 8 1 10 12 1 1 10 12 1 1 10 12 1 1 10 12 1 10 12 1 10 7 12 1 1 1 10 12 1 10 12 1 9 12 1 8 1 10 12 1 10 12 1 10 12 1 1 10 12 1 10 12 1 10 12 1 1 10 12 1 10 12 1 10 12 1 10 12 1 10 12 1 10 12 1 1 10 12 1 1 10 12 1 8 1 1 1 1 1 1 1 1 1 1 1 1 1 7 1 1 1 1 1 1 1 7 1 1 1 1 7 1 1 1 1 1 1 1 1 1 1 1 1 1 1 1 1 1 1 1 16 15 15 10 100 12 1 1 1 1 1 1 1 1 100 1 100 1 1
ciInstanceKlass jdk/internal/module/Modules 1 1 504 10 7 12 1 1 1 9 7 12 1 1 1 11 7 12 1 1 1 11 12 1 1 11 12 1 1 11 12 1 1 11 12 1 11 12 1 11 12 1 11 12 1 11 12 1 1 10 7 12 1 1 1 10 100 12 1 1 1 18 12 1 1 10 7 12 1 1 1 7 1 10 7 12 1 1 1 10 100 12 1 1 1 10 100 12 1 1 10 12 1 1 11 12 1 9 12 1 1 11 7 12 1 1 1 10 12 1 1 10 10 12 1 10 9 12 1 1 10 100 12 1 1 10 12 1 1 10 100 12 1 1 100 1 11 100 12 1 1 1 10 100 12 1 1 1 11 100 12 1 1 10 12 1 1 10 100 12 1 1 10 100 12 1 1 1 10 12 1 1 10 12 1 1 11 12 1 1 18 12 1 1 11 100 12 1 1 10 100 12 1 1 1 11 100 12 1 1 1 7 1 11 12 1 1 11 7 12 1 1 1 11 12 1 1 10 12 1 1 10 100 12 1 1 18 12 1 1 11 12 1 1 18 12 1 1 11 12 1 1 10 12 1 18 18 10 12 1 1 9 12 1 1 11 7 12 1 1 1 100 1 10 11 12 1 11 12 1 1 11 12 1 1 10 100 1 10 12 1 1 10 100 12 1 1 10 12 1 1 11 12 10 12 1 1 7 1 10 18 12 1 10 12 1 1 7 1 8 1 10 12 1 10 100 12 1 1 18 12 1 11 11 12 10 12 1 10 10 100 1 18 12 1 10 10 10 7 12 1 1 10 7 12 1 1 1 10 12 1 1 1 1 1 1 1 1 1 1 1 1 1 1 1 1 1 1 1 1 1 1 1 1 1 1 1 1 1 1 1 1 1 100 1 1 1 1 1 1 1 1 1 1 1 1 1 1 1 1 1 1 1 1 1 1 1 1 1 1 1 1 1 1 1 1 1 1 1 7 1 1 1 1 1 1 1 1 1 1 1 1 1 1 1 1 1 1 1 1 1 1 1 16 15 10 12 1 16 16 15 10 12 1 16 1 16 1 15 10 12 1 16 1 16 1 15 10 12 16 1 15 10 16 1 15 10 12 16 1 15 10 12 16 15 10 12 16 15 10 12 15 10 100 12 1 1 1 1 1 1 100 1 100 1 1
staticfield jdk/internal/module/Modules JLA Ljdk/internal/access/JavaLangAccess; java/lang/System$2
staticfield jdk/internal/module/Modules JLMA Ljdk/internal/access/JavaLangModuleAccess; java/lang/module/ModuleDescriptor$1
staticfield jdk/internal/module/Modules $assertionsDisabled Z 1
instanceKlass org/eclipse/sisu/bean/BeanScheduler$Pending
instanceKlass org/apache/maven/artifact/versioning/ComparableVersion$ListItem
ciInstanceKlass java/util/ArrayList 1 1 509 10 7 12 1 1 1 7 1 9 7 12 1 1 1 9 12 1 100 1 7 1 10 8 1 10 12 1 1 10 12 1 10 12 1 1 10 12 1 9 12 1 11 7 12 1 1 1 9 12 1 1 11 12 1 1 7 10 7 12 1 1 1 9 12 1 10 12 1 10 12 1 1 10 7 12 1 1 1 10 7 12 1 1 1 10 12 1 1 10 12 1 1 10 12 1 1 10 12 1 10 12 1 1 100 1 7 1 10 12 1 10 10 7 12 1 1 1 10 7 12 1 1 10 12 1 100 1 10 10 12 10 12 1 1 10 12 1 1 10 12 1 10 12 10 12 1 1 7 1 10 12 1 1 10 12 1 1 10 12 1 100 1 10 11 12 1 1 11 7 12 1 1 1 11 12 1 10 12 1 10 12 1 10 12 1 1 100 1 10 12 1 1 10 10 12 1 1 10 12 1 8 1 8 1 8 1 8 1 10 12 1 1 10 12 1 1 11 12 1 7 1 10 100 12 1 1 10 12 1 10 12 1 1 10 100 12 1 1 10 12 1 10 100 12 1 1 1 11 100 12 1 1 1 10 12 1 100 1 8 1 10 7 1 10 12 1 7 1 10 12 1 10 12 1 1 7 1 10 12 1 10 12 1 1 11 7 12 1 1 7 1 10 12 1 10 12 1 1 11 7 12 1 1 10 12 1 1 10 12 1 1 10 12 1 1 10 12 1 1 11 100 12 1 1 10 12 1 1 7 1 7 1 7 1 1 1 1 5 0 1 3 1 1 1 1 1 1 1 1 1 1 1 1 1 1 1 1 1 1 1 1 1 1 1 1 1 1 1 1 1 1 1 1 1 1 1 1 1 1 1 1 1 1 1 1 1 1 1 1 1 1 1 1 1 1 1 1 1 1 1 1 1 1 1 1 1 1 1 1 1 1 1 1 1 1 1 1 1 1 1 1 1 1 1 1 1 1 1 1 1 1 1 1 1 1 1 1 1 1 1 1 1 1 1 1 100 1 1 1 1 7 1 1 1 1 1 1 1 1 1 1 1 1 1 1 1 1 1 1 1 1 1 1 1 1 1 1 1 1 1 100 1 1 1 1 1 1 1 1 1 1 1 1 1 1 1 1 1 1 100 1 100 1 1 1 1 1 1
staticfield java/util/ArrayList EMPTY_ELEMENTDATA [Ljava/lang/Object; 0 [Ljava/lang/Object;
staticfield java/util/ArrayList DEFAULTCAPACITY_EMPTY_ELEMENTDATA [Ljava/lang/Object; 0 [Ljava/lang/Object;
ciInstanceKlass java/util/RandomAccess 1 0 7 100 1 100 1 1 1
ciMethod java/util/ArrayList add (Ljava/lang/Object;)Z 522 0 119591 0 -1
ciMethod java/util/ArrayList <init> (I)V 528 0 5387 0 -1
ciInstanceKlass java/util/Comparator 1 1 288 10 7 12 1 1 1 10 7 12 1 1 1 18 12 1 1 7 1 7 1 11 12 1 1 11 12 1 11 12 1 11 12 1 1 11 12 1 1 11 12 1 1 10 12 1 9 7 12 1 1 1 100 1 10 12 1 1 18 12 1 18 12 18 12 18 12 18 12 10 100 12 1 1 1 10 7 12 1 1 1 8 1 10 12 1 1 8 1 8 1 8 1 8 1 8 1 10 12 1 10 12 1 8 10 7 1 10 12 1 8 10 12 1 8 1 10 12 1 10 12 1 8 1 10 12 1 1 100 1 8 1 7 1 8 1 8 1 7 1 8 1 8 1 100 1 100 1 8 1 10 12 1 11 12 1 1 10 7 12 1 1 11 12 1 1 10 7 12 1 1 11 12 1 1 10 7 12 1 1 11 12 1 7 1 11 12 1 11 12 1 1 1 1 1 1 1 1 1 1 1 1 1 1 1 1 1 1 1 1 1 1 1 1 1 1 1 1 1 1 1 1 1 1 1 1 1 1 1 1 1 1 1 1 1 1 1 1 1 1 1 1 1 1 1 1 1 1 1 1 16 15 11 12 3 3 15 11 12 15 11 12 15 11 12 15 11 12 15 11 12 15 10 7 12 1 1 1 1 100 1 1 1 100 1 100 1 1
ciMethod java/util/Comparator compare (Ljava/lang/Object;Ljava/lang/Object;)I 0 0 1 0 -1
ciInstanceKlass java/lang/annotation/Annotation 1 0 17 100 1 100 1 1 1 1 1 1 1 1 1 1 1 1 1
ciMethod java/util/Arrays binarySearch ([Ljava/lang/Object;IILjava/lang/Object;Ljava/util/Comparator;)I 512 0 27492 0 2024
ciMethod java/util/Arrays binarySearch0 ([Ljava/lang/Object;IILjava/lang/Object;)I 790 3154 2958 0 -1
ciMethod java/util/Arrays binarySearch0 ([Ljava/lang/Object;IILjava/lang/Object;Ljava/util/Comparator;)I 522 882 25078 0 1912
ciMethod java/util/Arrays rangeCheck (III)V 514 0 8506 0 160
ciMethod java/util/Arrays hashCode ([C)I 546 0 66320 0 616
ciMethod java/util/Arrays equals ([C[C)Z 548 0 78750 0 -1
ciMethod jdk/internal/util/ArraysSupport vectorizedHashCode (Ljava/lang/Object;IIII)I 828 0 13750 0 -1
ciMethod java/lang/Object <init> ()V 1024 0 3146154 0 136
ciInstanceKlass java/lang/ArrayIndexOutOfBoundsException 0 0 45 10 100 12 1 1 1 10 12 1 100 1 10 8 1 10 12 1 1 10 12 1 10 12 1 1 100 1 1 1 1 5 0 1 1 1 1 1 1 1 1 1 1 1 1
ciInstanceKlass org/eclipse/jdt/internal/compiler/impl/CompilerOptions 1 1 1807 7 1 7 1 1 1 1 8 1 1 8 1 1 8 1 1 8 1 1 8 1 1 8 1 1 8 1 1 8 1 1 8 1 1 8 1 1 8 1 1 8 1 1 8 1 1 8 1 1 8 1 1 8 1 1 8 1 1 8 1 1 8 1 1 8 1 1 8 1 1 8 1 1 8 1 1 8 1 1 8 1 1 8 1 1 8 1 1 8 1 1 8 1 1 8 1 1 8 1 1 8 1 1 8 1 1 8 1 1 8 1 1 8 1 1 8 1 1 8 1 1 8 1 1 8 1 1 8 1 1 8 1 1 8 1 1 8 1 1 8 1 1 8 1 1 8 1 1 8 1 1 8 1 1 8 1 1 8 1 1 8 1 1 8 1 1 8 1 1 8 1 1 8 1 1 8 1 1 8 1 1 8 1 1 8 1 1 8 1 1 8 1 1 8 1 1 8 1 1 8 1 1 8 1 1 8 1 1 8 1 1 8 1 1 8 1 1 8 1 1 8 1 1 8 1 1 8 1 1 8 1 1 8 1 1 8 1 1 8 1 1 8 1 1 8 1 1 8 1 1 8 1 1 8 1 1 8 1 1 8 1 1 8 1 1 8 1 1 8 1 1 8 1 1 8 1 1 8 1 1 8 1 1 8 1 1 8 1 1 8 1 1 8 1 1 8 1 1 8 1 1 8 1 1 8 1 1 8 1 1 8 1 1 8 1 1 8 1 1 8 1 1 8 1 1 8 1 1 8 1 1 8 1 1 8 1 1 8 1 1 8 1 1 8 1 1 8 1 1 8 1 1 8 1 1 8 1 1 8 1 1 8 1 1 8 1 1 8 1 1 8 1 1 8 1 1 8 1 1 1 1 1 8 1 1 8 1 1 8 1 1 8 1 1 8 1 1 8 1 1 8 1 1 8 1 1 8 1 1 8 1 1 8 1 1 8 1 1 1 1 1 8 1 1 8 1 1 8 1 1 8 1 1 8 1 1 8 1 1 8 1 1 8 1 1 8 1 1 8 1 1 8 1 1 8 1 1 8 1 1 8 1 1 8 1 1 8 1 1 8 1 1 8 1 1 8 1 1 8 1 1 8 1 1 8 1 1 8 1 1 8 1 1 8 1 1 8 1 1 8 1 1 8 1 1 8 1 1 8 1 1 8 1 1 8 1 1 8 1 1 8 1 1 8 1 1 8 1 1 8 1 1 8 1 1 8 1 1 8 1 1 8 1 1 8 1 1 8 1 1 8 1 1 8 1 1 8 1 1 8 1 1 8 1 1 1 1 1 1 8 1 1 8 1 1 8 1 1 8 1 1 8 1 1 8 1 1 8 1 1 8 1 1 8 1 1 8 1 1 8 1 1 8 1 1 8 1 1 1 1 1 3 1 3 1 3 1 3 1 3 1 3 1 3 1 3 1 3 1 3 1 3 1 3 1 3 1 3 1 3 1 3 1 3 1 3 1 3 1 3 1 3 1 3 1 3 1 3 1 3 1 3 1 3 1 3 1 3 1 3 1 3 1 3 1 3 1 3 1 3 1 3 1 3 1 3 1 3 1 3 1 3 1 3 1 3 1 3 1 3 1 3 1 3 1 3 1 3 1 3 1 3 1 3 1 3 1 3 1 3 1 3 1 3 1 3 1 3 1 3 1 3 1 3 1 3 1 3 1 3 1 3 1 3 1 3 1 3 1 3 1 3 1 3 1 3 1 3 1 3 1 3 1 3 1 3 1 3 1 3 1 3 1 3 1 3 1 3 1 3 1 3 1 3 1 3 1 3 1 3 1 1 1 1 1 1 1 1 1 1 1 1 1 1 1 1 1 1 1 1 1 1 1 1 1 1 1 1 1 1 1 1 1 1 1 1 1 1 1 1 1 1 1 1 1 1 1 1 1 1 1 1 1 1 1 1 1 1 1 1 1 1 1 1 1 1 1 1 1 1 1 1 1 1 1 1 1 1 1 1 1 1 1 1 1 1 1 1 8 1 10 7 1 12 1 1 10 7 1 12 1 1 9 12 8 1 9 12 8 1 9 12 8 1 9 12 8 1 9 12 11 7 1 12 1 1 9 12 9 12 8 1 8 1 8 1 8 1 8 1 8 1 8 1 8 1 8 1 8 1 8 1 8 1 8 1 8 1 8 1 8 1 8 1 8 1 8 1 8 1 8 1 8 1 8 1 8 1 8 1 8 1 8 1 8 1 8 1 9 12 1 1 7 1 100 1 1 10 12 1 1 1 1 10 12 9 12 9 12 9 12 8 10 7 1 12 1 1 8 1 10 12 1 1 9 12 9 12 9 12 10 12 1 10 12 1 1 1 1 1 1 1 7 1 1 1 1 9 12 1 1 1 1 100 1 5 0 1 1 1 1 1 1 5 0 5 0 5 0 5 0 5 0 5 0 5 0 5 0 5 0 18 12 1 9 7 1 12 1 1 1 1 1 10 12 1 1 10 7 1 12 1 1 1 1 10 12 1 1 10 12 1 1 10 12 1 1 10 12 1 1 10 12 1 1 5 0 100 1 1 1 1 1 1 1 1 1 1 9 12 1 9 12 1 9 12 1 9 12 1 9 12 1 9 12 1 9 12 1 9 12 1 9 12 1 9 12 1 9 12 1 9 12 1 9 12 1 9 12 1 9 12 1 9 12 1 9 12 1 9 12 1 9 12 1 9 12 1 9 12 1 9 12 1 9 12 1 9 12 1 9 12 1 9 12 1 9 12 1 9 12 1 9 12 1 1 1 1 1 7 1 10 12 1 9 12 11 12 1 1 9 12 9 12 9 12 9 12 10 12 1 9 12 9 12 9 12 9 12 10 12 1 9 12 9 12 9 12 9 12 9 12 9 12 9 12 9 12 9 12 9 12 9 12 9 12 9 12 9 12 9 12 10 12 9 12 9 12 9 12 9 12 9 12 10 12 1 1 10 12 1 9 12 9 12 9 12 9 12 9 12 9 12 9 12 10 12 1 9 12 9 12 9 12 9 12 9 12 9 12 9 12 9 12 9 12 10 12 1 9 12 9 12 9 12 9 12 9 12 10 12 1 1 9 12 9 12 9 12 9 12 9 12 9 12 9 12 9 12 1 1 9 12 10 12 1 1 3 9 12 9 12 100 1 100 1 1 1 1 10 12 1 1 1 1 10 12 1 1 1 1 1 1 1 1 100 9 12 1 10 12 1 9 12 1 9 12 1 10 12 9 7 1 12 1 9 12 9 12 9 12 9 12 9 12 9 12 9 12 9 12 9 12 1 11 12 1 1 10 12 9 12 5 0 7 1 7 1 10 12 1 10 12 1 10 12 1 10 12 1 1 10 12 10 12 1 10 12 1 10 12 1 1 9 12 100 1 1 1 1 1 8 1 10 12 1 10 12 1 100 8 1 10 12 1 10 12 1 1 1 1 100 1 8 1 10 12 1 8 1 10 12 1 1 8 1 8 1 8 1 8 1 8 1 8 1 8 1 8 1 8 1 8 1 8 1 8 1 8 1 8 1 8 1 8 1 8 1 8 1 8 1 8 1 8 1 8 1 8 1 8 1 8 1 8 1 8 1 8 1 8 1 8 1 8 1 8 1 8 1 8 1 8 1 8 1 8 1 8 1 8 1 8 1 8 1 8 1 8 1 8 1 8 1 8 1 8 1 8 1 8 1 8 1 8 1 18 12 18 18 8 1 8 1 8 1 8 1 8 1 8 1 8 1 8 1 8 1 8 1 8 1 8 1 8 1 8 1 8 1 8 1 8 1 8 1 8 1 8 1 8 1 8 1 8 1 8 1 8 1 8 1 8 1 8 1 8 1 8 1 8 1 8 1 8 1 8 1 8 1 8 1 8 1 8 1 8 1 8 1 8 1 8 1 8 1 8 1 8 1 8 1 8 1 8 1 8 1 8 1 8 1 8 1 8 1 8 1 8 1 8 1 8 1 8 1 8 1 8 1 8 1 8 1 8 1 8 1 8 1 8 1 8 1 8 1 8 1 8 1 10 12 1 1 1 1 1 1 10 100 1 12 1 1 1 1 10 100 1 12 1 15 8 1 8 1 8 1 8 1 1 100 1 100 1 1
staticfield org/eclipse/jdt/internal/compiler/impl/CompilerOptions DEFAULT_OWNING_ANNOTATION_NAME [[C 5 [[C
staticfield org/eclipse/jdt/internal/compiler/impl/CompilerOptions DEFAULT_NOTOWNING_ANNOTATION_NAME [[C 5 [[C
staticfield org/eclipse/jdt/internal/compiler/impl/CompilerOptions DEFAULT_NULLABLE_ANNOTATION_NAME [[C 5 [[C
staticfield org/eclipse/jdt/internal/compiler/impl/CompilerOptions DEFAULT_NONNULL_ANNOTATION_NAME [[C 5 [[C
staticfield org/eclipse/jdt/internal/compiler/impl/CompilerOptions DEFAULT_NONNULLBYDEFAULT_ANNOTATION_NAME [[C 5 [[C
staticfield org/eclipse/jdt/internal/compiler/impl/CompilerOptions NO_STRINGS [Ljava/lang/String; 0 [Ljava/lang/String;
staticfield org/eclipse/jdt/internal/compiler/impl/CompilerOptions warningTokens [Ljava/lang/String; 29 [Ljava/lang/String;
ciInstanceKlass org/eclipse/jdt/core/compiler/CharOperation 1 1 393 7 1 100 1 1 1 1 1 1 1 1 1 1 1 1 1 1 9 12 7 9 12 7 1 9 12 9 12 9 12 9 12 1 1 1 10 12 1 1 1 1 10 7 1 12 1 1 1 1 1 1 1 1 1 1 1 1 1 1 1 1 1 1 1 1 1 1 1 1 1 1 1 1 1 10 12 1 1 1 1 1 1 1 1 1 1 1 7 1 9 12 1 10 100 1 12 1 1 10 12 1 10 12 1 1 1 1 1 1 1 10 12 1 10 12 1 1 1 100 100 1 10 12 1 10 12 1 1 1 1 1 10 12 1 10 12 1 1 10 12 1 10 12 1 1 1 1 1 1 1 1 1 100 1 1 1 1 1 1 1 11 7 1 12 1 11 12 1 1 1 1 1 1 100 1 1 1 10 7 1 12 1 1 1 1 1 1 1 1 1 1 1 1 10 12 1 1 1 1 1 1 10 12 1 1 1 10 12 10 12 1 1 1 10 12 1 1 1 1 1 1 1 1 1 1 1 1 1 10 12 1 1 1 1 1 1 1 1 1 1 1 1 1 1 10 12 10 12 1 10 7 1 1 10 12 1 1 1 10 1 1 1 1 1 1 1 10 12 3 1 1 1 1 10 12 1 1 10 12 1 10 12 1 1 1 1 1 1 10 12 10 12 1 1 1 10 12 1 1 1 1 1 1 1 1 1 1 1 1 1 1 1 1 1 1 1 1 100 1 8 1 10 10 12 1 10 100 1 12 1 1 10 12 1 1 1 1 1 1 1 1 10 12 1 1 1 1 1 1 1 1 1 1 1 1 1 1 1 1 1 1 1 1 1 1 10 12 100 1 1 1 1 1 1 1 1 1 1 1 1 1 1 1 10 12 1 1 1 1 1 1 1
staticfield org/eclipse/jdt/core/compiler/CharOperation NO_CHAR [C 0
staticfield org/eclipse/jdt/core/compiler/CharOperation NO_CHAR_CHAR [[C 0 [[C
staticfield org/eclipse/jdt/core/compiler/CharOperation NO_STRINGS [Ljava/lang/String; 0 [Ljava/lang/String;
staticfield org/eclipse/jdt/core/compiler/CharOperation ALL_PREFIX [C 1
staticfield org/eclipse/jdt/core/compiler/CharOperation COMMA_SEPARATOR [C 1
staticfield org/eclipse/jdt/core/compiler/CharOperation EMPTY_REGIONS [I 0
ciInstanceKlass org/eclipse/jdt/internal/compiler/lookup/TypeIds 1 1 331 100 1 100 1 1 1 1 3 1 3 1 3 1 3 1 3 1 3 1 3 1 3 1 3 1 3 1 3 1 3 1 3 1 3 1 3 1 3 1 3 1 3 1 3 1 3 1 3 1 3 1 3 1 3 1 3 1 3 1 3 1 3 1 3 1 3 1 3 1 3 1 3 1 3 1 3 1 3 1 3 1 3 1 3 1 3 1 3 1 3 1 3 1 3 1 3 1 3 1 3 1 3 1 3 1 3 1 3 1 3 1 3 1 3 1 3 1 3 1 3 1 3 1 3 1 3 1 3 1 3 1 3 1 3 1 3 1 3 1 3 1 3 1 3 1 3 1 3 1 3 1 3 1 3 1 3 1 3 1 1 3 1 3 1 3 1 3 1 3 1 3 1 3 1 3 1 1 3 1 1 3 1 3 1 3 1 3 1 3 1 1 1 1 3 1 3 1 3 1 3 1 3 1 1 3 1 1 3 1 3 1 3 1 3 1 3 1 1 1 1 3 1 3 1 3 1 3 1 3 1 1 1 1 3 1 3 1 3 1 3 1 3 1 1 1 1 3 1 3 1 3 1 3 1 3 1 1 1 1 3 1 3 1 3 1 3 1 3 1 3 1 3 1 3 1 3 1 1 1 3 1 1 3 1 3 1 3 1 3 1 1 3 1 3 1 3 1 1 1 1 1 1 1 3 1 1 3 1 3 1 1 1 3 1 3 1 3 1 3 1 1 1 1 1 1 1 1 1 1 1
ciInstanceKlass org/eclipse/jdt/internal/compiler/util/SimpleLookupTable 1 1 121 7 1 7 1 100 1 1 1 1 1 1 1 1 1 1 10 12 1 1 1 1 1 10 12 9 12 9 12 4 9 12 9 12 1 1 1 1 1 1 100 1 10 12 10 100 1 12 1 1 1 1 1 1 10 12 1 1 3 10 12 1 1 1 1 1 1 1 1 1 1 1 1 1 1 10 12 1 1 1 1 100 1 1 1 1 10 12 1 1 1 8 1 10 12 18 12 1 1 1 1 1 100 1 1 1 1 10 100 1 12 1 15 8 1 1 100 1 100 1 1
ciInstanceKlass org/eclipse/jdt/internal/compiler/problem/ProblemSeverities 1 0 37 100 1 100 1 1 1 1 3 1 3 1 3 1 3 1 3 1 3 1 3 1 3 1 3 1 3 1 3 1 3 1 3 1 3 1 1
ciInstanceKlass org/eclipse/jdt/internal/compiler/impl/ReferenceContext 1 0 17 100 1 100 1 1 1 1 1 1 1 1 1 1 1 1 1
ciInstanceKlass org/eclipse/jdt/internal/compiler/lookup/TypeConstants 1 1 1598 7 1 100 1 1 1 1 1 1 1 1 1 1 1 1 1 1 1 1 1 1 1 1 1 1 1 1 1 1 1 1 1 1 1 1 1 1 1 1 1 1 1 1 1 1 1 1 1 1 1 1 1 1 1 1 1 1 1 1 1 1 1 1 1 1 1 1 1 1 1 1 1 1 1 1 1 1 1 1 1 1 1 1 1 1 1 1 1 1 1 1 1 1 1 1 8 1 1 8 1 1 1 1 1 1 1 1 1 1 1 1 1 1 1 1 1 1 1 1 1 1 1 1 1 1 1 1 1 1 1 1 1 1 1 1 1 1 1 1 1 1 1 1 1 1 1 1 1 1 1 1 1 1 1 1 1 1 1 1 1 1 1 1 1 1 1 1 1 1 1 1 1 1 1 1 1 1 1 1 1 1 1 1 1 1 1 1 1 1 1 1 1 1 1 1 1 1 1 1 1 1 1 1 1 1 1 1 1 1 1 1 1 1 1 1 1 1 1 1 1 1 1 1 1 1 1 1 1 1 1 1 1 1 1 1 1 1 1 1 1 1 1 1 1 1 1 1 1 1 1 1 1 1 1 1 1 1 1 1 1 1 1 1 1 1 1 1 1 1 1 1 1 1 1 1 1 1 1 1 1 1 1 1 1 1 1 1 1 3 1 3 1 3 1 1 1 1 1 1 1 1 1 1 1 1 1 1 1 1 1 1 1 1 1 8 1 1 1 1 8 1 1 8 1 1 1 8 1 1 8 1 1 1 1 1 8 1 10 7 1 12 1 1 9 12 8 1 9 12 8 1 9 12 8 1 9 12 8 1 9 12 8 1 9 12 8 1 9 12 8 1 9 12 8 1 9 12 8 1 9 12 8 1 9 12 8 1 9 12 8 1 9 12 8 1 9 12 8 1 9 12 8 1 9 12 8 1 9 12 8 1 9 12 8 1 9 12 8 1 9 12 8 1 9 12 8 1 9 12 8 1 9 12 8 1 9 12 8 1 9 12 8 1 9 12 8 1 9 12 8 1 9 12 8 1 9 12 8 1 9 12 8 1 9 12 8 1 9 12 8 1 9 12 8 1 9 12 8 1 9 12 8 1 9 12 8 1 9 12 9 12 8 1 9 12 8 1 9 12 9 12 9 12 9 12 8 1 9 12 8 1 9 12 8 1 9 12 9 12 9 12 8 1 9 12 8 1 9 12 8 1 9 12 8 1 9 12 8 1 9 12 8 1 9 12 8 1 9 12 8 1 9 12 8 1 9 12 8 1 9 12 8 1 9 12 8 1 9 12 8 1 9 12 8 1 9 12 8 1 9 12 8 9 12 8 1 9 12 8 1 9 12 8 9 12 8 1 9 12 8 1 9 12 8 1 9 12 8 1 9 12 8 1 9 12 8 1 9 12 8 1 9 12 8 1 9 12 8 1 9 12 8 1 9 12 8 1 9 12 8 1 9 12 8 1 9 12 9 12 8 1 9 12 8 1 9 12 8 1 9 12 8 1 9 12 8 1 9 12 8 1 9 12 8 1 9 12 8 1 9 12 8 1 9 12 8 1 9 12 8 1 9 12 8 1 9 12 8 1 9 12 8 1 9 12 8 1 9 12 8 1 9 12 8 1 9 12 8 1 9 12 8 1 9 12 8 1 9 12 8 1 9 12 8 1 9 12 8 1 9 12 8 1 9 12 8 1 9 12 7 9 12 9 12 9 12 9 12 8 1 9 12 8 1 9 12 8 1 9 12 8 1 9 12 8 1 9 12 8 1 9 12 8 1 9 12 8 1 9 12 8 1 9 12 8 1 9 12 8 1 9 12 8 1 9 12 8 1 9 12 9 12 9 12 8 1 9 12 8 1 9 12 8 1 9 12 8 1 9 12 8 1 9 12 8 1 9 12 8 1 9 12 8 1 9 12 8 1 9 12 8 1 9 12 8 1 9 12 8 1 9 12 8 1 9 12 8 1 9 12 8 1 9 12 8 1 9 12 8 1 9 12 8 1 9 12 8 1 9 12 8 1 9 12 8 1 9 12 8 1 9 12 8 1 9 12 8 1 9 12 8 1 9 12 8 1 9 12 8 1 9 12 8 1 9 12 8 1 9 12 8 1 9 12 8 1 9 12 8 1 9 12 8 1 9 12 8 1 9 12 8 1 9 12 8 1 9 12 8 1 9 12 8 1 9 12 8 1 9 12 9 12 8 1 9 12 8 1 9 12 8 1 9 12 8 1 9 12 8 1 9 12 8 1 9 12 8 1 9 12 8 1 9 12 8 9 12 8 1 8 1 9 12 8 1 8 1 8 1 9 12 8 1 9 12 8 1 9 12 8 1 8 1 9 12 8 1 9 12 8 1 9 12 8 1 9 12 8 1 9 12 9 12 8 1 9 12 8 1 9 12 8 1 9 12 8 1 9 12 8 1 9 12 8 1 9 12 8 1 9 12 8 1 9 12 8 1 9 12 8 1 9 12 8 1 9 12 8 1 9 12 8 1 8 1 9 12 8 1 8 1 9 12 8 1 9 12 8 1 8 1 9 12 8 1 9 12 7 1 10 12 1 1 8 1 8 1 8 1 8 1 9 12 8 1 8 1 8 1 8 1 8 1 8 1 8 1 8 1 8 1 8 1 8 1 8 1 8 1 8 1 8 1 9 12 8 1 8 1 8 1 8 1 8 1 8 1 8 1 8 1 8 1 8 1 8 1 8 1 9 12 7 8 1 8 1 8 1 8 1 8 1 8 1 8 1 8 1 8 1 9 12 8 1 8 1 8 1 8 1 8 1 8 1 8 1 9 12 8 1 9 12 8 1 8 1 8 1 8 1 9 12 8 1 8 1 9 12 8 1 8 1 8 1 8 1 8 1 9 12 8 1 9 12 8 1 8 1 8 1 8 1 8 1 8 1 8 1 8 1 8 1 8 1 8 1 8 1 9 12 9 12 8 1 9 12 8 1 9 12 8 1 9 12 9 12 8 1 9 12 8 1 9 12 8 1 9 12 8 1 9 12 8 1 9 12 8 1 9 12 8 1 9 12 9 12 9 12 9 12 8 1 9 12 8 1 9 12 8 1 9 12 8 1 9 12 8 1 9 12 9 12 8 1 9 12 9 12 9 12 9 12 9 12 8 1 9 12 8 1 9 12 8 1 9 12 8 1 9 12 8 1 9 12 8 1 9 12 8 1 9 12 8 1 9 12 8 1 9 12 9 12 9 12 9 12 8 1 9 12 8 1 9 12 8 1 9 12 8 1 9 12 8 1 9 12 8 1 9 12 8 1 9 12 8 1 9 12 8 1 9 12 8 1 9 12 8 1 9 12 8 1 9 12 8 1 9 12 8 1 9 12 8 1 9 12 8 1 9 12 9 12 8 1 9 12 9 12 8 1 9 12 8 9 12 8 9 12 8 1 9 12 8 1 9 12 8 1 9 12 8 1 9 12 8 1 9 12 8 1 9 12 8 1 9 12 8 1 9 12 8 1 9 12 9 12 8 1 9 12 9 12 8 1 9 12 9 12 8 1 9 12 8 1 9 12 8 1 9 12 9 12 9 12 9 12 8 1 9 12 8 1 9 12 1 1 1 1 1 100 1 1 1 100 1 1 1
staticfield org/eclipse/jdt/internal/compiler/lookup/TypeConstants JAVA [C 4
staticfield org/eclipse/jdt/internal/compiler/lookup/TypeConstants JAVAC [C 5
staticfield org/eclipse/jdt/internal/compiler/lookup/TypeConstants JAVAX [C 5
staticfield org/eclipse/jdt/internal/compiler/lookup/TypeConstants JAKARTA [C 7
staticfield org/eclipse/jdt/internal/compiler/lookup/TypeConstants LANG [C 4
staticfield org/eclipse/jdt/internal/compiler/lookup/TypeConstants BASE [C 4
staticfield org/eclipse/jdt/internal/compiler/lookup/TypeConstants IO [C 2
staticfield org/eclipse/jdt/internal/compiler/lookup/TypeConstants NIO [C 3
staticfield org/eclipse/jdt/internal/compiler/lookup/TypeConstants UTIL [C 4
staticfield org/eclipse/jdt/internal/compiler/lookup/TypeConstants ZIP [C 3
staticfield org/eclipse/jdt/internal/compiler/lookup/TypeConstants JDK [C 3
staticfield org/eclipse/jdt/internal/compiler/lookup/TypeConstants ANNOTATION [C 10
staticfield org/eclipse/jdt/internal/compiler/lookup/TypeConstants REFLECT [C 7
staticfield org/eclipse/jdt/internal/compiler/lookup/TypeConstants LENGTH [C 6
staticfield org/eclipse/jdt/internal/compiler/lookup/TypeConstants CLONE [C 5
staticfield org/eclipse/jdt/internal/compiler/lookup/TypeConstants EQUALS [C 6
staticfield org/eclipse/jdt/internal/compiler/lookup/TypeConstants GETCLASS [C 8
staticfield org/eclipse/jdt/internal/compiler/lookup/TypeConstants HASHCODE [C 8
staticfield org/eclipse/jdt/internal/compiler/lookup/TypeConstants TOSTRING [C 8
staticfield org/eclipse/jdt/internal/compiler/lookup/TypeConstants OBJECT [C 6
staticfield org/eclipse/jdt/internal/compiler/lookup/TypeConstants MAIN [C 4
staticfield org/eclipse/jdt/internal/compiler/lookup/TypeConstants SERIALVERSIONUID [C 16
staticfield org/eclipse/jdt/internal/compiler/lookup/TypeConstants SERIALPERSISTENTFIELDS [C 22
staticfield org/eclipse/jdt/internal/compiler/lookup/TypeConstants READRESOLVE [C 11
staticfield org/eclipse/jdt/internal/compiler/lookup/TypeConstants WRITEREPLACE [C 12
staticfield org/eclipse/jdt/internal/compiler/lookup/TypeConstants READOBJECT [C 10
staticfield org/eclipse/jdt/internal/compiler/lookup/TypeConstants WRITEOBJECT [C 11
staticfield org/eclipse/jdt/internal/compiler/lookup/TypeConstants CharArray_JAVA_LANG_OBJECT [C 16
staticfield org/eclipse/jdt/internal/compiler/lookup/TypeConstants CharArray_JAVA_LANG_ENUM [C 14
staticfield org/eclipse/jdt/internal/compiler/lookup/TypeConstants CharArray_JAVA_LANG_RECORD [C 16
staticfield org/eclipse/jdt/internal/compiler/lookup/TypeConstants CharArray_JAVA_LANG_RECORD_SLASH [C 16
staticfield org/eclipse/jdt/internal/compiler/lookup/TypeConstants CharArray_JAVA_LANG_ANNOTATION_ANNOTATION [C 31
staticfield org/eclipse/jdt/internal/compiler/lookup/TypeConstants CharArray_JAVA_IO_OBJECTINPUTSTREAM [C 25
staticfield org/eclipse/jdt/internal/compiler/lookup/TypeConstants CharArray_JAVA_IO_OBJECTOUTPUTSTREAM [C 26
staticfield org/eclipse/jdt/internal/compiler/lookup/TypeConstants CharArray_JAVA_IO_OBJECTSTREAMFIELD [C 25
staticfield org/eclipse/jdt/internal/compiler/lookup/TypeConstants ANONYM_PREFIX [C 4
staticfield org/eclipse/jdt/internal/compiler/lookup/TypeConstants ANONYM_SUFFIX [C 4
staticfield org/eclipse/jdt/internal/compiler/lookup/TypeConstants WILDCARD_NAME [C 1
staticfield org/eclipse/jdt/internal/compiler/lookup/TypeConstants WILDCARD_SUPER [C 7
staticfield org/eclipse/jdt/internal/compiler/lookup/TypeConstants WILDCARD_EXTENDS [C 9
staticfield org/eclipse/jdt/internal/compiler/lookup/TypeConstants WILDCARD_MINUS [C 1
staticfield org/eclipse/jdt/internal/compiler/lookup/TypeConstants WILDCARD_STAR [C 1
staticfield org/eclipse/jdt/internal/compiler/lookup/TypeConstants WILDCARD_PLUS [C 1
staticfield org/eclipse/jdt/internal/compiler/lookup/TypeConstants WILDCARD_CAPTURE_NAME_PREFIX [C 8
staticfield org/eclipse/jdt/internal/compiler/lookup/TypeConstants WILDCARD_CAPTURE_NAME_SUFFIX [C 4
staticfield org/eclipse/jdt/internal/compiler/lookup/TypeConstants WILDCARD_CAPTURE_SIGNABLE_NAME_SUFFIX [C 11
staticfield org/eclipse/jdt/internal/compiler/lookup/TypeConstants WILDCARD_CAPTURE [C 1
staticfield org/eclipse/jdt/internal/compiler/lookup/TypeConstants CAPTURE18 [C 1
staticfield org/eclipse/jdt/internal/compiler/lookup/TypeConstants BYTE [C 4
staticfield org/eclipse/jdt/internal/compiler/lookup/TypeConstants SHORT [C 5
staticfield org/eclipse/jdt/internal/compiler/lookup/TypeConstants INT [C 3
staticfield org/eclipse/jdt/internal/compiler/lookup/TypeConstants LONG [C 4
staticfield org/eclipse/jdt/internal/compiler/lookup/TypeConstants FLOAT [C 5
staticfield org/eclipse/jdt/internal/compiler/lookup/TypeConstants DOUBLE [C 6
staticfield org/eclipse/jdt/internal/compiler/lookup/TypeConstants CHAR [C 4
staticfield org/eclipse/jdt/internal/compiler/lookup/TypeConstants BOOLEAN [C 7
staticfield org/eclipse/jdt/internal/compiler/lookup/TypeConstants NULL [C 4
staticfield org/eclipse/jdt/internal/compiler/lookup/TypeConstants VOID [C 4
staticfield org/eclipse/jdt/internal/compiler/lookup/TypeConstants VALUE [C 5
staticfield org/eclipse/jdt/internal/compiler/lookup/TypeConstants VALUES [C 6
staticfield org/eclipse/jdt/internal/compiler/lookup/TypeConstants VALUEOF [C 7
staticfield org/eclipse/jdt/internal/compiler/lookup/TypeConstants UPPER_SOURCE [C 6
staticfield org/eclipse/jdt/internal/compiler/lookup/TypeConstants UPPER_CLASS [C 5
staticfield org/eclipse/jdt/internal/compiler/lookup/TypeConstants UPPER_RUNTIME [C 7
staticfield org/eclipse/jdt/internal/compiler/lookup/TypeConstants ANNOTATION_PREFIX [C 1
staticfield org/eclipse/jdt/internal/compiler/lookup/TypeConstants ANNOTATION_SUFFIX [C 2
staticfield org/eclipse/jdt/internal/compiler/lookup/TypeConstants TYPE [C 4
staticfield org/eclipse/jdt/internal/compiler/lookup/TypeConstants UPPER_FIELD [C 5
staticfield org/eclipse/jdt/internal/compiler/lookup/TypeConstants UPPER_METHOD [C 6
staticfield org/eclipse/jdt/internal/compiler/lookup/TypeConstants UPPER_PARAMETER [C 9
staticfield org/eclipse/jdt/internal/compiler/lookup/TypeConstants UPPER_CONSTRUCTOR [C 11
staticfield org/eclipse/jdt/internal/compiler/lookup/TypeConstants UPPER_LOCAL_VARIABLE [C 14
staticfield org/eclipse/jdt/internal/compiler/lookup/TypeConstants UPPER_ANNOTATION_TYPE [C 15
staticfield org/eclipse/jdt/internal/compiler/lookup/TypeConstants UPPER_PACKAGE [C 7
staticfield org/eclipse/jdt/internal/compiler/lookup/TypeConstants ANONYMOUS_METHOD [C 7
staticfield org/eclipse/jdt/internal/compiler/lookup/TypeConstants DESERIALIZE_LAMBDA [C 19
staticfield org/eclipse/jdt/internal/compiler/lookup/TypeConstants LAMBDA_TYPE [C 8
staticfield org/eclipse/jdt/internal/compiler/lookup/TypeConstants UPPER_MODULE [C 6
staticfield org/eclipse/jdt/internal/compiler/lookup/TypeConstants UPPER_RECORD_COMPONENT [C 16
staticfield org/eclipse/jdt/internal/compiler/lookup/TypeConstants YIELD [C 5
staticfield org/eclipse/jdt/internal/compiler/lookup/TypeConstants STRING_CONCAT_MARKER_1 [C 1
staticfield org/eclipse/jdt/internal/compiler/lookup/TypeConstants VAR [C 3
staticfield org/eclipse/jdt/internal/compiler/lookup/TypeConstants RECORD_RESTRICTED_IDENTIFIER [C 6
staticfield org/eclipse/jdt/internal/compiler/lookup/TypeConstants RECORD_CLASS [C 6
staticfield org/eclipse/jdt/internal/compiler/lookup/TypeConstants PERMITS [C 7
staticfield org/eclipse/jdt/internal/compiler/lookup/TypeConstants SEALED [C 6
staticfield org/eclipse/jdt/internal/compiler/lookup/TypeConstants NON_SEALED [C 10
staticfield org/eclipse/jdt/internal/compiler/lookup/TypeConstants TYPE_USE_TARGET [C 8
staticfield org/eclipse/jdt/internal/compiler/lookup/TypeConstants TYPE_PARAMETER_TARGET [C 14
staticfield org/eclipse/jdt/internal/compiler/lookup/TypeConstants ORG [C 3
staticfield org/eclipse/jdt/internal/compiler/lookup/TypeConstants ECLIPSE [C 7
staticfield org/eclipse/jdt/internal/compiler/lookup/TypeConstants CORE [C 4
staticfield org/eclipse/jdt/internal/compiler/lookup/TypeConstants RUNTIME [C 7
staticfield org/eclipse/jdt/internal/compiler/lookup/TypeConstants APACHE [C 6
staticfield org/eclipse/jdt/internal/compiler/lookup/TypeConstants COMMONS [C 7
staticfield org/eclipse/jdt/internal/compiler/lookup/TypeConstants LANG3 [C 5
staticfield org/eclipse/jdt/internal/compiler/lookup/TypeConstants COM [C 3
staticfield org/eclipse/jdt/internal/compiler/lookup/TypeConstants GOOGLE [C 6
staticfield org/eclipse/jdt/internal/compiler/lookup/TypeConstants JDT [C 3
staticfield org/eclipse/jdt/internal/compiler/lookup/TypeConstants INTERNAL [C 8
staticfield org/eclipse/jdt/internal/compiler/lookup/TypeConstants COMPILER [C 8
staticfield org/eclipse/jdt/internal/compiler/lookup/TypeConstants LOOKUP [C 6
staticfield org/eclipse/jdt/internal/compiler/lookup/TypeConstants TYPEBINDING [C 11
staticfield org/eclipse/jdt/internal/compiler/lookup/TypeConstants DOM [C 3
staticfield org/eclipse/jdt/internal/compiler/lookup/TypeConstants ITYPEBINDING [C 12
staticfield org/eclipse/jdt/internal/compiler/lookup/TypeConstants SPRING [C 15
staticfield org/eclipse/jdt/internal/compiler/lookup/TypeConstants JAVA_BASE [[C 2 [[C
staticfield org/eclipse/jdt/internal/compiler/lookup/TypeConstants JAVA_LANG [[C 2 [[C
staticfield org/eclipse/jdt/internal/compiler/lookup/TypeConstants JAVA_IO [[C 2 [[C
staticfield org/eclipse/jdt/internal/compiler/lookup/TypeConstants JAVA_LANG_ANNOTATION [[C 3 [[C
staticfield org/eclipse/jdt/internal/compiler/lookup/TypeConstants JAVA_LANG_ANNOTATION_ANNOTATION [[C 4 [[C
staticfield org/eclipse/jdt/internal/compiler/lookup/TypeConstants JAVA_LANG_ASSERTIONERROR [[C 3 [[C
staticfield org/eclipse/jdt/internal/compiler/lookup/TypeConstants JAVA_LANG_CLASS [[C 3 [[C
staticfield org/eclipse/jdt/internal/compiler/lookup/TypeConstants JAVA_LANG_CLASSNOTFOUNDEXCEPTION [[C 3 [[C
staticfield org/eclipse/jdt/internal/compiler/lookup/TypeConstants JAVA_LANG_NOSUCHFIELDERROR [[C 3 [[C
staticfield org/eclipse/jdt/internal/compiler/lookup/TypeConstants JAVA_LANG_CLONEABLE [[C 3 [[C
staticfield org/eclipse/jdt/internal/compiler/lookup/TypeConstants JAVA_LANG_ENUM [[C 3 [[C
staticfield org/eclipse/jdt/internal/compiler/lookup/TypeConstants JAVA_LANG_EXCEPTION [[C 3 [[C
staticfield org/eclipse/jdt/internal/compiler/lookup/TypeConstants JAVA_LANG_ERROR [[C 3 [[C
staticfield org/eclipse/jdt/internal/compiler/lookup/TypeConstants JAVA_LANG_ILLEGALARGUMENTEXCEPTION [[C 3 [[C
staticfield org/eclipse/jdt/internal/compiler/lookup/TypeConstants JAVA_LANG_INCOMPATIBLECLASSCHANGEERROR [[C 3 [[C
staticfield org/eclipse/jdt/internal/compiler/lookup/TypeConstants JAVA_LANG_ITERABLE [[C 3 [[C
staticfield org/eclipse/jdt/internal/compiler/lookup/TypeConstants JAVA_LANG_NOCLASSDEFFOUNDERROR [[C 3 [[C
staticfield org/eclipse/jdt/internal/compiler/lookup/TypeConstants JAVA_LANG_OBJECT [[C 3 [[C
staticfield org/eclipse/jdt/internal/compiler/lookup/TypeConstants JAVA_LANG_RECORD [[C 3 [[C
staticfield org/eclipse/jdt/internal/compiler/lookup/TypeConstants JAVA_LANG_STRING [[C 3 [[C
staticfield org/eclipse/jdt/internal/compiler/lookup/TypeConstants JAVA_LANG_STRINGBUFFER [[C 3 [[C
staticfield org/eclipse/jdt/internal/compiler/lookup/TypeConstants JAVA_LANG_STRINGBUILDER [[C 3 [[C
staticfield org/eclipse/jdt/internal/compiler/lookup/TypeConstants JAVA_LANG_SYSTEM [[C 3 [[C
staticfield org/eclipse/jdt/internal/compiler/lookup/TypeConstants JAVA_LANG_RUNTIMEEXCEPTION [[C 3 [[C
staticfield org/eclipse/jdt/internal/compiler/lookup/TypeConstants JAVA_LANG_THROWABLE [[C 3 [[C
staticfield org/eclipse/jdt/internal/compiler/lookup/TypeConstants JAVA_LANG_REFLECT_CONSTRUCTOR [[C 4 [[C
staticfield org/eclipse/jdt/internal/compiler/lookup/TypeConstants JAVA_IO_PRINTSTREAM [[C 3 [[C
staticfield org/eclipse/jdt/internal/compiler/lookup/TypeConstants JAVA_IO_SERIALIZABLE [[C 3 [[C
staticfield org/eclipse/jdt/internal/compiler/lookup/TypeConstants JAVA_LANG_BYTE [[C 3 [[C
staticfield org/eclipse/jdt/internal/compiler/lookup/TypeConstants JAVA_LANG_SHORT [[C 3 [[C
staticfield org/eclipse/jdt/internal/compiler/lookup/TypeConstants JAVA_LANG_CHARACTER [[C 3 [[C
staticfield org/eclipse/jdt/internal/compiler/lookup/TypeConstants JAVA_LANG_INTEGER [[C 3 [[C
staticfield org/eclipse/jdt/internal/compiler/lookup/TypeConstants JAVA_LANG_LONG [[C 3 [[C
staticfield org/eclipse/jdt/internal/compiler/lookup/TypeConstants JAVA_LANG_FLOAT [[C 3 [[C
staticfield org/eclipse/jdt/internal/compiler/lookup/TypeConstants JAVA_LANG_DOUBLE [[C 3 [[C
staticfield org/eclipse/jdt/internal/compiler/lookup/TypeConstants JAVA_LANG_BOOLEAN [[C 3 [[C
staticfield org/eclipse/jdt/internal/compiler/lookup/TypeConstants JAVA_LANG_VOID [[C 3 [[C
staticfield org/eclipse/jdt/internal/compiler/lookup/TypeConstants JAVA_UTIL_COLLECTION [[C 3 [[C
staticfield org/eclipse/jdt/internal/compiler/lookup/TypeConstants JAVA_UTIL_ITERATOR [[C 3 [[C
staticfield org/eclipse/jdt/internal/compiler/lookup/TypeConstants NEXT [C 4
staticfield org/eclipse/jdt/internal/compiler/lookup/TypeConstants JAVA_UTIL_OBJECTS [[C 3 [[C
staticfield org/eclipse/jdt/internal/compiler/lookup/TypeConstants JAVA_UTIL_LIST [[C 3 [[C
staticfield org/eclipse/jdt/internal/compiler/lookup/TypeConstants JAVA_UTIL_ARRAYS [[C 3 [[C
staticfield org/eclipse/jdt/internal/compiler/lookup/TypeConstants JAVA_LANG_DEPRECATED [[C 3 [[C
staticfield org/eclipse/jdt/internal/compiler/lookup/TypeConstants FOR_REMOVAL [C 10
staticfield org/eclipse/jdt/internal/compiler/lookup/TypeConstants SINCE [C 5
staticfield org/eclipse/jdt/internal/compiler/lookup/TypeConstants ESSENTIAL_API [C 12
staticfield org/eclipse/jdt/internal/compiler/lookup/TypeConstants JAVA_LANG_ANNOTATION_DOCUMENTED [[C 4 [[C
staticfield org/eclipse/jdt/internal/compiler/lookup/TypeConstants JAVA_LANG_ANNOTATION_INHERITED [[C 4 [[C
staticfield org/eclipse/jdt/internal/compiler/lookup/TypeConstants JAVA_LANG_ANNOTATION_REPEATABLE [[C 4 [[C
staticfield org/eclipse/jdt/internal/compiler/lookup/TypeConstants JAVA_LANG_OVERRIDE [[C 3 [[C
staticfield org/eclipse/jdt/internal/compiler/lookup/TypeConstants JAVA_LANG_FUNCTIONAL_INTERFACE [[C 3 [[C
staticfield org/eclipse/jdt/internal/compiler/lookup/TypeConstants JAVA_LANG_ANNOTATION_RETENTION [[C 4 [[C
staticfield org/eclipse/jdt/internal/compiler/lookup/TypeConstants JAVA_LANG_SUPPRESSWARNINGS [[C 3 [[C
staticfield org/eclipse/jdt/internal/compiler/lookup/TypeConstants JAVA_LANG_ANNOTATION_TARGET [[C 4 [[C
staticfield org/eclipse/jdt/internal/compiler/lookup/TypeConstants JAVA_LANG_ANNOTATION_RETENTIONPOLICY [[C 4 [[C
staticfield org/eclipse/jdt/internal/compiler/lookup/TypeConstants JAVA_LANG_ANNOTATION_ELEMENTTYPE [[C 4 [[C
staticfield org/eclipse/jdt/internal/compiler/lookup/TypeConstants JDK_INTERNAL_PREVIEW_FEATURE [[C 3 [[C
staticfield org/eclipse/jdt/internal/compiler/lookup/TypeConstants JDK_INTERNAL_JAVAC_PREVIEW_FEATURE [[C 4 [[C
staticfield org/eclipse/jdt/internal/compiler/lookup/TypeConstants JAVA_LANG_REFLECT_FIELD [[C 4 [[C
staticfield org/eclipse/jdt/internal/compiler/lookup/TypeConstants JAVA_LANG_REFLECT_METHOD [[C 4 [[C
staticfield org/eclipse/jdt/internal/compiler/lookup/TypeConstants JAVA_IO_CLOSEABLE [[C 3 [[C
staticfield org/eclipse/jdt/internal/compiler/lookup/TypeConstants JAVA_IO_OBJECTSTREAMEXCEPTION [[C 3 [[C
staticfield org/eclipse/jdt/internal/compiler/lookup/TypeConstants JAVA_IO_EXTERNALIZABLE [[C 3 [[C
staticfield org/eclipse/jdt/internal/compiler/lookup/TypeConstants JAVA_IO_IOEXCEPTION [[C 3 [[C
staticfield org/eclipse/jdt/internal/compiler/lookup/TypeConstants JAVA_IO_OBJECTOUTPUTSTREAM [[C 3 [[C
staticfield org/eclipse/jdt/internal/compiler/lookup/TypeConstants JAVA_IO_OBJECTINPUTSTREAM [[C 3 [[C
staticfield org/eclipse/jdt/internal/compiler/lookup/TypeConstants JAVA_IO_IO [[C 3 [[C
staticfield org/eclipse/jdt/internal/compiler/lookup/TypeConstants JAVA_NIO_FILE_FILES [[C 4 [[C
staticfield org/eclipse/jdt/internal/compiler/lookup/TypeConstants JAVAX_RMI_CORBA_STUB [[C 4 [[C
staticfield org/eclipse/jdt/internal/compiler/lookup/TypeConstants JAVA_LANG_SAFEVARARGS [[C 3 [[C
staticfield org/eclipse/jdt/internal/compiler/lookup/TypeConstants INVOKE [C 6
staticfield org/eclipse/jdt/internal/compiler/lookup/TypeConstants JAVA_LANG_INVOKE_METHODHANDLE_POLYMORPHICSIGNATURE [[C 5 [[C
staticfield org/eclipse/jdt/internal/compiler/lookup/TypeConstants JAVA_LANG_INVOKE_METHODHANDLE_$_POLYMORPHICSIGNATURE [[C 4 [[C
staticfield org/eclipse/jdt/internal/compiler/lookup/TypeConstants JAVA_LANG_INVOKE_LAMBDAMETAFACTORY [[C 4 [[C
staticfield org/eclipse/jdt/internal/compiler/lookup/TypeConstants JAVA_LANG_INVOKE_SERIALIZEDLAMBDA [[C 4 [[C
staticfield org/eclipse/jdt/internal/compiler/lookup/TypeConstants JAVA_LANG_INVOKE_METHODHANDLES [[C 4 [[C
staticfield org/eclipse/jdt/internal/compiler/lookup/TypeConstants JAVA_LANG_INVOKE_METHODHANDLE [[C 4 [[C
staticfield org/eclipse/jdt/internal/compiler/lookup/TypeConstants JAVA_LANG_INVOKE_VARHANDLE [[C 4 [[C
staticfield org/eclipse/jdt/internal/compiler/lookup/TypeConstants JAVA_LANG_INVOKE_STRING_CONCAT_FACTORY [[C 4 [[C
staticfield org/eclipse/jdt/internal/compiler/lookup/TypeConstants JAVA_LANG_AUTOCLOSEABLE [[C 3 [[C
staticfield org/eclipse/jdt/internal/compiler/lookup/TypeConstants CLOSE [C 5
staticfield org/eclipse/jdt/internal/compiler/lookup/TypeConstants JAVA_LANG_RUNTIME_OBJECTMETHODS [[C 4 [[C
staticfield org/eclipse/jdt/internal/compiler/lookup/TypeConstants JAVA_LANG_RUNTIME_SWITCHBOOTSTRAPS [[C 4 [[C
staticfield org/eclipse/jdt/internal/compiler/lookup/TypeConstants JAVA_LANG_INVOKE_CONSTANTBOOTSTRAP [[C 4 [[C
staticfield org/eclipse/jdt/internal/compiler/lookup/TypeConstants PRIMITIVE_CLASS [C 14
staticfield org/eclipse/jdt/internal/compiler/lookup/TypeConstants PRIMITIVE_CLASS__SIGNATURE [C 93
staticfield org/eclipse/jdt/internal/compiler/lookup/TypeConstants GET_STATIC_FINAL [C 14
staticfield org/eclipse/jdt/internal/compiler/lookup/TypeConstants GET_STATIC_FINAL__SIGNATURE [C 94
staticfield org/eclipse/jdt/internal/compiler/lookup/TypeConstants JAVA_LANG_ENUM_ENUMDESC [[C 3 [[C
staticfield org/eclipse/jdt/internal/compiler/lookup/TypeConstants JAVA_LANG_CONSTANT_CLASSDESC [[C 4 [[C
staticfield org/eclipse/jdt/internal/compiler/lookup/TypeConstants GUAVA_CLOSEABLES [[C 5 [[C
staticfield org/eclipse/jdt/internal/compiler/lookup/TypeConstants APACHE_IOUTILS [[C 5 [[C
staticfield org/eclipse/jdt/internal/compiler/lookup/TypeConstants APACHE_DBUTILS [[C 5 [[C
staticfield org/eclipse/jdt/internal/compiler/lookup/TypeConstants CLOSE_QUIETLY [C 12
staticfield org/eclipse/jdt/internal/compiler/lookup/TypeConstants closeMethods [Lorg/eclipse/jdt/internal/compiler/lookup/TypeConstants$CloseMethodRecord; 9 [Lorg/eclipse/jdt/internal/compiler/lookup/TypeConstants$CloseMethodRecord;
staticfield org/eclipse/jdt/internal/compiler/lookup/TypeConstants JAVA_IO_WRAPPER_CLOSEABLES [[C 18 [[C
staticfield org/eclipse/jdt/internal/compiler/lookup/TypeConstants JAVA_UTIL_ZIP_WRAPPER_CLOSEABLES [[C 12 [[C
staticfield org/eclipse/jdt/internal/compiler/lookup/TypeConstants OTHER_WRAPPER_CLOSEABLES [[[C 5 [[[C
staticfield org/eclipse/jdt/internal/compiler/lookup/TypeConstants JAVA_IO_RESOURCE_FREE_CLOSEABLES [[C 7 [[C
staticfield org/eclipse/jdt/internal/compiler/lookup/TypeConstants JAVA_UTIL_STREAM [[C 3 [[C
staticfield org/eclipse/jdt/internal/compiler/lookup/TypeConstants RESOURCE_FREE_CLOSEABLE_J_U_STREAMS [[C 4 [[C
staticfield org/eclipse/jdt/internal/compiler/lookup/TypeConstants ONE_UTIL_STREAMEX [[C 3 [[C
staticfield org/eclipse/jdt/internal/compiler/lookup/TypeConstants RESOURCE_FREE_CLOSEABLE_STREAMEX [[C 5 [[C
staticfield org/eclipse/jdt/internal/compiler/lookup/TypeConstants CHANNELS [C 8
staticfield org/eclipse/jdt/internal/compiler/lookup/TypeConstants FLUENT_RESOURCE_CLASSES [[[C 16 [[[C
staticfield org/eclipse/jdt/internal/compiler/lookup/TypeConstants JAVA_UTIL_STREAM__STREAM [[C 4 [[C
staticfield org/eclipse/jdt/internal/compiler/lookup/TypeConstants FILTER [C 6
staticfield org/eclipse/jdt/internal/compiler/lookup/TypeConstants ASSERT_CLASS [C 6
staticfield org/eclipse/jdt/internal/compiler/lookup/TypeConstants ASSERTIONS_CLASS [C 10
staticfield org/eclipse/jdt/internal/compiler/lookup/TypeConstants ORG_ECLIPSE_CORE_RUNTIME_ASSERT [[C 5 [[C
staticfield org/eclipse/jdt/internal/compiler/lookup/TypeConstants IS_NOTNULL [C 9
staticfield org/eclipse/jdt/internal/compiler/lookup/TypeConstants JUNIT [C 5
staticfield org/eclipse/jdt/internal/compiler/lookup/TypeConstants FRAMEWORK [C 9
staticfield org/eclipse/jdt/internal/compiler/lookup/TypeConstants JUPITER [C 7
staticfield org/eclipse/jdt/internal/compiler/lookup/TypeConstants PARAMS [C 6
staticfield org/eclipse/jdt/internal/compiler/lookup/TypeConstants PROVIDER [C 8
staticfield org/eclipse/jdt/internal/compiler/lookup/TypeConstants API [C 3
staticfield org/eclipse/jdt/internal/compiler/lookup/TypeConstants JUNIT_FRAMEWORK_ASSERT [[C 3 [[C
staticfield org/eclipse/jdt/internal/compiler/lookup/TypeConstants ORG_JUNIT_ASSERT [[C 3 [[C
staticfield org/eclipse/jdt/internal/compiler/lookup/TypeConstants ORG_JUNIT_JUPITER_API_ASSERTIONS [[C 5 [[C
staticfield org/eclipse/jdt/internal/compiler/lookup/TypeConstants ASSERT_NULL [C 10
staticfield org/eclipse/jdt/internal/compiler/lookup/TypeConstants ASSERT_NOTNULL [C 13
staticfield org/eclipse/jdt/internal/compiler/lookup/TypeConstants ASSERT_TRUE [C 10
staticfield org/eclipse/jdt/internal/compiler/lookup/TypeConstants ASSERT_FALSE [C 11
staticfield org/eclipse/jdt/internal/compiler/lookup/TypeConstants METHOD_SOURCE [C 12
staticfield org/eclipse/jdt/internal/compiler/lookup/TypeConstants ORG_JUNIT_METHOD_SOURCE [[C 6 [[C
staticfield org/eclipse/jdt/internal/compiler/lookup/TypeConstants VALIDATE_CLASS [C 8
staticfield org/eclipse/jdt/internal/compiler/lookup/TypeConstants ORG_APACHE_COMMONS_LANG_VALIDATE [[C 5 [[C
staticfield org/eclipse/jdt/internal/compiler/lookup/TypeConstants ORG_APACHE_COMMONS_LANG3_VALIDATE [[C 5 [[C
staticfield org/eclipse/jdt/internal/compiler/lookup/TypeConstants ORG_ECLIPSE_JDT_INTERNAL_COMPILER_LOOKUP_TYPEBINDING [[C 7 [[C
staticfield org/eclipse/jdt/internal/compiler/lookup/TypeConstants ORG_ECLIPSE_JDT_CORE_DOM_ITYPEBINDING [[C 6 [[C
staticfield org/eclipse/jdt/internal/compiler/lookup/TypeConstants IS_TRUE [C 6
staticfield org/eclipse/jdt/internal/compiler/lookup/TypeConstants NOT_NULL [C 7
staticfield org/eclipse/jdt/internal/compiler/lookup/TypeConstants COM_GOOGLE_COMMON_BASE_PRECONDITIONS [[C 5 [[C
staticfield org/eclipse/jdt/internal/compiler/lookup/TypeConstants CHECK_NOT_NULL [C 12
staticfield org/eclipse/jdt/internal/compiler/lookup/TypeConstants CHECK_ARGUMENT [C 13
staticfield org/eclipse/jdt/internal/compiler/lookup/TypeConstants CHECK_STATE [C 10
staticfield org/eclipse/jdt/internal/compiler/lookup/TypeConstants REQUIRE_NON_NULL [C 14
staticfield org/eclipse/jdt/internal/compiler/lookup/TypeConstants INJECT_PACKAGE [C 6
staticfield org/eclipse/jdt/internal/compiler/lookup/TypeConstants INJECT_TYPE [C 6
staticfield org/eclipse/jdt/internal/compiler/lookup/TypeConstants JAVAX_ANNOTATION_INJECT_INJECT [[C 3 [[C
staticfield org/eclipse/jdt/internal/compiler/lookup/TypeConstants JAKARTA_ANNOTATION_INJECT_INJECT [[C 3 [[C
staticfield org/eclipse/jdt/internal/compiler/lookup/TypeConstants COM_GOOGLE_INJECT_INJECT [[C 4 [[C
staticfield org/eclipse/jdt/internal/compiler/lookup/TypeConstants OPTIONAL [C 8
staticfield org/eclipse/jdt/internal/compiler/lookup/TypeConstants IS_INSTANCE [C 10
staticfield org/eclipse/jdt/internal/compiler/lookup/TypeConstants NON_NULL [C 7
staticfield org/eclipse/jdt/internal/compiler/lookup/TypeConstants IS_NULL [C 6
staticfield org/eclipse/jdt/internal/compiler/lookup/TypeConstants JAVA_UTIL_MAP [[C 3 [[C
staticfield org/eclipse/jdt/internal/compiler/lookup/TypeConstants GET [C 3
staticfield org/eclipse/jdt/internal/compiler/lookup/TypeConstants REMOVE [C 6
staticfield org/eclipse/jdt/internal/compiler/lookup/TypeConstants REMOVE_ALL [C 9
staticfield org/eclipse/jdt/internal/compiler/lookup/TypeConstants CONTAINS_ALL [C 11
staticfield org/eclipse/jdt/internal/compiler/lookup/TypeConstants RETAIN_ALL [C 9
staticfield org/eclipse/jdt/internal/compiler/lookup/TypeConstants CONTAINS_KEY [C 11
staticfield org/eclipse/jdt/internal/compiler/lookup/TypeConstants CONTAINS_VALUE [C 13
staticfield org/eclipse/jdt/internal/compiler/lookup/TypeConstants CONTAINS [C 8
staticfield org/eclipse/jdt/internal/compiler/lookup/TypeConstants INDEX_OF [C 7
staticfield org/eclipse/jdt/internal/compiler/lookup/TypeConstants LAST_INDEX_OF [C 11
staticfield org/eclipse/jdt/internal/compiler/lookup/TypeConstants AUTOWIRED [C 9
staticfield org/eclipse/jdt/internal/compiler/lookup/TypeConstants BEANS [C 5
staticfield org/eclipse/jdt/internal/compiler/lookup/TypeConstants FACTORY [C 7
staticfield org/eclipse/jdt/internal/compiler/lookup/TypeConstants ORG_SPRING_AUTOWIRED [[C 6 [[C
staticfield org/eclipse/jdt/internal/compiler/lookup/TypeConstants REQUIRED [C 8
staticfield org/eclipse/jdt/internal/compiler/lookup/TypeConstants INIT [C 6
staticfield org/eclipse/jdt/internal/compiler/lookup/TypeConstants CLINIT [C 8
staticfield org/eclipse/jdt/internal/compiler/lookup/TypeConstants SYNTHETIC_SWITCH_ENUM_TABLE [C 14
staticfield org/eclipse/jdt/internal/compiler/lookup/TypeConstants SYNTHETIC_ENUM_VALUES [C 11
staticfield org/eclipse/jdt/internal/compiler/lookup/TypeConstants SYNTHETIC_ASSERT_DISABLED [C 19
staticfield org/eclipse/jdt/internal/compiler/lookup/TypeConstants SYNTHETIC_CLASS [C 6
staticfield org/eclipse/jdt/internal/compiler/lookup/TypeConstants SYNTHETIC_OUTER_LOCAL_PREFIX [C 4
staticfield org/eclipse/jdt/internal/compiler/lookup/TypeConstants SYNTHETIC_ENCLOSING_INSTANCE_PREFIX [C 5
staticfield org/eclipse/jdt/internal/compiler/lookup/TypeConstants SYNTHETIC_ACCESS_METHOD_PREFIX [C 7
staticfield org/eclipse/jdt/internal/compiler/lookup/TypeConstants SYNTHETIC_ENUM_CONSTANT_INITIALIZATION_METHOD_PREFIX [C 30
staticfield org/eclipse/jdt/internal/compiler/lookup/TypeConstants SYNTHETIC_STATIC_FACTORY [C 9
staticfield org/eclipse/jdt/internal/compiler/lookup/TypeConstants DEFAULT_LOCATION__PARAMETER [C 9
staticfield org/eclipse/jdt/internal/compiler/lookup/TypeConstants DEFAULT_LOCATION__RETURN_TYPE [C 11
staticfield org/eclipse/jdt/internal/compiler/lookup/TypeConstants DEFAULT_LOCATION__FIELD [C 5
staticfield org/eclipse/jdt/internal/compiler/lookup/TypeConstants DEFAULT_LOCATION__TYPE_ARGUMENT [C 13
staticfield org/eclipse/jdt/internal/compiler/lookup/TypeConstants DEFAULT_LOCATION__TYPE_PARAMETER [C 14
staticfield org/eclipse/jdt/internal/compiler/lookup/TypeConstants DEFAULT_LOCATION__TYPE_BOUND [C 10
staticfield org/eclipse/jdt/internal/compiler/lookup/TypeConstants DEFAULT_LOCATION__ARRAY_CONTENTS [C 14
staticfield org/eclipse/jdt/internal/compiler/lookup/TypeConstants PACKAGE_INFO_NAME [C 12
staticfield org/eclipse/jdt/internal/compiler/lookup/TypeConstants MODULE_INFO_NAME [C 11
staticfield org/eclipse/jdt/internal/compiler/lookup/TypeConstants MODULE_INFO_FILE_NAME [C 16
staticfield org/eclipse/jdt/internal/compiler/lookup/TypeConstants MODULE_INFO_CLASS_NAME [C 17
staticfield org/eclipse/jdt/internal/compiler/lookup/TypeConstants JAVA_DOT_BASE [C 9
staticfield org/eclipse/jdt/internal/compiler/lookup/TypeConstants JDK_INTERNAL_VALUEBASED [[C 3 [[C
instanceKlass org/eclipse/jdt/internal/compiler/ast/Javadoc
instanceKlass org/eclipse/jdt/internal/compiler/ast/MemberValuePair
instanceKlass org/eclipse/jdt/internal/compiler/ast/CompilationUnitDeclaration
instanceKlass org/eclipse/jdt/internal/compiler/ast/ImportReference
instanceKlass org/eclipse/jdt/internal/compiler/ast/ModuleReference
instanceKlass org/eclipse/jdt/internal/compiler/ast/ModuleStatement
instanceKlass org/eclipse/jdt/internal/compiler/ast/ModuleDeclaration
instanceKlass org/eclipse/jdt/internal/compiler/ast/Statement
instanceKlass org/eclipse/jdt/internal/compiler/ast/AbstractMethodDeclaration
ciInstanceKlass org/eclipse/jdt/internal/compiler/ast/ASTNode 1 1 1460 7 1 7 1 7 1 100 1 1 1 1 1 1 3 1 3 1 3 1 3 1 3 1 3 1 3 1 3 1 3 1 3 1 3 1 3 1 3 1 3 1 3 1 3 1 3 1 3 1 3 1 3 1 3 1 3 1 3 1 3 1 3 1 3 1 3 1 3 1 3 1 3 1 3 1 3 1 1 5 0 1 5 0 1 5 0 1 5 0 1 5 0 1 5 0 1 5 0 1 5 0 1 5 0 1 5 0 1 5 0 1 5 0 1 5 0 1 5 0 1 5 0 1 5 0 1 5 0 1 5 0 1 5 0 1 5 0 1 5 0 1 5 0 1 5 0 1 5 0 1 5 0 1 5 0 1 5 0 1 5 0 1 5 0 1 5 0 1 5 0 1 5 0 1 5 0 1 1 3 1 1 3 1 1 1 1 1 1 3 1 1 1 1 1 1 1 1 1 1 3 1 3 1 1 1 1 1 1 1 1 1 1 1 1 1 1 1 1 1 1 1 3 1 3 1 1 1 1 1 1 1 1 1 1 1 1 1 1 1 1 1 1 1 1 1 1 1 1 1 1 1 1 1 1 1 1 1 1 1 1 1 1 1 1 3 1 1 1 1 1 1 1 1 1 1 1 1 1 1 1 1 1 1 1 1 1 10 7 1 12 1 1 9 12 7 1 9 12 7 1 9 12 7 1 9 12 7 1 9 12 1 1 1 1 10 12 9 12 1 1 1 1 10 7 1 12 1 1 7 1 9 12 1 1 9 12 1 9 12 1 1 9 7 1 9 12 1 10 7 1 12 1 100 1 10 7 1 12 1 1 9 12 1 1 10 100 1 12 1 1 9 12 1 1 10 12 1 1 7 1 100 1 9 12 1 100 1 10 12 1 1 10 12 1 1 10 12 1 1 1 1 1 1 1 1 1 1 1 1 1 1 1 1 1 1 1 10 12 1 1 9 7 1 12 1 100 1 5 0 9 7 1 12 1 10 12 1 10 12 1 9 12 1 1 10 7 1 12 1 10 12 1 9 12 1 100 1 5 0 7 1 9 12 1 10 12 1 1 10 12 1 7 1 10 12 1 1 10 12 1 10 12 1 1 10 12 10 12 1 10 12 1 10 12 1 10 10 12 1 1 9 12 10 10 12 1 9 12 10 12 1 10 7 1 12 1 1 10 12 1 1 9 12 1 10 12 1 1 10 12 1 1 10 12 1 1 10 12 1 1 5 0 1 1 1 1 1 1 1 1 1 1 1 1 1 1 1 1 1 1 1 1 1 1 1 1 1 1 100 100 100 1 1 1 1 1 10 7 1 9 12 1 5 0 10 9 12 9 12 5 0 10 12 1 1 1 1 1 1 10 7 1 12 1 10 12 1 1 10 12 1 9 12 1 9 12 100 1 9 10 12 9 10 12 1 1 10 12 1 1 9 100 1 12 1 10 10 7 1 12 1 1 9 100 1 12 1 1 9 12 1 1 10 12 1 10 12 1 1 10 12 1 10 12 1 1 9 12 1 10 12 1 1 1 1 1 1 1 1 1 1 1 1 10 10 12 1 1 9 10 12 1 10 1 1 1 1 1 1 1 1 10 12 1 7 1 9 10 10 12 1 9 12 1 10 12 1 10 12 1 10 12 1 10 1 1 1 1 1 1 8 1 10 7 1 12 1 1 10 7 1 12 10 12 1 1 1 1 1 1 1 1 1 8 1 1 1 8 1 8 1 8 1 8 1 8 1 8 1 8 1 8 1 8 1 8 1 8 1 8 1 8 1 1 1 10 7 1 12 1 1 10 12 1 1 10 12 1 1 1 1 1 1 1 100 100 1 1 10 12 1 1 9 7 1 12 1 10 12 1 1 1 1 7 1 100 1 10 12 1 7 1 9 12 1 11 12 1 10 12 10 7 1 12 1 1 10 12 1 10 12 1 1 7 1 10 12 1 100 1 10 12 1 1 10 12 1 9 12 1 10 12 1 10 10 100 1 12 1 1 10 12 1 9 12 1 1 10 12 1 10 12 1 3 10 12 1 9 12 1 10 12 1 1 10 7 1 12 1 7 1 11 12 1 1 10 12 1 10 12 1 1 1 1 1 1 1 1 1 1 1 1 1 1 10 12 1 7 1 10 12 1 1 1 1 10 100 1 9 5 0 9 7 1 10 12 1 1 10 10 100 1 9 10 9 10 12 1 9 9 10 9 12 10 12 1 1 100 1 9 9 12 1 1 9 100 1 12 1 9 12 1 10 12 1 1 9 12 1 9 12 1 10 12 1 1 10 12 1 1 10 10 12 1 1 10 12 1 10 12 1 1 10 12 1 10 100 1 12 1 1 10 12 1 10 12 1 1 100 1 10 12 1 10 12 1 100 1 10 12 1 11 100 1 12 1 1 10 12 1 1 10 12 1 1 10 12 1 1 10 11 12 1 1 11 12 1 1 10 12 1 1 1 1 1 1 1 1 1 1 1 1 1 1 1 1 1 1 1 1 1 1 1 1 1 1 1 100 100 9 10 12 1 1 9 100 1 5 0 100 1 10 12 1 10 12 1 1 9 100 1 12 10 12 1 10 12 1 9 12 1 1 1 1 1 1 100 1 9 12 1 10 10 12 1 1 1 1 1 1 100 1 1 10 12 1 10 12 1 9 10 12 1 1 9 10 12 1 1 10 12 1 1 1 1 1 1 1 1 10 10 12 1 5 0 10 12 1 1 10 12 1 10 12 1 1 9 10 12 1 1 9 10 9 12 10 12 1 1 10 12 1 5 0 9 12 9 12 1 10 100 1 12 1 1 9 100 1 9 9 10 12 1 1 9 9 9 10 12 1 100 1 9 12 9 10 12 1 1 10 12 1 1 5 0 10 1 1 1 1 1 1 1 1 1 1 1 1 1 1 1 1 1 1 1 1 1 1 1 1 1 1 100 1 10 11 100 1 12 1 11 12 1 1 1 1 1 1 1 1 1 1 1 100 1 10 10 12 11 12 1 10 10 12 1 100 1 9 12 1 1 9 100 1 9 12 1 10 12 1 1 10 9 5 0 9 100 1 12 1 1 10 12 1 1 10 12 1 10 12 1 9 10 12 1 1 10 12 1 1 10 12 1 1 10 12 1 10 12 1 10 12 1 1 1 1 1 1 1 1 1 1 1 9 9 12 1 1 10 12 1 1 10 7 1 12 1 1 10 9 5 0 9 12 1 5 0 10 12 1 1 9 100 1 12 1 9 12 1 9 12 100 1 1 1 1 1 100 1 1 1 1 1 1 1 1 10 10 10 12 1 1 1 1 1 1 1 1 1
staticfield org/eclipse/jdt/internal/compiler/ast/ASTNode NO_ARGUMENTS [Lorg/eclipse/jdt/internal/compiler/ast/Argument; 0 [Lorg/eclipse/jdt/internal/compiler/ast/Argument;
staticfield org/eclipse/jdt/internal/compiler/ast/ASTNode NO_RECORD_COMPONENTS [Lorg/eclipse/jdt/internal/compiler/ast/RecordComponent; 0 [Lorg/eclipse/jdt/internal/compiler/ast/RecordComponent;
staticfield org/eclipse/jdt/internal/compiler/ast/ASTNode NO_TYPE_PATTERNS [Lorg/eclipse/jdt/internal/compiler/ast/TypePattern; 0 [Lorg/eclipse/jdt/internal/compiler/ast/TypePattern;
staticfield org/eclipse/jdt/internal/compiler/ast/ASTNode NO_VARIABLES [Lorg/eclipse/jdt/internal/compiler/lookup/LocalVariableBinding; 0 [Lorg/eclipse/jdt/internal/compiler/lookup/LocalVariableBinding;
staticfield org/eclipse/jdt/internal/compiler/ast/ASTNode $assertionsDisabled Z 1
instanceKlass org/eclipse/jdt/internal/compiler/ast/Clinit
instanceKlass org/eclipse/jdt/internal/compiler/ast/ConstructorDeclaration
instanceKlass org/eclipse/jdt/internal/compiler/ast/MethodDeclaration
ciInstanceKlass org/eclipse/jdt/internal/compiler/ast/AbstractMethodDeclaration 1 1 891 7 1 7 1 100 1 100 1 1 1 1 1 1 1 1 1 1 1 1 1 1 1 1 1 1 1 1 1 1 1 1 1 1 1 1 1 1 1 1 1 1 10 12 1 9 12 9 12 9 12 1 1 1 1 1 1 100 1 10 12 1 100 1 10 7 1 10 100 1 10 1 1 1 1 1 9 12 9 12 9 12 10 12 1 10 7 1 12 1 1 10 7 1 12 1 1 9 7 1 12 1 1 10 7 1 12 1 1 9 12 1 9 7 1 12 1 1 100 1 5 0 9 12 1 1 9 12 1 1 5 0 9 12 1 5 0 9 5 0 10 12 1 1 1 1 1 1 1 1 1 1 10 12 1 1 10 12 1 10 12 1 9 12 7 1 9 7 1 12 1 10 12 1 1 10 12 1 1 10 12 1 1 1 1 1 1 100 100 1 9 12 9 12 1 9 7 1 12 1 1 9 7 1 12 1 1 100 1 10 12 1 1 10 100 1 12 1 1 10 12 1 1 1 1 1 1 1 1 1 1 100 1 1 10 12 1 10 7 1 12 1 1 9 7 1 5 0 10 7 1 12 1 1 5 0 10 12 1 10 12 1 10 12 1 1 9 12 1 9 12 1 9 12 1 10 12 1 1 10 12 1 9 12 1 10 12 1 1 5 0 100 1 10 12 1 9 12 1 1 10 12 1 1 9 12 1 1 1 1 1 1 1 1 1 1 1 1 1 100 1 1 1 1 9 7 1 12 1 1 9 7 1 12 1 10 12 1 1 9 7 1 10 7 1 12 1 1 7 1 10 7 1 12 1 1 10 12 1 1 9 7 1 12 1 1 10 7 1 12 9 12 1 9 12 1 10 12 1 9 9 12 1 9 12 1 10 12 1 9 12 1 10 12 1 10 12 1 10 12 1 1 1 1 1 1 1 1 1 1 1 1 1 1 10 12 1 1 10 12 1 1 10 12 1 10 12 1 1 10 12 1 10 12 1 1 10 12 1 10 12 1 1 10 12 1 1 9 12 10 7 1 12 1 10 12 1 9 12 1 9 12 1 1 10 7 1 12 1 1 10 12 1 1 10 7 1 12 1 1 9 12 1 10 12 1 18 12 1 1 10 12 1 1 10 12 1 10 12 9 12 10 12 1 1 10 12 1 1 10 12 1 10 12 1 1 100 1 1 1 1 1 1 1 1 100 1 1 1 1 1 9 12 1 9 12 1 1 9 12 1 1 10 12 1 1 1 100 1 10 12 1 1 9 100 1 12 1 9 12 100 1 1 1 1 1 1 1 1 1 1 1 1 1 1 1 1 9 12 10 7 1 12 10 12 1 10 12 1 9 10 12 1 1 10 100 1 12 1 1 10 12 1 1 10 100 1 8 1 10 12 1 10 12 1 9 12 10 12 1 9 12 10 100 1 10 8 1 10 10 12 1 1 1 1 1 1 100 10 100 1 3 8 1 10 12 1 1 1 1 1 10 12 10 12 1 10 12 10 12 10 12 1 1 10 12 1 1 9 7 1 12 1 5 0 10 12 1 1 10 12 1 10 12 1 1 5 0 9 3 5 0 10 12 1 1 1 9 9 12 9 10 12 1 9 12 10 12 1 9 12 1 10 10 12 1 10 12 1 1 10 12 1 1 10 9 5 0 10 12 1 9 12 1 1 10 100 1 12 1 10 12 1 1 10 12 1 1 10 12 1 10 12 1 1 10 12 1 9 100 1 12 1 1 10 12 1 1 10 12 1 1 9 12 1 10 12 1 10 100 1 12 1 100 1 10 100 1 9 12 1 1 1 1 1 1 1 1 10 12 1 10 12 1 10 12 1 100 1 3 10 12 1 1 10 12 1 1 10 100 1 12 1 1 9 12 1 9 12 1 10 12 1 1 10 12 1 1 1 1 1 1 100 1 10 12 1 9 12 10 12 1 1 1 1 1 1 9 10 12 1 1 1 1 10 12 1 1 1 1 1 10 7 1 12 1 1 15 1 16 10 12 15 16 1 100 1 100 1 1 1
instanceKlass org/eclipse/jdt/internal/compiler/ast/DoStatement
instanceKlass org/eclipse/jdt/internal/compiler/ast/WhileStatement
instanceKlass org/eclipse/jdt/internal/compiler/ast/LabeledStatement
instanceKlass org/eclipse/jdt/internal/compiler/ast/IfStatement
instanceKlass org/eclipse/jdt/internal/compiler/ast/ThrowStatement
instanceKlass org/eclipse/jdt/internal/compiler/ast/StatementWithFinallyBlock
instanceKlass org/eclipse/jdt/internal/compiler/ast/ForStatement
instanceKlass org/eclipse/jdt/internal/compiler/ast/Block
instanceKlass org/eclipse/jdt/internal/compiler/ast/EmptyStatement
instanceKlass org/eclipse/jdt/internal/compiler/ast/ExplicitConstructorCall
instanceKlass org/eclipse/jdt/internal/compiler/ast/ForeachStatement
instanceKlass org/eclipse/jdt/internal/compiler/ast/AssertStatement
instanceKlass org/eclipse/jdt/internal/compiler/ast/BranchStatement
instanceKlass org/eclipse/jdt/internal/compiler/ast/TypeDeclaration
instanceKlass org/eclipse/jdt/internal/compiler/ast/ReturnStatement
instanceKlass org/eclipse/jdt/internal/compiler/ast/CaseStatement
instanceKlass org/eclipse/jdt/internal/compiler/ast/Expression
instanceKlass org/eclipse/jdt/internal/compiler/ast/AbstractVariableDeclaration
ciInstanceKlass org/eclipse/jdt/internal/compiler/ast/Statement 1 1 534 7 1 7 1 1 1 1 3 1 3 1 3 1 1 1 10 12 1 1 1 1 1 1 7 1 9 12 1 1 7 1 1 1 1 1 1 1 1 1 10 7 1 12 1 1 9 7 1 12 1 1 100 1 5 0 10 7 1 12 1 10 12 1 1 10 7 1 12 1 9 12 1 1 9 12 1 1 10 12 1 9 7 1 12 1 1 9 7 1 12 1 1 10 12 1 1 10 12 1 1 10 12 1 1 10 12 1 1 10 12 1 1 7 1 10 12 1 1 9 12 1 1 10 12 1 1 7 1 10 100 1 12 1 1 1 1 1 1 1 1 1 1 1 1 1 1 1 1 1 1 1 1 1 1 1 1 1 1 100 100 1 100 1 10 12 1 9 12 1 9 12 1 10 12 1 1 9 12 1 9 12 1 100 1 10 10 12 1 1 11 100 1 12 1 1 11 100 1 12 1 1 10 11 12 1 10 1 1 1 1 1 1 1 9 12 1 10 100 1 12 1 1 10 12 1 10 12 1 1 10 100 1 12 1 1 10 12 1 10 12 1 1 1 1 1 1 1 1 1 10 12 1 1 10 100 1 12 1 9 12 1 9 12 1 9 10 12 1 1 100 1 5 0 100 1 1 1 1 1 1 10 12 1 1 1 9 100 1 12 1 1 10 12 1 10 12 1 10 12 1 10 12 1 1 10 12 1 1 1 7 1 9 12 1 9 7 1 12 1 9 12 1 1 9 100 1 12 1 1 9 12 1 1 1 1 1 1 1 1 1 1 1 1 1 7 1 10 12 1 10 12 1 1 100 1 10 12 1 10 12 1 1 10 12 1 9 12 1 3 9 12 1 1 10 12 1 10 12 1 1 10 12 1 1 1 1 1 1 10 12 1 1 10 12 1 9 12 1 10 7 1 12 1 1 10 12 1 1 10 12 1 10 12 1 1 10 1 1 1 1 1 1 1 1 1 1 100 1 1 1 10 12 1 1 10 12 1 10 12 1 10 5 0 100 1 10 10 12 1 10 12 1 1 1 1 1 1 1 1 10 12 1 1 1 1 1 1 1 1 9 12 1 1 1 1 1 1 10 12 1 1 10 12 10 12 1 1 100 1 1 10 12 1 7 1 10 12 1 10 12 1 1 10 12 1 1 9 7 1 12 1 1 1 1 10 12 1 1 10 12 1 1 1 1 1 1 1 1 1 1 1 1 1
instanceKlass org/eclipse/jdt/internal/compiler/ast/RecordComponent
instanceKlass org/eclipse/jdt/internal/compiler/ast/TypeParameter
instanceKlass org/eclipse/jdt/internal/compiler/ast/LocalDeclaration
instanceKlass org/eclipse/jdt/internal/compiler/ast/FieldDeclaration
ciInstanceKlass org/eclipse/jdt/internal/compiler/ast/AbstractVariableDeclaration 1 1 162 7 1 7 1 100 1 1 1 1 1 1 1 1 1 1 1 1 1 1 1 1 1 1 3 1 3 1 3 1 3 1 3 1 3 1 3 1 1 1 10 12 1 1 1 1 1 1 1 1 1 1 1 1 1 1 1 1 1 1 1 1 1 1 1 1 1 10 12 1 10 12 10 100 1 12 1 1 1 1 1 1 10 12 1 9 12 10 12 1 9 12 10 12 1 1 9 12 10 100 1 12 1 9 12 10 12 1 9 12 10 100 1 12 1 8 1 10 12 1 1 1 1 1 1 1 1 1 9 12 1 1 1 1 9 100 1 12 1 1 10 100 1 12 1 1 9 100 1 12 1 1 9 12 1 1 10 12 1 1 1 1
ciInstanceKlass org/eclipse/jdt/internal/compiler/env/INameEnvironment 1 0 14 100 1 100 1 1 1 1 1 1 1 1 1 1
ciInstanceKlass org/eclipse/jdt/internal/compiler/ast/ImportReference 1 1 188 7 1 7 1 1 1 1 1 1 1 1 1 1 1 1 1 1 1 1 1 10 12 1 9 12 9 12 9 12 1 3 5 0 9 12 1 9 12 1 9 12 1 1 1 1 1 1 1 100 100 1 1 100 1 1 1 1 1 1 1 10 7 1 12 1 1 10 7 1 12 1 1 7 1 100 1 10 9 12 1 1 11 100 1 12 1 1 11 100 1 12 1 1 100 1 9 12 1 1 10 12 1 1 11 12 1 1 11 12 1 11 12 1 10 12 1 1 9 100 1 12 1 10 12 1 1 10 100 1 12 1 1 1 1 1 1 1 1 1 1 1 1 1 1 10 12 1 1 1 1 3 8 1 10 100 1 12 1 1 10 12 1 10 12 1 8 1 1 1 1 1 1 1 10 100 1 12 1 1 10 12 1 1 1 1 1 1
instanceKlass org/eclipse/jdt/internal/compiler/lookup/ClassScope
instanceKlass org/eclipse/jdt/internal/compiler/lookup/BlockScope
instanceKlass org/eclipse/jdt/internal/compiler/lookup/CompilationUnitScope
ciInstanceKlass org/eclipse/jdt/internal/compiler/lookup/Scope 1 1 2812 7 1 7 1 1 1 1 1 1 3 1 3 1 3 1 3 1 3 1 3 1 3 1 1 1 3 1 1 1 1 1 1 1 1 1 1 1 1 1 1 1 1 1 1 1 1 1 1 1 1 10 7 1 12 1 1 9 12 7 1 10 12 1 9 12 7 1 10 9 12 7 1 9 12 1 1 9 12 1 1 1 1 10 9 12 9 12 9 12 10 12 1 7 1 9 12 1 1 1 10 7 1 12 1 1 1 1 1 1 1 9 12 1 1 100 1 5 0 10 12 1 7 1 9 12 1 10 12 10 12 1 1 9 12 1 1 10 12 1 10 12 1 10 10 7 1 12 1 1 7 1 10 12 1 1 7 1 9 12 1 1 10 12 1 10 7 1 12 1 1 9 10 12 1 1 7 1 11 100 1 12 1 1 9 100 1 10 12 1 1 10 12 1 100 1 10 12 1 11 12 1 11 12 1 10 10 12 1 1 100 1 9 12 1 9 9 12 1 9 12 1 9 12 1 9 12 1 1 1 1 1 1 1 1 1 1 1 1 1 1 1 1 1 1 1 1 1 1 1 1 1 1 1 1 1 1 1 1 7 1 1 9 12 1 1 9 12 1 1 9 12 1 9 12 1 9 12 1 9 12 1 9 12 1 9 12 1 9 12 1 1 1 1 1 18 12 1 1 10 12 1 1 100 1 10 12 1 1 10 1 1 1 1 1 1 1 1 1 18 10 12 1 10 12 1 10 12 1 10 12 1 1 10 12 1 10 10 1 1 1 1 1 1 1 1 1 1 10 100 1 12 1 1 11 100 1 12 1 10 12 1 10 100 1 12 1 1 1 1 1 1 1 1 1 1 1 10 12 1 10 12 1 1 9 12 1 10 12 1 1 1 1 10 12 1 1 1 1 10 12 1 10 12 1 1 10 12 1 7 1 3 10 12 1 10 12 1 1 1 7 1 1 1 9 12 1 1 1 10 12 1 1 9 9 12 1 1 1 1 10 12 1 1 1 1 1 11 7 1 12 1 1 9 7 1 12 1 9 12 1 9 12 1 9 12 1 10 12 1 10 12 9 7 1 12 1 100 1 5 0 5 0 10 7 1 12 1 10 7 1 11 12 1 1 9 12 1 5 0 9 12 1 7 1 9 12 1 100 1 10 12 1 10 12 1 10 12 1 1 9 12 1 10 12 1 1 10 12 1 1 9 5 0 10 12 1 1 7 1 1 1 1 1 1 1 1 1 1 1 1 100 1 1 7 1 10 9 7 1 12 1 10 12 1 10 12 1 1 9 12 1 10 12 1 10 12 1 9 12 1 7 1 10 7 1 12 1 1 10 12 1 9 5 0 9 12 1 10 12 1 1 10 100 1 12 1 1 9 9 12 1 5 0 10 12 1 1 100 1 10 10 12 10 12 1 10 12 1 1 9 12 1 10 12 1 10 12 1 5 0 10 12 1 1 10 12 1 5 0 9 12 1 10 12 1 1 10 12 1 10 12 1 10 12 1 10 12 1 1 9 12 1 10 12 1 10 12 1 1 10 12 1 10 12 1 1 1 1 1 1 1 1 1 1 1 1 1 1 1 1 1 1 1 1 1 1 1 1 100 7 1 100 9 12 1 1 10 12 1 1 10 10 12 1 1 1 1 9 12 1 1 9 12 10 12 1 9 12 1 9 12 1 100 1 3 10 10 12 1 1 9 7 1 7 1 9 12 1 9 12 1 1 9 7 1 9 12 1 10 7 1 12 1 1 10 12 1 1 1 1 1 1 1 1 1 1 7 1 1 1 7 1 9 12 1 1 1 1 1 1 1 1 1 9 12 1 7 1 1 1 9 12 10 12 1 1 1 100 1 9 12 1 9 12 1 1 1 1 1 1 9 7 1 12 7 1 10 10 12 1 1 10 12 10 12 1 1 10 12 1 1 10 12 10 7 1 12 1 1 9 12 1 10 12 1 1 5 0 10 12 1 1 10 12 1 1 1 1 1 1 1 1 1 1 1 1 1 1 1 1 1 1 1 1 1 1 7 1 100 7 1 1 9 5 0 10 12 10 12 1 1 10 12 1 1 10 12 1 1 10 12 1 1 10 12 1 1 10 12 1 7 1 10 12 1 1 1 1 1 1 10 12 1 1 10 12 1 10 12 1 10 12 1 10 12 1 10 12 1 9 12 1 10 12 1 9 12 1 9 7 1 12 1 10 12 1 1 1 1 1 1 10 12 1 1 1 10 12 7 1 10 12 1 9 12 1 5 0 9 12 1 1 10 12 1 10 12 1 10 12 1 1 10 7 1 10 9 12 1 10 12 1 11 12 1 11 12 1 10 12 1 1 1 1 1 1 1 1 1 1 1 1 1 1 1 1 1 1 1 1 10 12 5 0 10 10 12 1 10 12 1 1 1 1 1 1 1 1 10 12 1 10 1 1 10 10 10 12 1 1 10 12 1 1 10 12 1 10 12 1 10 12 1 1 10 12 1 10 12 1 10 10 10 12 1 10 12 10 12 1 1 10 12 1 10 12 1 1 10 12 9 10 12 1 5 0 10 12 1 10 12 1 10 12 1 10 12 1 10 12 1 1 1 1 1 1 1 1 1 1 1 1 1 1 1 1 1 1 1 1 1 1 1 1 1 1 1 1 1 1 1 1 1 1 10 10 12 1 9 12 1 10 12 1 10 12 10 12 1 1 1 10 12 1 1 11 12 1 1 11 7 1 12 1 10 12 1 11 12 1 11 10 12 1 1 1 1 1 1 9 12 1 1 10 12 1 10 12 10 12 1 1 10 1 1 1 1 1 1 1 1 1 9 12 1 1 9 12 1 9 12 1 10 12 10 12 10 11 12 1 100 1 9 3 100 1 9 3 10 10 12 10 10 9 9 100 1 12 1 1 10 12 1 1 10 12 1 11 12 1 1 10 10 12 10 12 1 9 12 1 1 10 7 1 9 12 1 10 12 1 1 10 12 1 1 10 12 1 1 9 12 1 1 9 7 1 9 10 12 1 10 10 10 12 10 12 1 1 10 10 12 1 1 10 12 1 1 10 7 1 10 12 1 10 12 1 1 9 100 1 12 1 1 10 100 1 12 1 1 1 1 1 1 1 1 1 1 1 1 1 1 1 1 1 1 1 1 1 1 1 1 1 1 1 1 1 1 1 1 1 1 1 100 1 100 100 1 1 10 10 10 10 10 12 10 12 1 10 12 1 100 1 10 1 1 1 1 10 12 1 10 9 12 1 100 1 10 12 1 1 1 1 1 1 10 12 1 10 12 1 9 12 1 10 12 1 1 1 1 1 10 12 1 10 12 1 9 12 1 1 1 1 1 1 10 12 1 9 12 9 12 1 10 12 1 1 9 12 1 9 9 9 100 1 10 9 1 1 1 1 10 12 10 10 12 1 1 9 12 1 10 11 12 1 1 9 9 12 1 11 12 1 10 10 10 12 1 1 1 1 1 1 1 1 1 1 1 1 1 1 1 1 1 9 12 1 10 12 1 1 10 12 1 1 1 9 12 1 1 9 12 1 1 9 12 1 1 9 12 1 1 9 12 1 1 9 12 1 1 9 12 1 1 9 12 1 1 9 12 1 1 9 12 1 1 9 12 1 1 9 12 1 1 9 12 1 1 9 12 1 1 9 12 1 1 9 12 1 1 9 12 1 1 9 12 1 1 9 12 1 1 9 12 1 1 9 12 1 1 9 12 1 1 9 12 1 1 9 12 1 1 9 12 1 1 9 12 1 8 1 10 7 1 12 1 10 12 1 1 9 12 1 1 9 12 1 1 9 12 1 1 9 12 1 1 9 12 1 9 12 1 1 9 12 1 1 9 12 1 1 9 12 1 1 9 12 1 1 9 12 1 1 9 12 1 1 9 12 1 1 9 12 1 1 9 12 1 10 12 9 12 9 12 1 1 1 1 10 12 10 1 1 10 12 1 1 10 12 1 1 10 12 1 10 12 1 1 10 12 1 1 1 100 7 1 9 12 1 9 12 1 9 12 1 10 12 1 1 1 1 10 12 1 1 10 12 10 12 1 1 9 10 10 12 10 12 1 10 1 1 1 10 12 1 10 12 1 1 10 12 1 10 10 12 1 9 10 9 10 5 0 10 12 1 10 12 1 9 12 1 9 12 1 1 10 7 1 12 1 10 12 1 1 100 1 9 12 1 10 12 1 10 12 1 1 10 12 10 10 9 10 1 1 1 1 1 1 10 12 1 1 9 12 1 10 12 1 1 10 12 1 1 1 1 100 1 100 1 10 12 10 12 1 1 10 12 1 1 10 10 12 1 1 10 12 1 1 1 1 11 12 1 10 12 1 1 10 12 1 1 1 1 1 1 1 1 1 1 9 12 1 1 1 1 1 10 12 1 10 12 1 10 10 12 1 9 1 1 1 1 1 1 1 1 1 1 1 1 1 1 1 1 1 1 1 1 1 1 9 12 1 1 10 100 1 1 1 1 1 10 12 10 12 1 9 9 12 1 10 12 1 10 10 12 1 10 10 10 9 12 1 1 1 100 1 10 12 1 1 10 10 12 1 10 12 1 1 10 1 1 1 1 1 1 1 1 10 12 1 10 12 1 1 10 12 1 1 1 1 1 1 1 10 1 10 12 10 12 10 10 12 10 12 1 1 1 1 1 1 1 1 1 1 9 12 1 1 9 12 1 10 10 12 10 12 10 12 1 7 1 9 10 10 1 1 1 1 1 1 1 1 1 1 1 1 1 1 1 1 1 1 10 12 1 1 1 1 11 12 1 11 12 1 1 10 12 1 10 12 1 100 1 11 12 1 10 12 1 1 7 1 10 12 1 10 12 1 1 10 12 1 1 10 12 1 10 12 1 1 7 1 100 1 10 10 9 12 1 100 1 10 12 1 10 12 1 9 12 1 10 9 12 1 10 12 10 10 12 1 10 10 12 1 1 9 12 1 10 100 1 12 1 10 12 1 1 9 12 1 10 12 1 100 1 10 12 1 1 1 1 1 1 1 1 1 1 1 1 1 1 1 1 1 1 1 1 1 1 1 1 1 1 1 1 1 1 1 1 1 1 1 100 100 1 1 1 1 1 1 1 1 9 12 1 10 9 12 1 10 12 1 10 12 10 12 1 7 1 9 12 1 1 10 7 1 12 1 1 1 1 1 1 1 10 12 1 1 1 10 12 1 1 1 9 12 1 1 9 12 1 1 1 1 10 10 12 1 7 1 10 12 1 7 1 10 8 1 18 12 1 1 10 12 1 10 12 1 1 10 18 7 1 10 12 1 10 10 10 10 10 12 1 1 1 1 1 1 1 1 1 1 1 1 1 1 1 1 1 1 1 1 1 1 100 1 1 1 5 0 10 12 1 1 1 1 1 1 10 9 12 100 1 9 12 1 9 12 1 10 12 1 10 12 1 1 10 12 1 1 1 1 1 1 1 1 100 1 1 1 10 12 1 10 12 1 1 1 10 12 1 1 10 12 1 1 1 1 5 0 10 12 1 10 12 1 1 9 12 9 12 1 1 1 9 12 1 1 10 10 12 10 12 1 10 12 9 12 1 18 12 1 11 12 1 1 9 12 1 9 12 9 12 1 7 1 10 12 10 10 1 1 1 1 1 1 100 1 10 10 12 1 1 10 12 7 1 1 1 1 1 9 7 1 12 1 18 12 1 9 12 1 18 9 12 1 18 9 12 1 18 9 12 1 18 9 12 1 18 9 12 1 18 9 12 1 18 9 12 1 18 9 12 1 18 9 12 1 18 9 12 1 18 9 12 1 18 9 12 1 18 9 12 1 18 9 12 1 18 9 12 1 18 9 12 1 18 9 12 1 18 9 12 1 18 9 12 1 18 9 12 1 18 1 10 9 12 1 1 1 10 12 1 1 1 10 12 1 1 10 12 1 9 12 1 10 12 1 10 10 12 1 9 1 1 1 1 1 1 1 100 100 1 100 1 1 1 1 1 1 1 1 1 9 3 1 1 100 1 100 1 3 1 1 1 1 1 1 1 10 7 1 12 1 1 15 16 10 12 15 1 16 16 10 12 15 1 16 10 7 1 12 1 15 8 1 16 10 12 1 1 15 1 16 16 10 12 15 16 16 10 12 15 16 16 10 12 15 16 16 10 12 15 16 16 10 12 15 16 16 10 12 15 16 16 10 12 15 16 16 10 12 15 16 16 10 12 15 16 16 10 12 15 16 16 10 12 15 16 16 10 12 15 16 16 10 12 15 16 16 10 12 15 16 16 10 12 15 16 16 10 12 15 16 16 10 12 15 16 16 10 12 15 16 16 10 12 15 16 16 10 12 15 16 16 10 12 15 16 16 15 16 1 100 1 100 1 1 1 1 1 1
staticfield org/eclipse/jdt/internal/compiler/lookup/Scope $assertionsDisabled Z 1
ciInstanceKlass org/eclipse/jdt/internal/compiler/lookup/CompilationUnitScope 1 1 1218 7 1 7 1 1 1 1 1 1 1 1 1 1 1 1 1 1 1 1 1 1 1 1 1 1 1 1 1 1 1 1 1 1 1 1 1 1 1 1 1 1 1 1 1 1 1 1 1 1 1 1 9 7 1 12 1 1 10 12 1 9 12 1 1 1 1 1 10 12 1 9 12 7 1 10 12 1 9 12 9 12 9 7 1 12 1 9 12 1 1 9 7 1 12 1 9 7 1 12 1 9 12 9 7 1 12 1 7 1 10 9 12 7 1 10 9 12 9 12 7 1 10 9 12 7 1 10 9 12 7 1 10 9 12 1 1 7 1 9 12 9 7 1 12 1 10 7 1 12 1 1 100 1 1 9 12 1 1 9 7 1 12 1 1 11 7 1 12 1 1 10 12 1 1 10 12 1 1 9 12 1 1 9 12 1 10 12 1 1 10 7 1 12 1 1 9 12 1 9 12 9 12 1 1 10 100 1 12 1 1 10 12 1 10 12 1 1 9 12 1 1 10 12 1 1 10 12 1 1 10 12 1 10 12 1 7 1 10 12 1 9 12 1 1 9 10 12 1 1 9 12 1 9 12 1 9 12 1 1 10 12 1 1 100 1 10 10 12 1 1 10 7 1 12 1 10 12 1 1 9 12 1 100 1 10 12 1 1 10 12 1 10 12 1 10 12 1 10 12 1 1 9 10 7 1 12 1 1 9 100 1 12 1 1 10 7 1 12 1 1 10 12 1 1 9 12 1 1 1 1 1 1 1 1 1 1 1 1 1 1 100 1 100 1 10 12 1 1 10 12 1 10 12 1 10 12 1 1 9 12 9 12 1 100 1 3 10 12 1 9 7 1 12 1 9 12 1 9 3 10 12 1 9 12 1 7 1 18 12 1 1 11 7 1 12 1 1 18 12 1 10 12 1 1 1 1 1 1 1 1 1 1 1 1 1 1 1 100 1 11 12 1 9 12 1 10 9 12 1 10 12 1 1 10 12 1 1 10 12 1 10 12 1 1 10 7 1 12 1 7 1 1 1 1 1 1 1 1 1 10 12 1 9 12 1 1 5 0 10 12 1 10 12 1 1 1 9 7 1 12 1 9 12 7 1 10 9 10 12 1 1 10 12 1 1 9 12 1 10 12 1 10 12 1 1 10 7 1 12 9 12 1 10 12 1 1 10 7 1 12 1 1 10 12 1 10 12 1 10 12 1 9 12 10 10 12 1 10 12 1 1 10 12 1 1 1 1 1 1 1 1 7 1 10 12 1 10 12 1 1 1 9 12 1 10 12 1 1 10 7 1 12 1 1 10 12 1 1 100 1 1 9 12 9 12 9 12 7 1 10 12 1 10 9 9 12 9 12 1 10 12 1 10 12 1 10 10 12 1 1 9 7 1 12 1 1 9 12 1 9 12 1 10 12 1 1 9 12 1 10 12 1 1 10 12 1 1 10 12 1 1 10 12 1 1 10 12 1 1 10 12 1 1 7 1 10 12 1 1 10 12 1 10 12 1 1 9 12 1 1 9 5 0 10 12 1 1 100 1 9 12 1 9 12 1 10 9 10 12 1 10 12 1 1 10 12 1 10 12 1 1 10 12 1 7 1 10 12 1 1 1 1 1 1 1 1 1 1 1 1 1 10 12 10 12 1 10 12 1 10 12 1 1 10 12 1 1 10 12 1 1 7 1 10 12 1 1 10 12 1 1 100 1 10 12 1 10 12 1 10 12 1 1 5 0 10 12 1 1 10 12 1 1 10 7 1 10 12 1 1 10 12 1 10 12 1 10 12 1 1 1 1 10 12 1 1 1 10 12 1 1 10 7 1 100 1 9 12 1 1 10 10 10 12 1 10 12 1 1 10 12 1 10 10 9 12 1 1 1 7 1 10 12 1 10 12 1 10 12 1 1 9 12 1 1 10 10 10 12 1 1 1 1 100 9 12 1 10 12 1 100 1 10 12 1 9 12 9 12 1 9 12 1 9 12 1 1 10 12 1 1 10 12 1 1 9 100 1 1 1 1 1 1 1 1 1 1 9 10 9 12 1 9 12 1 10 12 1 10 12 1 1 1 1 1 1 1 1 10 12 1 1 9 10 12 1 10 12 1 1 7 1 10 12 1 11 7 1 12 10 12 1 1 1 1 10 12 1 1 1 10 1 1 1 100 1 1 10 12 1 1 10 12 1 1 1 1 1 1 1 10 12 1 1 10 12 1 10 10 12 1 1 9 12 1 10 12 1 1 11 7 1 12 1 1 9 12 1 10 10 12 1 10 12 1 1 11 12 1 9 10 12 1 9 12 1 9 10 12 1 9 12 9 12 1 1 1 1 1 1 1 1 100 100 1 1 10 12 1 10 12 18 12 1 1 100 1 10 12 1 1 10 12 1 10 10 12 1 1 1 1 10 12 1 1 100 1 1 10 12 1 1 5 0 10 12 1 1 10 12 1 1 10 12 1 1 9 12 1 10 12 1 9 10 12 1 9 12 1 10 12 1 10 12 1 1 1 1 1 1 1 1 1 10 12 1 1 10 12 1 1 1 1 1 10 12 1 18 12 1 10 12 1 1 1 1 1 1 9 12 7 1 10 10 1 1 1 10 7 1 11 12 1 1 9 12 1 1 1 1 1 1 1 1 10 100 1 12 1 1 1 1 1 10 7 1 12 1 1 15 16 15 16 16 10 12 15 16 10 100 1 12 1 15 8 1 16 10 12 15 1 16 1 100 1 100 1 1 100 1 1 100 1 100 1 1 1
instanceKlass org/eclipse/jdt/internal/compiler/lookup/ImportBinding
instanceKlass org/eclipse/jdt/internal/compiler/lookup/ProblemBinding
instanceKlass org/eclipse/jdt/internal/compiler/lookup/Scope$1
instanceKlass org/eclipse/jdt/internal/compiler/lookup/ModuleBinding
instanceKlass org/eclipse/jdt/internal/compiler/lookup/PackageBinding
instanceKlass org/eclipse/jdt/internal/compiler/lookup/MethodBinding
instanceKlass org/eclipse/jdt/internal/compiler/lookup/VariableBinding
instanceKlass org/eclipse/jdt/internal/compiler/lookup/TypeBinding
ciInstanceKlass org/eclipse/jdt/internal/compiler/lookup/Binding 1 1 239 7 1 7 1 1 1 1 3 1 3 1 3 1 3 1 3 1 3 1 3 1 3 1 3 1 3 1 3 1 3 1 3 1 3 1 3 1 3 1 3 1 3 1 3 1 3 1 3 1 1 1 1 1 1 1 1 1 1 1 1 1 1 1 1 1 1 1 1 1 1 1 1 1 1 1 1 1 1 1 1 1 1 1 1 1 1 1 3 1 1 1 1 1 1 3 1 3 1 3 1 3 1 3 1 1 1 7 1 9 12 7 1 9 12 7 1 9 12 7 1 9 12 7 1 9 12 9 12 9 12 9 12 7 1 9 12 7 1 9 12 9 12 9 12 9 12 7 1 9 12 7 1 9 12 7 1 9 12 7 1 9 12 7 1 9 12 9 12 9 12 9 12 9 12 7 1 9 12 7 1 9 12 1 1 100 1 1 10 12 1 1 1 1 1 1 10 12 1 1 1 1 1 1 1 1 1 10 12 1 1 1 1 10 12 1 1 1 1 1 100 1 1 1 10 12 1 1 1 1 10 12 1 1 1 1 1 1 1
staticfield org/eclipse/jdt/internal/compiler/lookup/Binding NO_MODULES [Lorg/eclipse/jdt/internal/compiler/lookup/ModuleBinding; 0 [Lorg/eclipse/jdt/internal/compiler/lookup/ModuleBinding;
staticfield org/eclipse/jdt/internal/compiler/lookup/Binding NO_PACKAGES [Lorg/eclipse/jdt/internal/compiler/lookup/PackageBinding; 0 [Lorg/eclipse/jdt/internal/compiler/lookup/PackageBinding;
staticfield org/eclipse/jdt/internal/compiler/lookup/Binding NO_PLAIN_PACKAGES [Lorg/eclipse/jdt/internal/compiler/lookup/PlainPackageBinding; 0 [Lorg/eclipse/jdt/internal/compiler/lookup/PlainPackageBinding;
staticfield org/eclipse/jdt/internal/compiler/lookup/Binding NO_TYPES [Lorg/eclipse/jdt/internal/compiler/lookup/TypeBinding; 0 [Lorg/eclipse/jdt/internal/compiler/lookup/TypeBinding;
staticfield org/eclipse/jdt/internal/compiler/lookup/Binding NO_REFERENCE_TYPES [Lorg/eclipse/jdt/internal/compiler/lookup/ReferenceBinding; 0 [Lorg/eclipse/jdt/internal/compiler/lookup/ReferenceBinding;
staticfield org/eclipse/jdt/internal/compiler/lookup/Binding NO_PARAMETERS [Lorg/eclipse/jdt/internal/compiler/lookup/TypeBinding; 0 [Lorg/eclipse/jdt/internal/compiler/lookup/TypeBinding;
staticfield org/eclipse/jdt/internal/compiler/lookup/Binding NO_EXCEPTIONS [Lorg/eclipse/jdt/internal/compiler/lookup/ReferenceBinding; 0 [Lorg/eclipse/jdt/internal/compiler/lookup/ReferenceBinding;
staticfield org/eclipse/jdt/internal/compiler/lookup/Binding ANY_EXCEPTION [Lorg/eclipse/jdt/internal/compiler/lookup/ReferenceBinding; 1 [Lorg/eclipse/jdt/internal/compiler/lookup/ReferenceBinding;
staticfield org/eclipse/jdt/internal/compiler/lookup/Binding NO_FIELDS [Lorg/eclipse/jdt/internal/compiler/lookup/FieldBinding; 0 [Lorg/eclipse/jdt/internal/compiler/lookup/FieldBinding;
staticfield org/eclipse/jdt/internal/compiler/lookup/Binding NO_METHODS [Lorg/eclipse/jdt/internal/compiler/lookup/MethodBinding; 0 [Lorg/eclipse/jdt/internal/compiler/lookup/MethodBinding;
staticfield org/eclipse/jdt/internal/compiler/lookup/Binding NO_PERMITTED_TYPES [Lorg/eclipse/jdt/internal/compiler/lookup/ReferenceBinding; 0 [Lorg/eclipse/jdt/internal/compiler/lookup/ReferenceBinding;
staticfield org/eclipse/jdt/internal/compiler/lookup/Binding NO_SUPERINTERFACES [Lorg/eclipse/jdt/internal/compiler/lookup/ReferenceBinding; 0 [Lorg/eclipse/jdt/internal/compiler/lookup/ReferenceBinding;
staticfield org/eclipse/jdt/internal/compiler/lookup/Binding NO_MEMBER_TYPES [Lorg/eclipse/jdt/internal/compiler/lookup/ReferenceBinding; 0 [Lorg/eclipse/jdt/internal/compiler/lookup/ReferenceBinding;
staticfield org/eclipse/jdt/internal/compiler/lookup/Binding NO_TYPE_VARIABLES [Lorg/eclipse/jdt/internal/compiler/lookup/TypeVariableBinding; 0 [Lorg/eclipse/jdt/internal/compiler/lookup/TypeVariableBinding;
staticfield org/eclipse/jdt/internal/compiler/lookup/Binding NO_ANNOTATIONS [Lorg/eclipse/jdt/internal/compiler/lookup/AnnotationBinding; 0 [Lorg/eclipse/jdt/internal/compiler/lookup/AnnotationBinding;
staticfield org/eclipse/jdt/internal/compiler/lookup/Binding NO_ELEMENT_VALUE_PAIRS [Lorg/eclipse/jdt/internal/compiler/lookup/ElementValuePair; 0 [Lorg/eclipse/jdt/internal/compiler/lookup/ElementValuePair;
staticfield org/eclipse/jdt/internal/compiler/lookup/Binding NO_PARAMETER_NAMES [[C 0 [[C
staticfield org/eclipse/jdt/internal/compiler/lookup/Binding NO_COMPONENTS [Lorg/eclipse/jdt/internal/compiler/lookup/RecordComponentBinding; 0 [Lorg/eclipse/jdt/internal/compiler/lookup/RecordComponentBinding;
staticfield org/eclipse/jdt/internal/compiler/lookup/Binding UNINITIALIZED_COMPONENTS [Lorg/eclipse/jdt/internal/compiler/lookup/RecordComponentBinding; 0 [Lorg/eclipse/jdt/internal/compiler/lookup/RecordComponentBinding;
staticfield org/eclipse/jdt/internal/compiler/lookup/Binding UNINITIALIZED_FIELDS [Lorg/eclipse/jdt/internal/compiler/lookup/FieldBinding; 0 [Lorg/eclipse/jdt/internal/compiler/lookup/FieldBinding;
staticfield org/eclipse/jdt/internal/compiler/lookup/Binding UNINITIALIZED_METHODS [Lorg/eclipse/jdt/internal/compiler/lookup/MethodBinding; 0 [Lorg/eclipse/jdt/internal/compiler/lookup/MethodBinding;
staticfield org/eclipse/jdt/internal/compiler/lookup/Binding UNINITIALIZED_REFERENCE_TYPES [Lorg/eclipse/jdt/internal/compiler/lookup/ReferenceBinding; 0 [Lorg/eclipse/jdt/internal/compiler/lookup/ReferenceBinding;
staticfield org/eclipse/jdt/internal/compiler/lookup/Binding NO_INFERENCE_VARIABLES [Lorg/eclipse/jdt/internal/compiler/lookup/InferenceVariable; 0 [Lorg/eclipse/jdt/internal/compiler/lookup/InferenceVariable;
staticfield org/eclipse/jdt/internal/compiler/lookup/Binding NO_TYPE_BOUNDS [Lorg/eclipse/jdt/internal/compiler/lookup/TypeBound; 0 [Lorg/eclipse/jdt/internal/compiler/lookup/TypeBound;
instanceKlass org/eclipse/jdt/internal/compiler/lookup/PolyTypeBinding
instanceKlass org/eclipse/jdt/internal/compiler/lookup/ArrayBinding
instanceKlass org/eclipse/jdt/internal/compiler/lookup/BaseTypeBinding
instanceKlass org/eclipse/jdt/internal/compiler/lookup/ReferenceBinding
ciInstanceKlass org/eclipse/jdt/internal/compiler/lookup/TypeBinding 1 1 813 7 1 7 1 1 1 1 1 1 1 1 1 1 1 1 1 1 1 1 1 1 1 1 1 1 1 1 1 1 1 1 1 1 10 7 1 12 1 1 9 12 7 1 10 12 1 9 12 7 1 100 1 9 7 1 12 1 10 12 1 9 12 9 12 9 12 9 12 9 12 9 12 9 12 9 12 9 12 9 12 9 12 9 12 9 12 9 12 9 12 7 1 10 9 12 7 1 10 9 12 9 12 1 1 1 10 3 9 12 9 12 9 12 9 12 1 9 12 1 1 1 5 0 1 1 1 10 7 1 12 1 1 10 12 1 10 12 1 1 1 1 1 1 100 1 8 1 10 12 1 1 1 1 1 10 12 1 100 1 10 12 1 10 12 10 12 1 1 10 12 1 10 12 1 1 10 12 1 10 12 1 1 10 12 1 10 12 1 1 1 1 1 1 100 1 1 1 1 1 1 1 10 12 1 1 1 1 1 1 1 1 1 1 1 1 1 1 1 1 1 1 1 1 1 1 1 100 1 8 1 10 12 1 1 1 10 12 1 100 1 10 12 1 10 12 1 1 1 1 1 1 1 9 100 1 12 1 1 1 1 9 12 1 1 1 1 1 10 12 1 1 10 12 100 1 1 1 7 1 9 10 12 1 10 10 12 1 10 12 1 1 9 12 1 1 10 7 1 12 1 1 10 12 1 1 1 1 1 1 1 1 1 1 1 1 1 100 10 12 1 100 1 10 12 9 12 10 12 1 9 12 10 12 10 12 1 1 10 100 1 12 1 1 10 12 1 7 1 9 12 1 10 12 1 7 1 10 12 1 10 1 1 1 1 1 1 1 1 1 1 1 1 1 100 1 10 100 1 10 12 1 10 100 1 12 1 1 11 100 1 12 1 9 12 1 1 11 12 1 100 1 11 12 1 1 100 1 1 1 1 10 12 1 1 1 10 12 1 1 10 9 12 10 12 9 12 7 1 10 9 9 10 1 1 1 1 1 1 1 1 1 1 1 1 100 1 5 0 1 5 0 1 1 10 12 1 1 1 1 1 1 10 12 10 12 1 1 1 1 1 10 12 1 1 1 1 10 10 12 1 1 1 1 10 12 1 1 1 5 0 1 1 1 1 5 0 1 5 0 1 5 0 1 1 1 5 0 1 1 1 7 1 9 12 1 1 10 12 1 10 12 1 10 10 12 10 12 1 1 1 1 1 1 1 1 1 1 1 1 1 1 10 12 10 12 1 10 12 1 10 10 12 1 10 12 1 10 12 1 9 5 0 10 12 10 12 10 12 1 1 1 1 1 1 9 12 9 12 10 100 1 9 9 12 1 9 12 1 9 10 12 1 1 10 12 1 1 1 1 1 1 1 1 1 1 1 1 1 1 1 1 10 10 12 10 10 12 7 1 9 12 1 10 100 1 10 1 1 1 1 1 1 10 12 9 12 1 9 12 1 100 1 10 12 1 1 9 12 10 9 12 10 12 1 10 12 1 10 12 1 9 12 1 10 12 9 9 12 10 12 10 12 10 10 12 1 1 1 1 1 1 1 1 1 1 10 10 1 1 1 10 12 1 1 1 1 10 12 1 1 5 0 1 100 1 1 10 12 9 100 1 12 1 1 9 100 1 12 1 9 12 1 10 1 1 100 1 1 1 9 100 1 12 1 10 12 1 1 5 0 5 0 1 1 1 1 10 12 1 1 1 1 1 1 9 1 1 1 9 12 1 1 1 1 1 1 1 1 1 1 1 1 1 1 1 1 10 12 1 1 1 1 1 1 1 9 12 1 1 1 1 1 9 12 1 9 12 1 1 1 1 1 1 1 1 1 1 1 1 1 1 1
staticfield org/eclipse/jdt/internal/compiler/lookup/TypeBinding TYPE_USE_BINDING Lorg/eclipse/jdt/internal/compiler/lookup/ReferenceBinding; org/eclipse/jdt/internal/compiler/lookup/TypeBinding$1
staticfield org/eclipse/jdt/internal/compiler/lookup/TypeBinding INT Lorg/eclipse/jdt/internal/compiler/lookup/BaseTypeBinding; org/eclipse/jdt/internal/compiler/lookup/BaseTypeBinding
staticfield org/eclipse/jdt/internal/compiler/lookup/TypeBinding BYTE Lorg/eclipse/jdt/internal/compiler/lookup/BaseTypeBinding; org/eclipse/jdt/internal/compiler/lookup/BaseTypeBinding
staticfield org/eclipse/jdt/internal/compiler/lookup/TypeBinding SHORT Lorg/eclipse/jdt/internal/compiler/lookup/BaseTypeBinding; org/eclipse/jdt/internal/compiler/lookup/BaseTypeBinding
staticfield org/eclipse/jdt/internal/compiler/lookup/TypeBinding CHAR Lorg/eclipse/jdt/internal/compiler/lookup/BaseTypeBinding; org/eclipse/jdt/internal/compiler/lookup/BaseTypeBinding
staticfield org/eclipse/jdt/internal/compiler/lookup/TypeBinding LONG Lorg/eclipse/jdt/internal/compiler/lookup/BaseTypeBinding; org/eclipse/jdt/internal/compiler/lookup/BaseTypeBinding
staticfield org/eclipse/jdt/internal/compiler/lookup/TypeBinding FLOAT Lorg/eclipse/jdt/internal/compiler/lookup/BaseTypeBinding; org/eclipse/jdt/internal/compiler/lookup/BaseTypeBinding
staticfield org/eclipse/jdt/internal/compiler/lookup/TypeBinding DOUBLE Lorg/eclipse/jdt/internal/compiler/lookup/BaseTypeBinding; org/eclipse/jdt/internal/compiler/lookup/BaseTypeBinding
staticfield org/eclipse/jdt/internal/compiler/lookup/TypeBinding BOOLEAN Lorg/eclipse/jdt/internal/compiler/lookup/BaseTypeBinding; org/eclipse/jdt/internal/compiler/lookup/BaseTypeBinding
staticfield org/eclipse/jdt/internal/compiler/lookup/TypeBinding NULL Lorg/eclipse/jdt/internal/compiler/lookup/NullTypeBinding; org/eclipse/jdt/internal/compiler/lookup/NullTypeBinding
staticfield org/eclipse/jdt/internal/compiler/lookup/TypeBinding VOID Lorg/eclipse/jdt/internal/compiler/lookup/VoidTypeBinding; org/eclipse/jdt/internal/compiler/lookup/VoidTypeBinding
staticfield org/eclipse/jdt/internal/compiler/lookup/TypeBinding NUMERIC_TYPES [Lorg/eclipse/jdt/internal/compiler/lookup/TypeBinding; 7 [Lorg/eclipse/jdt/internal/compiler/lookup/TypeBinding;
staticfield org/eclipse/jdt/internal/compiler/lookup/TypeBinding $assertionsDisabled Z 1
instanceKlass org/eclipse/jdt/internal/compiler/lookup/TypeSystem$HashedParameterizedTypes$PTBKey
instanceKlass org/eclipse/jdt/internal/compiler/ast/LambdaExpression$1LambdaTypeBinding
instanceKlass org/eclipse/jdt/internal/compiler/lookup/IntersectionTypeBinding18
instanceKlass org/eclipse/jdt/internal/compiler/lookup/UnresolvedReferenceBinding
instanceKlass org/eclipse/jdt/internal/compiler/lookup/BinaryTypeBinding
instanceKlass org/eclipse/jdt/internal/compiler/lookup/ParameterizedTypeBinding
instanceKlass org/eclipse/jdt/internal/compiler/lookup/ReferenceBinding$1
instanceKlass org/eclipse/jdt/internal/compiler/lookup/WildcardBinding
instanceKlass org/eclipse/jdt/internal/compiler/lookup/TypeBinding$1
instanceKlass org/eclipse/jdt/internal/compiler/lookup/TypeVariableBinding
instanceKlass org/eclipse/jdt/internal/compiler/lookup/ProblemReferenceBinding
instanceKlass org/eclipse/jdt/internal/compiler/lookup/SourceTypeBinding
ciInstanceKlass org/eclipse/jdt/internal/compiler/lookup/ReferenceBinding 1 1 1535 7 1 7 1 1 1 1 1 1 1 1 1 1 1 1 1 1 1 1 1 1 1 1 1 1 1 1 1 1 1 1 1 1 1 1 7 1 10 12 1 9 12 7 1 10 9 12 7 1 10 9 12 7 1 9 7 1 12 1 100 1 10 12 1 9 12 18 12 1 1 9 12 1 1 100 1 1 10 12 1 9 12 9 12 9 12 9 12 9 12 9 12 9 12 9 12 9 12 9 12 1 1 10 1 1 1 1 1 9 7 1 12 10 12 1 1 1 1 1 1 1 1 1 1 100 100 1 5 0 9 7 1 12 1 10 7 1 12 1 1 1 1 1 1 1 100 10 7 1 12 1 1 1 1 1 1 1 1 1 1 1 1 1 10 7 1 12 1 1 1 1 1 1 1 1 1 1 10 12 1 1 1 10 12 1 1 1 9 12 1 1 100 1 5 0 1 1 1 1 1 10 12 1 10 12 1 1 1 10 12 1 10 12 1 1 10 12 1 1 10 12 1 10 12 1 1 10 12 1 10 12 1 1 10 10 12 1 7 1 9 12 1 1 9 7 1 12 1 1 9 7 1 12 1 100 1 5 0 10 12 1 1 10 12 1 10 12 1 10 12 1 10 10 12 1 1 1 1 1 1 1 1 1 1 1 1 1 1 10 7 1 12 1 1 10 12 1 1 9 7 1 10 10 1 1 1 1 1 10 12 1 10 12 1 100 1 3 9 7 1 12 1 1 10 12 1 7 1 10 12 1 10 12 1 10 12 1 1 10 12 1 10 12 1 10 8 1 10 12 1 10 12 1 1 10 12 1 1 1 1 1 1 1 1 1 1 100 1 9 12 1 10 12 1 9 12 1 9 12 1 9 12 1 9 12 1 9 12 1 9 12 1 9 12 1 9 12 1 9 12 1 9 12 1 9 12 1 9 12 1 9 12 1 9 12 1 9 12 1 9 12 1 9 12 1 9 12 1 9 12 1 9 12 1 9 12 1 9 12 1 9 12 1 9 12 1 9 12 1 9 12 1 9 12 1 9 12 1 9 12 1 9 12 1 9 12 1 9 12 1 9 12 1 9 12 1 9 12 1 9 12 1 9 12 1 9 12 1 9 12 1 9 12 1 9 12 1 9 12 1 9 12 1 9 12 1 9 12 1 9 12 1 9 12 1 9 12 1 9 12 1 9 12 1 9 12 1 9 12 1 9 12 1 9 12 1 9 12 1 9 12 1 9 12 1 9 12 1 9 12 1 9 12 1 9 12 1 9 12 1 9 12 1 9 12 1 9 12 1 9 12 1 9 12 1 9 12 1 9 12 1 9 12 1 9 12 1 9 12 1 9 12 1 9 12 1 9 12 1 9 12 1 9 12 1 9 12 1 9 12 1 9 12 1 9 12 1 9 12 1 9 12 1 9 12 1 9 12 1 9 12 1 9 12 1 9 12 1 9 12 1 9 12 1 9 12 1 9 12 1 9 12 1 1 1 1 1 10 12 1 1 1 1 10 12 1 1 1 1 10 12 1 10 12 1 100 1 10 12 1 10 12 1 8 1 1 1 1 5 0 5 0 9 12 1 10 12 1 10 12 1 1 100 1 9 12 1 10 100 1 12 1 1 9 12 1 10 100 1 12 1 1 10 12 1 10 12 5 0 1 1 1 1 1 1 100 1 1 1 1 1 9 1 1 1 1 1 3 1 1 10 12 10 12 1 1 1 1 1 1 1 1 1 1 1 1 1 1 1 1 1 1 1 1 1 1 1 1 1 10 12 1 1 10 12 1 1 100 1 1 9 12 1 1 10 12 1 1 1 1 1 10 12 1 9 1 1 10 7 1 12 10 12 1 1 1 10 10 12 1 10 12 1 9 12 1 10 7 1 12 1 1 1 1 1 1 1 1 1 1 1 1 1 1 10 12 1 10 12 1 10 12 10 7 1 12 1 1 1 1 1 1 3 1 1 1 1 1 10 12 1 1 1 1 1 10 12 10 12 1 1 1 1 1 5 0 1 1 1 7 1 9 12 1 1 1 1 10 12 10 12 1 1 1 1 1 1 10 12 10 1 1 1 1 10 9 7 1 10 10 12 1 1 9 7 1 12 1 1 9 12 1 10 12 1 1 10 12 1 9 12 1 1 1 10 12 1 10 7 1 9 12 1 10 12 1 10 12 100 1 10 12 1 1 9 100 1 12 1 1 100 1 9 12 1 1 10 10 12 1 100 1 9 12 1 10 12 1 10 12 10 12 1 1 10 10 12 1 1 1 1 1 1 1 1 1 3 1 3 1 1 10 12 1 10 12 1 10 12 1 1 10 12 1 1 1 1 1 100 10 12 10 12 1 1 1 1 1 3 1 1 1 5 0 1 5 0 1 1 10 12 1 1 10 12 1 1 10 12 1 5 0 1 1 1 1 1 3 1 3 10 12 9 5 0 1 9 12 1 1 1 1 10 12 10 12 10 12 1 1 10 12 10 1 1 1 1 1 9 12 1 10 12 1 9 12 1 1 10 100 1 12 1 10 12 10 12 1 5 0 9 12 1 5 0 9 12 1 1 1 1 1 100 1 1 10 12 1 1 7 1 1 1 1 10 12 9 12 1 10 12 1 1 1 1 10 12 1 1 1 1 1 1 1 1 1 10 12 1 1 10 12 1 10 12 10 12 10 10 1 1 10 12 10 10 12 10 12 1 1 1 1 1 1 1 10 12 1 10 10 12 1 10 12 1 1 1 1 9 12 1 1 1 9 12 1 1 1 1 9 12 1 9 12 1 9 12 1 9 12 1 9 12 1 9 12 1 9 12 1 1 9 12 1 9 12 1 10 12 5 0 9 12 1 10 12 1 1 10 12 1 1 1 100 10 12 9 12 1 1 1 1 10 12 1 9 12 1 9 12 1 1 10 12 1 9 12 10 9 5 0 10 12 1 10 10 12 1 1 1 1 1 1 1 100 1 10 8 1 10 12 1 10 12 10 12 1 10 10 12 1 10 7 1 12 1 1 10 12 1 10 100 1 12 1 1 9 12 1 1 1 1 1 1 1 1 1 1 1 10 12 10 12 1 1 10 7 1 12 1 1 9 12 10 12 1 1 10 12 1 10 12 1 10 100 1 12 1 1 10 12 1 1 9 12 1 9 10 12 1 1 1 1 1 1 1 1 1 1 1 1 1 1 1 1 1 1 1 1 1 1 1 1 1 1 1 10 12 10 10 10 12 1 10 1 1 1 1 9 12 1 1 10 12 1 10 12 1 1 1 1 1 100 1 8 1 10 100 1 10 12 1 10 12 1 1 10 12 1 10 10 12 11 100 1 12 1 1 11 12 1 1 11 100 1 12 1 11 12 1 1 11 12 1 11 12 1 100 1 10 1 1 1 1 1 1 1 10 12 10 12 1 1 1 1 1 1 1 1 1 1 1 1 10 7 1 12 1 1 15 1 16 10 12 15 16 1 100 1 100 1 1 1 1
staticfield org/eclipse/jdt/internal/compiler/lookup/ReferenceBinding LUB_GENERIC Lorg/eclipse/jdt/internal/compiler/lookup/ReferenceBinding; org/eclipse/jdt/internal/compiler/lookup/ReferenceBinding$1
staticfield org/eclipse/jdt/internal/compiler/lookup/ReferenceBinding FIELD_COMPARATOR Ljava/util/Comparator; org/eclipse/jdt/internal/compiler/lookup/ReferenceBinding$2
staticfield org/eclipse/jdt/internal/compiler/lookup/ReferenceBinding METHOD_COMPARATOR Ljava/util/Comparator; org/eclipse/jdt/internal/compiler/lookup/ReferenceBinding$3
staticfield org/eclipse/jdt/internal/compiler/lookup/ReferenceBinding BASIC_MEMBER_TYPES_COMPARATOR Ljava/util/Comparator; org/eclipse/jdt/internal/compiler/lookup/ReferenceBinding$$Lambda+0x000001d2aa28b480
instanceKlass org/eclipse/jdt/internal/compiler/lookup/NestedTypeBinding
ciInstanceKlass org/eclipse/jdt/internal/compiler/lookup/SourceTypeBinding 1 1 2373 7 1 7 1 1 1 1 1 1 1 1 1 1 1 1 1 1 1 1 1 1 1 1 1 1 1 1 1 1 3 1 3 1 3 1 3 1 1 1 1 1 1 1 1 1 1 1 1 1 1 1 1 1 1 1 1 1 1 1 1 10 7 1 12 1 1 9 12 1 1 1 1 1 10 12 9 12 9 12 9 12 9 12 9 12 9 12 9 12 9 12 9 12 9 12 1 1 9 12 1 1 10 7 1 12 1 1 10 7 1 12 1 1 9 12 1 9 12 1 1 9 7 1 12 1 9 9 12 1 9 12 1 9 12 10 12 1 9 12 9 7 1 12 1 9 12 9 12 1 9 12 9 12 1 9 12 9 12 10 12 1 10 12 1 10 12 1 1 1 10 12 1 9 12 1 1 100 1 5 0 5 0 9 12 9 12 9 12 9 12 9 12 9 12 9 12 9 12 5 0 1 10 12 1 100 1 10 5 0 10 12 1 10 12 1 10 12 1 1 9 7 1 12 1 100 1 5 0 10 12 1 9 12 1 10 12 1 10 12 1 10 12 1 1 7 1 9 12 1 10 7 1 12 1 1 10 12 1 9 100 1 3 9 12 1 1 9 12 1 1 9 12 1 10 12 1 10 7 1 12 1 1 10 10 7 1 12 1 1 10 12 1 1 10 12 1 1 1 1 1 1 1 1 1 1 1 1 1 1 1 1 1 1 1 1 1 100 100 1 1 7 1 7 1 10 12 1 11 12 1 1 7 1 7 1 9 7 1 12 1 9 7 1 10 12 1 1 9 12 1 9 7 1 12 1 1 11 12 1 1 10 12 1 11 12 1 1 9 10 12 1 1 9 12 1 9 7 1 12 1 1 10 7 1 12 1 1 18 12 1 1 10 12 1 10 12 1 1 1 1 1 1 1 1 1 1 1 1 100 1 9 12 1 10 12 1 9 12 1 5 0 8 1 10 12 1 1 10 7 1 12 1 1 1 1 1 9 12 1 10 100 1 12 1 1 10 12 1 1 10 1 1 1 1 1 1 8 1 9 12 1 9 12 1 1 10 12 1 18 100 100 1 1 1 8 1 9 12 1 10 12 1 1 18 1 1 7 1 7 1 10 12 1 1 1 1 1 1 1 1 1 10 12 1 1 1 9 12 1 9 18 1 1 1 1 7 1 1 1 9 12 1 10 12 1 10 12 1 1 10 12 1 10 12 10 12 1 1 1 1 1 100 1 1 1 10 12 1 9 1 1 1 9 12 1 9 7 1 12 1 10 7 1 12 1 10 12 1 9 12 1 10 12 1 1 1 1 1 1 9 100 1 10 12 1 1 1 9 12 1 10 12 1 1 1 10 12 1 9 12 1 10 12 1 10 12 1 10 12 1 1 10 12 1 1 1 1 1 10 12 1 1 1 1 1 1 1 1 10 12 1 1 1 1 1 1 1 9 12 1 5 0 10 12 1 1 10 12 1 11 12 1 1 11 7 1 12 1 1 11 7 1 12 1 11 12 1 10 12 1 1 1 1 1 1 1 10 12 1 10 10 12 1 10 10 12 1 1 1 10 12 1 1 10 12 1 1 11 7 1 12 1 1 11 12 1 1 1 1 1 1 1 1 1 1 9 12 1 10 12 1 1 11 10 12 1 1 9 12 1 10 7 1 12 1 1 18 12 1 1 11 100 1 12 1 1 18 12 1 11 12 1 1 9 12 1 10 12 1 10 12 1 10 12 1 10 12 1 1 1 1 1 100 1 10 18 18 12 1 1 11 12 1 1 10 100 1 12 1 1 11 12 1 1 10 18 18 12 1 18 11 12 1 18 11 12 1 1 11 12 1 10 12 1 1 10 12 1 1 11 12 1 1 1 1 1 1 1 10 12 1 9 12 1 1 1 1 11 12 1 1 10 12 1 9 100 1 10 12 1 1 1 1 1 1 1 10 12 1 10 12 1 10 12 1 10 12 9 12 1 1 1 10 1 1 1 10 12 10 12 10 100 1 12 1 1 10 12 1 1 10 12 1 1 10 12 1 10 12 1 1 7 1 10 10 12 1 1 10 12 1 10 12 1 10 12 10 12 1 1 1 1 1 1 1 1 1 1 10 12 1 1 10 12 10 12 1 10 12 1 3 9 5 0 10 12 1 1 10 12 1 10 12 1 10 12 1 1 1 10 12 1 10 12 1 10 12 1 10 12 9 12 1 10 12 1 1 9 12 1 1 1 1 1 9 12 1 100 1 10 12 10 12 1 10 12 1 1 10 12 1 1 9 10 12 1 9 3 9 9 10 12 1 9 12 1 10 12 1 1 9 100 1 12 1 1 10 7 1 12 1 1 9 12 1 10 12 1 1 9 12 9 1 1 1 1 1 1 1 1 1 100 100 100 1 9 3 10 5 0 3 10 10 9 10 12 1 3 9 12 1 1 9 12 9 12 1 1 9 12 10 7 1 12 1 1 3 9 12 1 1 10 12 1 1 10 12 1 9 12 10 12 1 1 9 5 0 5 0 10 12 1 1 10 7 1 12 1 1 10 12 1 10 7 1 12 1 1 10 12 1 1 9 12 10 100 1 12 1 1 1 1 1 1 1 1 100 100 10 12 1 10 5 0 5 0 10 12 1 1 10 12 1 9 12 1 10 12 1 1 10 12 1 1 1 1 1 10 12 10 12 1 1 1 10 12 10 10 7 1 10 12 1 10 10 12 1 10 12 1 1 1 1 100 5 0 9 12 1 9 12 1 9 10 12 1 1 1 1 10 1 10 12 10 12 1 9 12 1 1 1 1 10 12 5 0 10 12 1 1 10 12 1 5 0 10 12 1 1 1 1 1 1 1 1 100 1 1 10 12 1 1 1 1 1 10 12 10 7 1 12 1 1 10 1 1 1 1 1 1 1 10 12 1 1 1 1 1 10 12 1 1 1 10 12 1 1 11 12 1 1 11 7 1 10 12 1 10 100 1 10 100 1 12 1 1 10 12 1 1 1 1 1 1 1 1 1 9 10 12 1 1 1 1 1 1 1 10 12 9 12 1 1 1 10 12 5 0 10 12 1 1 10 12 10 12 1 10 12 1 10 12 1 1 10 12 10 12 1 1 10 100 1 1 1 10 12 10 100 1 10 12 1 5 0 10 100 1 10 12 1 10 10 10 9 12 1 10 12 1 1 1 1 1 1 1 1 1 10 12 1 10 12 5 0 1 1 5 0 1 1 10 7 1 12 1 1 10 7 1 12 1 1 10 12 1 1 1 10 12 1 10 12 10 12 1 1 5 0 1 1 10 12 1 1 1 10 12 5 0 10 12 1 10 12 1 1 1 1 1 1 1 1 1 1 1 5 0 1 10 12 9 5 0 10 12 1 1 5 0 10 12 10 12 10 12 1 1 10 12 100 1 9 10 12 1 1 100 1 10 10 12 1 100 1 10 9 7 1 12 10 12 10 12 1 9 12 1 9 12 1 10 12 1 1 10 12 1 1 1 1 1 1 1 1 1 1 1 1 1 1 1 1 1 1 1 1 1 1 1 1 1 1 10 10 10 12 1 10 10 12 1 10 1 1 10 9 12 1 9 7 1 10 12 1 1 1 1 1 100 9 10 12 1 1 10 12 10 12 1 10 12 1 1 10 12 1 10 12 1 10 12 9 1 100 10 100 1 10 100 1 12 1 9 10 10 9 10 9 12 1 10 12 1 100 1 10 10 12 1 1 9 10 12 1 9 9 12 1 1 9 12 1 5 0 9 12 1 10 12 1 1 10 12 1 1 10 12 1 1 5 0 10 10 12 1 1 1 1 1 1 10 12 1 1 10 12 1 10 12 1 1 10 12 1 1 1 1 100 1 9 10 10 9 12 10 12 1 1 10 7 1 12 1 1 9 12 10 12 1 10 10 12 1 1 100 1 10 12 1 10 12 1 9 7 1 12 1 1 10 12 1 1 10 12 1 9 12 1 1 9 100 1 9 12 9 12 1 9 12 1 9 9 12 1 10 12 1 1 3 100 1 9 10 12 1 1 9 10 12 1 9 12 10 12 1 10 12 1 5 0 10 12 1 7 1 9 12 10 12 1 10 12 1 9 10 12 1 9 12 5 0 10 12 1 10 12 1 1 9 12 1 10 12 1 1 1 1 1 1 1 1 1 1 1 1 1 1 1 1 1 1 1 100 10 12 1 10 12 1 1 1 9 12 1 5 0 5 0 10 12 1 1 10 12 100 1 10 12 1 10 12 1 1 1 10 12 1 1 10 100 1 12 1 10 12 1 10 12 9 12 1 9 9 12 1 10 12 1 1 10 12 1 100 1 9 12 10 12 1 1 10 12 1 1 10 12 1 10 9 12 1 10 100 1 10 12 1 1 9 12 1 9 12 1 10 12 1 1 10 12 1 1 1 1 1 1 1 1 1 1 1 10 12 10 12 1 1 10 12 1 9 12 9 9 10 12 1 1 1 1 100 10 12 1 10 1 1 10 9 12 1 9 1 100 1 1 10 12 10 10 1 1 1 1 100 1 9 100 1 10 12 1 10 12 1 1 1 1 1 1 10 12 1 10 12 1 9 12 1 1 1 1 1 10 12 10 9 12 10 12 10 12 1 10 1 1 1 10 12 1 1 10 12 1 10 12 9 12 9 1 10 12 9 12 1 1 9 7 1 12 1 7 1 10 1 1 1 10 12 9 12 10 12 10 12 1 10 12 1 7 1 10 10 12 1 1 1 1 1 1 9 12 1 1 1 1 1 10 12 1 10 12 1 8 1 10 12 1 9 12 1 3 8 1 10 12 1 8 1 8 1 10 8 1 10 8 1 10 8 1 8 1 10 12 1 8 1 10 8 1 10 8 1 8 1 8 1 8 1 8 1 10 12 1 8 1 8 1 8 1 8 1 8 1 10 8 1 8 1 10 12 1 8 1 8 1 8 1 8 1 8 1 10 8 1 8 1 8 1 10 8 1 8 1 9 12 1 8 1 10 100 1 8 1 8 1 1 10 1 1 10 7 1 12 1 10 12 1 1 1 1 10 12 1 9 12 1 10 12 1 1 1 1 10 12 1 10 12 1 10 12 10 3 1 1 9 12 1 1 1 5 0 10 12 1 1 1 1 9 12 11 12 1 18 11 10 12 1 1 1 1 1 9 12 1 1 10 7 1 12 1 1 10 1 1 1 1 1 11 12 1 1 9 12 1 1 1 1 1 1 1 1 10 100 1 12 1 15 8 1 8 1 10 100 1 12 1 1 15 16 10 12 15 16 16 10 12 15 16 16 15 1 16 16 10 12 15 16 16 10 12 15 16 16 10 12 15 16 16 10 12 15 16 16 10 12 15 16 16 10 12 15 16 1 100 1 100 1 1 1 1
staticfield org/eclipse/jdt/internal/compiler/lookup/SourceTypeBinding $assertionsDisabled Z 1
ciInstanceKlass org/eclipse/jdt/internal/compiler/lookup/ProblemReferenceBinding 1 1 186 7 1 7 1 1 1 1 1 1 1 1 10 12 1 9 12 1 1 9 12 9 12 1 1 9 9 12 1 1 1 1 1 100 1 1 100 1 10 1 1 1 1 1 1 10 12 1 1 10 12 1 1 10 12 1 1 1 1 1 100 1 10 100 1 12 1 1 10 100 1 12 1 1 10 12 1 10 12 1 1 10 100 1 12 1 1 9 100 1 12 1 1 10 100 1 12 1 1 10 12 1 1 10 18 12 1 1 8 1 100 1 1 1 1 1 1 1 1 1 100 1 1 1 1 1 1 1 1 10 12 1 100 1 100 1 10 12 1 8 1 10 12 1 1 8 1 10 100 1 12 1 1 10 12 1 8 1 10 12 8 1 10 12 8 1 10 1 1 1 1 1 10 100 1 12 1 15 8 1 1 100 1 100 1 1
instanceKlass org/eclipse/jdt/internal/compiler/lookup/ParameterizedFieldBinding
instanceKlass org/eclipse/jdt/internal/compiler/lookup/SyntheticFieldBinding
instanceKlass org/eclipse/jdt/internal/compiler/lookup/ProblemFieldBinding
ciInstanceKlass org/eclipse/jdt/internal/compiler/lookup/FieldBinding 1 1 411 7 1 7 1 1 1 1 1 1 1 1 1 1 1 1 10 12 1 9 12 1 1 1 1 1 9 12 1 1 1 1 1 1 1 1 9 12 9 12 9 12 10 12 1 9 12 1 10 12 1 1 10 12 1 1 1 1 9 7 1 10 12 9 12 1 1 1 1 1 10 12 1 1 10 12 1 10 7 1 12 1 1 1 1 1 1 10 7 1 12 1 1 10 7 1 12 1 1 10 12 1 9 12 1 10 12 1 9 7 1 10 12 1 1 10 10 12 1 1 11 100 1 12 1 7 1 10 12 1 11 12 1 1 10 12 1 1 10 12 1 10 12 1 1 9 100 1 12 1 100 1 5 0 10 12 1 100 1 10 12 1 1 10 12 1 10 12 1 10 10 12 1 1 1 1 1 1 1 1 1 1 1 1 1 1 1 1 1 1 100 1 1 1 9 100 1 12 1 10 12 10 10 100 1 12 1 1 1 1 1 1 1 1 1 1 1 100 9 12 10 12 1 10 12 1 9 12 1 9 7 1 12 1 1 10 7 1 12 1 1 9 12 1 1 9 12 1 9 7 1 12 1 10 12 1 1 9 7 1 12 1 1 1 1 1 1 1 1 100 1 1 10 12 1 1 10 7 1 12 1 1 10 12 1 1 10 12 1 1 1 1 100 1 1 1 10 12 1 10 12 1 1 10 100 1 12 1 10 12 1 9 12 1 100 1 5 0 10 12 1 5 0 10 12 1 1 9 1 1 1 1 100 1 3 10 12 1 1 1 3 9 100 1 12 1 1 10 12 1 1 1 1 1 5 0 5 0 9 12 1 9 12 1 9 12 1 1 10 7 1 12 1 1 1 1 1 1 1 3 1 10 12 1 1 1 3 1 1 3 1 1 1 10 12 1 3 10 12 1 1 1 1 9 12 1 1 1 100 1 1
instanceKlass org/eclipse/jdt/internal/compiler/lookup/ArrayBinding$1
instanceKlass org/eclipse/jdt/internal/compiler/lookup/MostSpecificExceptionMethodBinding
instanceKlass org/eclipse/jdt/internal/compiler/lookup/SyntheticFactoryMethodBinding
instanceKlass org/eclipse/jdt/internal/compiler/lookup/PolymorphicMethodBinding
instanceKlass org/eclipse/jdt/internal/compiler/lookup/SyntheticMethodBinding
instanceKlass org/eclipse/jdt/internal/compiler/lookup/ProblemMethodBinding
instanceKlass org/eclipse/jdt/internal/compiler/lookup/ParameterizedMethodBinding
ciInstanceKlass org/eclipse/jdt/internal/compiler/lookup/MethodBinding 1 1 1114 7 1 7 1 1 1 1 1 1 1 1 1 1 1 1 1 1 1 1 1 1 1 1 1 1 1 1 1 1 1 1 1 1 1 1 1 1 1 1 1 9 12 9 12 9 12 9 12 9 12 9 12 1 1 1 1 100 1 5 0 5 0 5 0 5 0 1 1 1 10 12 9 12 1 9 12 9 12 9 12 1 9 12 9 12 1 9 12 1 1 1 9 12 9 12 9 12 9 12 1 9 12 9 12 1 9 12 9 12 10 7 1 12 1 1 10 12 1 10 12 1 100 1 100 7 1 100 100 1 9 7 1 12 1 9 12 1 1 10 12 1 10 12 1 1 10 12 1 1 1 1 1 10 12 1 1 10 12 1 1 1 1 1 1 1 1 10 12 1 10 12 1 1 7 1 10 12 1 1 1 1 1 1 1 1 1 10 7 1 1 100 1 1 10 12 1 1 10 7 1 12 1 1 1 1 10 12 1 1 10 12 1 10 12 1 10 12 1 1 10 12 1 1 10 12 1 1 100 1 10 12 1 1 1 1 1 1 1 1 1 1 1 10 12 1 10 7 1 12 1 1 10 12 1 10 12 1 9 7 1 12 1 1 9 11 7 1 12 1 10 12 1 10 12 1 10 1 1 1 1 1 1 1 1 1 1 10 12 1 1 1 1 10 12 1 10 12 1 10 12 1 1 9 7 1 12 1 5 0 11 12 1 11 12 1 10 12 1 10 12 1 1 11 12 1 1 10 9 12 1 5 0 10 12 1 10 12 1 10 12 1 10 10 1 1 1 1 1 1 1 1 100 1 1 1 1 1 9 12 5 0 10 12 1 10 1 1 1 1 1 1 1 1 1 1 1 100 1 1 1 10 12 1 1 1 1 100 1 1 1 10 12 10 12 1 1 10 12 10 7 1 12 1 1 10 10 100 1 12 1 1 1 1 1 1 1 1 1 1 1 1 1 1 1 1 100 1 1 1 9 12 11 100 1 12 1 1 10 12 1 9 7 1 12 1 9 100 1 12 1 9 100 1 9 12 1 10 100 1 12 1 1 10 100 1 12 1 1 5 0 5 0 1 1 1 1 1 1 1 1 1 10 12 1 10 12 1 1 11 12 1 10 12 1 9 10 12 1 9 12 1 10 12 1 1 100 1 10 12 1 1 10 12 1 1 100 1 9 100 1 12 1 1 10 12 1 1 1 1 1 10 12 1 1 1 1 1 1 1 1 100 100 1 3 7 1 10 12 10 12 1 1 10 10 12 1 10 12 1 9 10 10 12 10 12 1 1 1 1 1 1 1 3 1 1 10 12 1 1 1 1 1 5 0 9 12 1 9 7 1 12 1 1 10 7 1 12 1 1 9 12 1 1 10 7 1 12 1 1 10 9 12 1 9 12 9 12 1 10 12 1 1 10 12 1 1 1 1 1 1 1 1 1 1 1 5 0 10 12 1 10 12 1 10 12 1 1 10 7 1 12 1 1 1 1 100 1 1 1 10 12 100 10 12 1 1 9 10 12 10 12 1 1 1 1 1 1 100 1 1 9 12 1 10 12 1 1 1 1 1 10 12 1 1 1 1 1 1 1 1 1 1 1 100 1 1 3 1 1 3 1 3 1 3 1 1 3 1 1 9 12 1 10 12 1 10 12 1 9 12 1 100 1 1 1 1 3 1 10 12 1 1 1 3 1 1 1 3 1 1 1 1 10 12 10 12 8 1 10 12 1 10 10 12 1 1 10 7 1 12 1 1 1 1 1 1 1 10 12 1 1 1 1 10 12 1 1 1 1 1 1 1 10 12 10 1 1 9 12 1 10 12 10 1 10 12 1 1 10 12 1 9 7 1 12 1 9 12 1 1 10 7 1 10 12 1 10 10 12 1 9 5 0 10 7 1 12 1 1 7 1 9 12 1 10 10 12 1 1 9 7 1 1 1 1 1 1 1 1 1 1 1 1 1 1 1 100 1 100 1 10 12 9 12 10 12 9 12 1 1 9 12 100 1 1 1 1 1 10 12 9 12 1 3 8 1 10 12 1 1 10 12 1 8 1 8 1 10 12 8 1 8 1 8 1 8 1 8 1 8 1 10 8 1 8 1 1 9 10 12 1 1 1 1 1 10 12 1 1 10 12 1 10 12 1 10 10 100 1 12 1 1 10 100 1 12 1 1 1 1 1 1 1 1 1 1 1 100 9 10 12 1 1 10 10 12 1 10 12 100 1 10 12 1 9 12 1 9 12 1 1 1 1 1 1 1 1 1 1 1 100 10 12 1 1 10 12 1 3 10 12 1 1 1 1 10 12 1 10 12 1 10 10 100 1 12 1 1 1 1 1 1 1 1 1 1 1 1 5 0 9 10 12 1 10 12 1 1 1 9 12 1 9 10 12 1 1 1 10 1 1 1 1 1 1 9 100 1 12 1 1 9 12 1 1 1 1 10 7 1 12 1 1 10 12 10 10 12 1 1 10 12 1 1 1 1 9 12 1 10 12 1 1 1 1 1 1 1 1 100 1 1 1
instanceKlass org/eclipse/jdt/internal/compiler/lookup/SplitPackageBinding
instanceKlass org/eclipse/jdt/internal/compiler/lookup/PlainPackageBinding
ciInstanceKlass org/eclipse/jdt/internal/compiler/lookup/PackageBinding 1 1 472 7 1 7 1 7 1 1 1 1 1 1 1 1 1 1 1 1 1 1 1 1 1 1 1 1 1 1 1 1 1 1 1 10 12 1 9 12 9 12 9 12 9 12 1 1 1 1 9 12 9 12 7 1 10 12 1 9 12 9 7 1 12 1 10 12 1 9 12 100 1 8 1 10 12 1 1 100 7 1 7 1 1 1 9 12 1 1 9 12 1 1 10 12 1 1 1 1 1 7 1 10 9 12 1 1 10 12 1 1 1 100 1 5 0 10 12 1 1 1 1 1 9 7 1 9 10 12 1 10 12 1 1 7 1 10 12 1 1 9 12 1 1 9 7 1 12 1 9 12 1 10 12 1 10 12 1 9 12 10 7 1 12 1 1 11 7 1 12 1 1 7 1 9 10 12 1 1 11 12 1 1 1 1 1 1 1 100 1 1 5 0 1 1 1 10 12 1 1 1 1 1 10 12 1 1 10 12 1 1 1 10 12 1 1 10 12 10 12 1 1 10 12 1 1 1 1 10 12 1 10 12 1 1 10 12 10 7 1 12 1 1 10 12 1 100 1 100 1 10 12 1 10 12 1 1 1 1 1 10 12 1 1 1 1 10 12 1 9 12 1 10 12 1 1 1 1 1 1 1 5 0 9 12 1 10 12 10 12 1 5 0 5 0 1 1 10 12 1 1 100 1 9 9 1 1 10 12 10 12 1 1 1 1 1 10 100 1 12 1 1 11 100 1 12 1 1 1 1 1 1 1 1 10 12 1 1 10 12 1 1 9 12 1 10 12 1 9 12 1 10 12 1 9 12 1 1 10 12 1 1 1 1 1 1 10 12 9 12 1 100 1 10 12 1 1 1 1 1 1 1 8 1 10 12 1 8 1 18 12 1 1 18 1 1 100 1 1 1 1 1 9 12 9 12 1 9 7 1 12 1 10 12 1 1 9 12 1 1 1 1 1 1 9 12 1 1 9 12 1 9 12 1 1 7 1 10 12 1 11 12 1 1 1 1 1 100 1 1 10 10 12 1 1 1 1 10 100 1 12 1 15 8 1 8 1 1 100 1 100 1 1
instanceKlass org/eclipse/jdt/internal/compiler/lookup/ProblemPackageBinding
ciInstanceKlass org/eclipse/jdt/internal/compiler/lookup/PlainPackageBinding 1 1 96 7 1 7 1 1 1 1 1 1 10 7 1 12 1 1 9 12 1 1 1 1 1 7 1 10 12 1 1 1 1 1 1 1 1 1 9 7 1 12 1 1 9 7 1 12 1 10 1 1 1 1 10 12 1 1 9 12 1 1 1 100 1 10 100 1 12 1 1 18 12 1 1 10 12 1 10 12 1 1 1 1 10 100 1 12 1 15 8 1 1 100 1 100 1 1
staticfield org/eclipse/jdt/internal/compiler/lookup/PlainPackageBinding $assertionsDisabled Z 1
instanceKlass org/eclipse/jdt/internal/compiler/lookup/ModuleScope
instanceKlass org/eclipse/jdt/internal/compiler/lookup/MethodScope
ciInstanceKlass org/eclipse/jdt/internal/compiler/lookup/BlockScope 1 1 1167 7 1 7 1 1 1 1 1 1 1 1 1 1 1 1 1 1 1 1 1 1 1 1 1 1 1 1 1 1 1 1 1 1 1 1 1 1 7 1 9 12 9 12 9 12 1 1 1 1 10 12 1 1 1 1 10 12 1 7 1 9 12 10 12 1 1 9 12 9 12 1 1 1 1 10 9 12 9 12 9 12 9 12 9 12 1 1 1 1 7 1 10 12 1 10 12 1 1 10 12 1 1 10 12 1 1 9 7 1 12 1 1 7 1 9 12 1 1 9 12 1 9 12 1 10 12 1 1 9 12 1 10 12 1 1 1 1 1 1 1 1 1 1 1 10 12 1 1 1 1 1 1 9 12 10 12 10 12 1 10 12 1 1 9 12 1 1 10 7 1 12 1 1 10 7 1 12 1 1 10 12 1 9 12 1 9 12 1 9 12 1 1 1 1 1 1 1 10 12 1 1 9 7 1 12 1 10 7 1 12 1 1 10 12 10 12 1 10 12 1 7 1 10 12 1 1 1 1 8 1 18 12 1 1 18 18 18 12 1 10 12 1 1 18 12 1 18 12 1 1 1 1 1 1 100 1 9 12 1 100 1 3 10 12 1 1 10 7 1 12 1 1 3 10 12 1 1 1 1 1 1 9 12 9 12 10 12 1 9 1 1 1 1 100 9 12 1 7 1 10 12 1 1 1 100 1 1 10 12 1 9 12 10 12 1 10 12 9 12 1 10 12 1 1 9 7 1 12 1 1 9 12 1 3 10 12 1 10 12 1 1 10 12 1 10 12 1 1 9 7 1 12 1 10 12 1 10 7 1 12 1 9 12 1 1 9 12 1 1 10 12 1 9 12 1 1 1 1 1 1 1 1 1 1 1 1 1 1 1 9 12 10 10 12 1 10 12 1 7 1 10 12 1 10 12 1 10 12 1 1 10 12 1 1 1 1 1 1 1 1 1 9 12 1 1 9 12 9 100 1 12 1 100 1 100 1 5 0 9 12 10 12 1 1 10 12 1 1 10 7 1 12 1 1 1 1 1 1 1 1 1 10 12 3 9 12 1 9 12 1 1 1 1 1 1 100 1 1 9 12 1 1 1 1 1 1 1 7 1 10 12 1 11 7 1 12 1 10 12 1 1 10 7 1 12 1 1 10 12 1 7 1 9 12 1 1 10 12 1 1 10 12 1 1 10 12 1 1 100 1 10 12 1 1 100 1 10 12 1 100 1 10 12 1 7 1 10 12 1 1 10 12 1 10 12 1 1 100 1 10 12 1 1 11 12 1 11 12 1 10 12 1 1 10 12 1 1 10 7 1 12 1 1 10 12 1 1 10 12 1 1 11 12 1 1 10 12 1 1 7 1 9 12 9 10 12 1 1 10 12 1 10 12 1 1 10 1 1 1 1 1 1 1 1 1 1 1 1 1 1 1 100 100 100 1 1 10 12 1 1 9 10 10 1 1 1 1 1 1 10 10 12 1 10 7 1 12 1 10 10 12 1 1 1 1 1 1 1 1 10 12 1 1 10 10 12 1 10 12 1 9 12 9 12 1 1 9 100 1 12 1 1 100 1 10 12 1 10 10 9 10 10 12 1 10 12 1 1 100 1 9 100 1 12 1 1 10 12 1 1 10 10 12 10 10 10 12 1 1 1 1 1 1 1 1 1 1 1 1 1 1 1 1 7 1 100 1 1 9 1 1 1 1 100 1 10 12 1 10 10 12 1 10 10 1 10 1 1 10 12 1 1 9 9 12 1 10 12 1 1 1 1 100 1 1 10 12 1 1 10 12 10 12 18 1 1 9 12 100 1 10 12 11 100 1 12 1 1 1 1 1 1 1 9 100 1 12 1 10 12 1 11 12 1 10 12 1 1 1 11 12 1 1 1 9 12 1 10 12 1 1 10 10 12 10 100 1 12 1 9 12 1 100 1 9 12 1 10 12 1 1 100 1 10 12 1 11 100 1 12 1 1 10 12 1 1 10 12 1 1 9 100 1 12 1 100 1 5 0 9 12 1 10 12 1 9 10 12 1 5 0 10 12 1 1 10 12 1 1 10 12 1 10 12 1 10 100 1 12 1 1 10 12 1 10 12 1 10 12 1 1 10 12 1 10 12 1 1 10 12 1 1 9 12 1 1 5 0 10 12 1 1 11 12 1 9 12 1 1 1 1 1 1 1 1 1 1 1 1 1 1 1 1 1 1 9 7 1 12 1 1 10 9 10 12 1 1 9 12 7 1 9 12 1 1 9 12 1 1 1 1 1 1 1 1 1 1 1 100 100 1 1 10 12 1 1 10 12 1 1 1 1 1 1 11 12 1 11 12 1 1 9 12 10 12 1 1 10 12 1 10 12 1 1 10 12 1 10 12 1 10 12 1 9 12 1 1 10 12 1 1 10 12 1 1 1 1 1 1 1 1 1 1 1 1 1 1 11 12 1 10 12 1 1 1 1 10 12 1 10 12 1 1 10 12 1 1 10 12 1 1 1 1 1 1 1 1 1 1 1 100 100 10 10 12 10 100 1 12 1 1 9 10 12 1 1 1 1 1 1 1 10 12 1 1 1 1 1 1 1 1 10 100 1 12 1 15 8 1 8 1 8 1 8 1 8 1 8 1 1 100 1 100 1 1 1
staticfield org/eclipse/jdt/internal/compiler/lookup/BlockScope EmulationPathToImplicitThis [Lorg/eclipse/jdt/internal/compiler/lookup/VariableBinding; 0 [Lorg/eclipse/jdt/internal/compiler/lookup/VariableBinding;
staticfield org/eclipse/jdt/internal/compiler/lookup/BlockScope NoEnclosingInstanceInConstructorCall [Lorg/eclipse/jdt/internal/compiler/lookup/VariableBinding; 0 [Lorg/eclipse/jdt/internal/compiler/lookup/VariableBinding;
staticfield org/eclipse/jdt/internal/compiler/lookup/BlockScope NoEnclosingInstanceInStaticContext [Lorg/eclipse/jdt/internal/compiler/lookup/VariableBinding; 0 [Lorg/eclipse/jdt/internal/compiler/lookup/VariableBinding;
ciInstanceKlass org/eclipse/jdt/internal/compiler/lookup/MethodScope 1 1 822 7 1 7 1 1 1 1 1 1 1 1 1 1 1 1 1 1 1 1 1 1 1 1 1 1 1 1 1 9 12 8 1 10 7 1 12 1 1 9 7 1 12 1 1 8 1 10 100 1 12 1 1 1 1 1 1 1 100 1 10 12 1 9 12 9 12 9 12 9 12 9 12 7 9 12 9 12 7 1 9 12 1 1 9 12 9 12 9 12 1 1 1 1 1 1 1 10 12 1 1 8 1 18 12 1 1 18 18 18 12 1 10 12 1 1 18 12 1 9 12 1 18 12 1 18 12 1 9 12 10 100 1 12 1 1 18 18 18 1 1 1 1 1 1 1 9 7 1 12 1 9 12 1 1 100 1 3 10 12 1 1 7 1 10 7 1 12 1 1 7 1 9 12 1 100 1 9 7 1 100 1 3 10 12 1 1 10 12 1 1 3 9 10 12 1 3 10 12 1 1 1 1 1 1 1 1 1 1 1 1 10 12 1 1 9 7 1 12 1 1 10 12 1 3 5 0 10 12 1 3 5 0 10 12 1 10 12 10 12 1 10 12 1 10 12 1 10 12 1 10 12 1 10 12 1 1 3 10 12 1 100 1 9 12 1 1 9 7 1 12 1 9 7 1 12 1 1 9 100 1 12 1 1 9 100 1 3 9 12 1 100 1 5 0 3 10 12 10 7 1 10 12 1 1 10 12 1 5 0 10 12 1 10 10 12 1 1 1 1 1 1 1 1 1 1 10 12 1 9 12 1 10 12 1 9 12 1 10 12 1 9 5 0 9 12 1 9 12 1 1 9 7 1 3 10 12 1 1 1 1 1 1 1 9 12 1 9 12 1 10 12 1 9 12 1 1 10 12 1 1 9 12 1 9 100 1 12 1 1 10 12 1 1 10 12 1 10 7 1 12 1 1 9 12 1 9 12 1 9 7 1 12 1 1 10 12 1 1 9 12 1 10 12 1 1 9 12 9 7 1 9 10 12 1 1 1 1 1 1 1 1 1 100 1 1 9 12 10 12 1 1 9 12 1 1 3 10 12 1 10 12 1 3 10 12 1 9 12 10 12 10 10 12 10 9 12 1 1 10 12 1 10 12 9 12 1 1 7 9 12 1 1 9 7 1 12 1 10 12 1 5 0 9 7 1 12 1 10 7 1 12 1 1 10 12 1 1 10 12 1 1 9 12 1 1 5 0 10 12 1 9 100 1 12 1 1 9 3 10 12 1 1 9 7 1 12 1 1 9 12 1 10 12 1 1 10 12 1 1 1 1 1 1 100 100 9 12 1 100 1 1 1 1 10 12 10 7 1 12 1 10 11 7 1 12 1 100 1 9 100 1 10 12 1 10 7 1 9 9 12 1 10 12 1 1 11 12 1 1 11 12 1 10 12 1 1 10 12 1 1 10 12 1 100 1 9 12 1 1 1 1 1 1 1 1 1 1 1 1 7 1 9 12 1 1 11 100 1 12 1 1 100 1 1 1 1 1 1 100 1 1 1 1 10 12 1 1 9 7 1 12 1 9 1 1 9 7 1 12 10 12 1 1 9 7 1 12 1 9 12 10 12 1 1 1 1 1 1 1 1 1 1 1 1 1 1 1 9 10 12 1 1 1 1 10 7 1 12 1 1 1 1 1 1 10 12 1 1 10 12 9 12 1 9 12 10 12 1 1 1 1 10 12 1 10 12 1 1 1 1 10 12 1 1 9 7 1 12 1 10 12 1 9 12 1 1 10 7 1 12 1 1 1 1 100 1 10 12 1 10 12 1 1 1 1 1 1 1 1 1 10 100 1 12 1 15 8 1 8 1 8 1 8 1 8 1 8 1 8 1 8 1 8 1 1 100 1 100 1 1 1
ciInstanceKlass org/eclipse/jdt/internal/compiler/lookup/ClassScope 1 1 1494 7 1 7 1 1 1 1 1 1 1 1 1 1 1 1 1 1 1 1 10 7 1 12 1 1 9 12 1 1 1 1 1 10 12 1 9 12 9 12 9 12 9 12 1 1 1 1 1 1 1 9 7 1 12 1 1 10 12 1 1 9 7 1 12 1 1 100 1 3 9 7 1 12 1 100 1 9 7 1 12 1 1 9 7 1 12 1 1 9 7 1 12 1 10 7 1 12 1 1 9 12 1 1 9 9 7 1 12 1 1 10 12 1 1 10 12 1 10 12 1 1 10 12 1 1 10 12 1 9 12 1 1 9 7 1 12 1 7 1 9 12 1 1 9 12 1 1 100 1 5 0 10 12 1 1 10 7 1 12 1 1 9 5 0 9 12 1 10 12 1 10 12 1 1 9 12 1 10 12 1 1 9 7 1 12 1 10 12 1 10 12 1 10 12 1 10 12 1 10 12 1 5 0 10 12 1 10 12 1 10 12 1 10 12 1 1 10 7 1 12 1 1 10 12 1 1 1 1 1 1 1 1 1 1 1 1 100 1 9 12 1 10 10 12 1 9 12 1 1 9 12 1 1 10 12 1 1 100 1 7 1 10 12 1 9 100 1 3 10 12 1 9 10 12 1 1 9 12 1 10 12 1 1 10 12 1 1 9 12 1 10 12 1 1 10 12 1 1 10 7 1 12 1 1 10 12 1 9 12 1 1 1 1 1 1 1 1 1 1 1 1 1 1 100 100 9 3 10 12 1 1 1 1 10 12 1 9 12 1 1 9 12 1 1 10 12 1 1 10 7 1 12 1 1 7 1 100 1 9 10 12 1 9 10 12 1 1 9 9 12 1 10 12 1 1 9 5 0 1 1 1 1 1 1 100 100 10 12 10 12 10 12 1 10 12 1 9 12 10 10 12 1 10 12 1 10 12 1 7 1 10 12 1 9 12 1 9 12 1 1 100 9 7 1 10 12 1 9 12 1 1 9 12 1 10 12 1 1 10 12 1 10 12 1 10 12 1 9 12 1 9 12 1 9 10 12 1 1 10 12 1 1 9 7 1 12 1 100 1 5 0 10 12 1 1 9 12 1 9 10 12 1 10 12 10 12 1 10 12 10 12 1 10 12 1 1 1 1 1 1 1 1 7 1 1 1 10 12 1 5 0 10 12 1 10 12 1 10 100 1 12 1 1 10 12 1 1 10 1 1 9 12 1 1 9 12 1 10 12 1 100 1 10 12 10 12 1 10 12 1 10 12 1 10 12 1 10 12 1 1 10 1 1 1 100 1 10 12 1 9 12 1 1 10 12 1 1 10 12 1 7 1 9 12 1 10 12 1 1 9 12 1 10 12 1 10 12 1 1 10 12 1 10 10 12 1 9 12 1 100 1 10 12 1 100 1 10 10 12 1 1 5 0 9 10 12 1 1 9 9 12 1 100 1 10 12 1 1 1 1 1 1 1 1 1 100 9 12 1 1 10 12 1 1 10 12 1 9 10 12 1 1 10 12 1 1 10 12 1 9 12 10 10 12 1 10 12 1 1 9 12 1 10 12 1 1 9 12 1 1 10 7 1 12 1 1 10 12 1 1 11 100 1 12 1 1 10 100 1 12 1 1 9 12 1 1 9 12 1 1 9 12 1 10 12 1 1 10 12 1 1 1 1 1 100 100 100 10 12 1 1 9 10 12 1 10 12 1 1 9 3 1 1 10 7 1 12 1 1 1 1 9 7 1 12 1 1 10 12 1 1 3 3 10 12 1 3 10 12 1 10 10 12 1 9 10 12 10 10 12 1 10 10 12 1 10 12 1 10 12 1 9 12 1 5 0 9 12 1 9 10 12 1 9 12 10 12 1 10 12 1 1 10 12 1 9 12 1 10 12 1 10 12 1 3 10 12 1 10 9 12 10 10 10 10 5 0 10 12 1 10 12 1 10 12 1 10 12 1 10 12 1 9 9 12 1 9 12 1 10 12 1 10 12 1 9 12 1 100 1 10 9 12 1 1 3 10 12 1 10 12 1 10 12 1 10 12 1 10 12 1 10 12 1 10 12 1 10 12 1 10 12 1 10 12 1 1 1 1 1 1 1 1 1 1 1 1 1 1 1 1 1 9 12 1 10 12 1 1 10 12 1 1 10 12 1 10 12 1 3 10 12 1 3 10 12 1 10 12 1 3 1 9 12 7 1 10 10 12 1 1 9 12 1 10 7 1 12 1 9 12 1 9 12 1 1 9 10 12 1 1 9 12 1 10 9 1 1 1 1 1 1 1 1 1 1 1 1 1 100 1 100 1 10 12 1 10 12 1 10 12 5 0 1 1 1 1 1 1 1 1 1 1 10 7 1 12 10 12 1 10 12 1 1 1 1 10 10 10 10 12 1 10 12 1 10 12 1 10 12 1 1 10 12 1 1 10 5 0 10 12 1 1 10 10 12 1 10 12 1 10 12 1 10 12 1 10 10 10 12 1 10 12 1 1 9 10 12 1 5 0 1 10 12 1 10 12 1 10 12 1 1 10 12 1 1 10 12 1 1 10 12 1 1 9 7 1 10 12 1 1 10 7 1 12 1 10 12 1 1 1 1 1 1 1 1 10 12 1 1 10 10 100 1 12 1 10 12 1 1 10 12 1 1 1 1 1 1 1 1 9 12 1 5 0 10 12 1 1 10 12 1 10 10 12 1 10 12 1 1 10 12 1 10 12 10 12 1 1 5 0 10 12 10 12 1 10 12 1 1 1 1 1 1 100 1 1 1 10 12 1 10 12 1 10 12 1 1 10 12 1 10 12 1 10 10 12 1 1 1 1 1 1 9 12 1 1 11 7 1 12 1 1 10 12 10 12 10 12 1 1 11 12 1 10 12 1 1 5 0 10 12 1 10 12 1 9 12 1 1 10 12 10 12 1 1 9 7 1 10 100 1 12 1 1 1 1 1 1 7 1 9 12 1 1 10 12 1 10 12 1 9 12 10 12 1 10 12 1 10 12 1 10 12 1 1 10 12 1 1 9 1 10 12 1 100 1 10 10 12 1 1 10 10 12 1 10 12 1 10 12 1 100 1 10 10 12 1 1 11 12 1 1 11 100 1 12 1 10 12 11 12 1 10 12 1 1 1 1 1 1 1 100 9 12 10 12 1 10 12 1 1 10 12 1 1 10 12 1 1 9 12 1 1 10 12 1 10 12 1 1 10 12 1 1 9 10 12 1 1 100 1 10 12 1 9 12 1 9 10 1 1 1 1 1 10 12 1 1 1 10 12 1 10 12 1 10 12 1 1 1 1 1 1 10 12 1 10 12 1 1 1 1 10 12 18 12 1 8 1 1 1 1 10 100 1 12 1 15 8 1 1 100 1 100 1 1 1 1 7 1 12 10
staticfield org/eclipse/jdt/internal/compiler/lookup/ClassScope $assertionsDisabled Z 1
instanceKlass org/eclipse/jdt/internal/compiler/lookup/CaptureBinding
instanceKlass org/eclipse/jdt/internal/compiler/lookup/InferenceVariable
ciInstanceKlass org/eclipse/jdt/internal/compiler/lookup/TypeVariableBinding 1 1 814 7 1 7 1 1 1 1 1 1 1 1 1 1 1 1 1 1 1 1 1 1 1 1 1 1 1 1 1 10 12 1 9 12 9 12 9 12 1 9 12 9 12 3 9 12 1 9 12 1 1 100 1 5 0 9 12 100 1 3 9 12 1 10 12 1 1 1 1 1 1 1 1 10 12 1 9 12 9 12 9 12 10 100 1 12 1 1 9 100 1 12 1 9 12 5 0 5 0 1 1 1 1 1 10 12 1 9 7 1 12 1 1 7 1 10 7 1 12 1 1 10 12 10 12 1 1 1 1 1 1 1 1 1 1 1 1 9 12 1 1 10 12 1 1 9 12 1 10 12 1 1 10 7 1 12 1 10 7 1 12 1 9 100 1 12 1 3 10 12 1 1 7 1 9 12 1 9 12 10 12 1 10 12 1 1 9 12 1 10 12 1 1 10 12 1 1 10 12 1 1 10 12 1 10 12 1 1 10 12 1 10 12 1 1 10 12 1 10 12 1 9 9 12 1 1 10 12 1 1 10 12 1 1 10 12 1 1 10 12 1 1 9 12 1 10 12 1 1 10 100 1 12 1 1 100 1 9 12 1 1 9 10 12 1 10 12 1 10 12 1 5 0 9 9 12 1 1 1 1 1 1 1 1 1 1 1 1 1 1 1 1 1 1 100 1 100 9 100 1 12 1 1 10 100 1 12 1 1 10 12 1 10 12 1 1 1 10 12 1 10 1 1 1 1 1 1 1 5 0 10 12 1 1 1 1 1 100 1 100 1 1 1 9 100 1 12 1 1 10 12 1 100 1 10 12 1 1 1 1 1 1 1 1 1 1 100 1 10 10 100 1 9 12 1 10 12 10 12 1 1 10 12 1 10 12 1 1 10 12 1 10 10 12 1 10 12 1 10 12 1 1 1 1 1 1 1 1 1 1 1 100 1 10 12 10 1 10 12 1 1 1 10 12 1 10 12 10 12 1 8 1 8 1 10 12 1 1 10 12 1 100 1 10 12 1 1 10 12 1 10 1 1 1 10 100 1 12 1 1 1 1 10 12 9 12 1 1 7 1 10 12 1 1 1 1 1 1 1 1 1 100 100 1 100 1 1 10 1 1 3 10 12 9 1 1 10 1 100 1 3 1 1 1 1 1 1 1 10 12 1 10 12 10 1 1 1 1 1 1 1 1 10 12 1 1 1 10 12 10 12 1 1 1 1 1 1 1 1 10 12 1 1 100 1 10 10 12 11 100 1 12 1 1 11 12 1 1 1 1 1 1 1 10 12 1 1 100 1 1 1 10 12 1 1 1 1 9 12 1 1 1 1 1 10 7 1 12 1 1 9 5 0 5 0 10 12 1 1 5 0 10 12 1 3 1 1 1 1 1 1 1 10 100 1 12 1 1 9 12 1 1 10 100 1 12 1 10 12 1 10 12 1 1 1 10 12 10 10 12 1 1 10 12 1 1 10 12 10 12 1 1 1 1 1 100 1 10 10 10 12 1 10 1 100 1 9 10 12 1 1 1 100 1 1 10 100 1 12 1 1 1 1 1 1 10 12 1 1 10 12 1 10 12 1 1 1 1 10 12 1 1 10 100 1 12 1 1 10 12 1 1 5 0 1 1 1 1 100 1 9 100 1 12 9 12 1 9 12 1 1 100 10 12 1 5 0 1 1 1 1 10 12 1 1 1 10 12 1 9 12 1 10 12 1 10 10 12 1 9 100 1 10 10 12 1 1 18 12 1 1 10 12 1 5 0 1 1 1 1 1 10 12 10 1 9 12 1 9 12 1 1 1 1 1 1 1 1 10 100 1 12 1 15 8 1 1 100 1 100 1 1 1 1
ciInstanceKlass org/eclipse/jdt/internal/compiler/ast/CaseStatement 1 1 669 7 1 7 1 1 1 1 1 1 1 1 1 1 1 1 1 1 10 12 1 9 12 9 12 9 12 1 9 12 1 1 1 1 1 1 1 9 7 1 12 1 7 1 10 7 1 12 1 1 10 12 1 1 11 7 1 12 1 1 18 12 1 1 11 12 1 1 7 11 12 1 1 1 1 1 1 1 1 1 1 7 1 9 12 1 1 7 1 9 12 1 100 1 9 12 1 1 10 7 1 12 1 1 1 1 1 1 1 1 1 9 12 9 7 1 12 1 10 7 1 12 1 1 10 100 1 12 1 1 9 12 1 10 12 1 1 1 1 1 1 1 1 7 1 10 12 1 1 9 12 1 1 10 12 1 1 10 7 1 12 1 1 7 1 9 12 1 100 1 9 12 1 1 9 7 1 12 1 10 12 1 1 10 12 1 1 10 12 1 9 12 1 100 1 3 10 12 1 1 10 12 1 1 7 1 9 100 1 12 1 1 5 0 10 12 1 9 12 1 10 12 1 1 10 100 1 12 1 1 10 100 1 12 1 10 12 1 1 9 10 12 1 9 12 1 10 12 1 10 12 1 9 7 1 12 1 1 10 12 1 1 10 12 1 10 12 1 1 1 1 1 1 1 1 1 9 12 1 100 1 9 12 1 9 12 1 1 11 100 1 12 1 1 9 12 1 10 12 1 10 12 1 1 10 12 1 10 12 1 1 9 100 1 12 1 1 10 12 1 9 12 1 10 12 1 1 10 12 1 1 10 12 1 1 9 12 1 10 12 1 9 12 1 10 12 1 1 1 1 1 9 12 9 12 9 12 1 1 9 12 1 10 12 1 9 12 1 10 12 7 1 9 12 1 10 12 1 9 12 1 9 12 1 10 12 1 7 1 7 1 10 12 1 1 9 7 1 12 1 1 10 12 1 1 10 12 1 1 10 12 1 1 9 10 12 10 12 7 1 10 12 1 10 12 1 1 10 12 1 10 12 1 1 10 12 1 1 10 12 10 12 1 1 1 1 1 100 1 1 1 9 12 1 10 12 1 1 7 1 9 12 1 9 100 1 12 1 10 12 1 1 100 1 10 12 1 1 10 12 1 1 1 1 1 1 1 1 1 100 1 1 1 9 3 9 7 1 12 1 9 12 10 7 1 12 1 10 12 1 1 10 12 1 9 12 1 10 12 1 1 10 12 1 10 12 1 1 10 12 1 10 11 12 18 12 1 1 11 12 1 1 9 12 1 10 12 1 1 9 12 1 18 10 12 1 1 1 1 1 1 1 1 9 12 1 10 10 12 1 1 1 1 1 10 12 1 8 1 10 100 1 12 1 1 8 1 10 12 1 10 12 1 8 1 8 1 1 1 1 1 1 100 1 1 1 10 7 1 12 1 1 10 12 10 12 1 1 1 1 1 1 1 1 1 10 12 1 1 1 10 12 1 1 1 1 10 7 1 12 1 1 15 1 16 10 12 15 16 1 16 10 12 15 16 16 10 12 15 16 1 100 1 100 1 1 1 1 1
ciInstanceKlass org/eclipse/jdt/internal/compiler/lookup/ArrayBinding 1 1 536 7 1 7 1 1 1 1 1 1 1 1 1 1 1 1 1 1 1 1 1 1 1 7 1 9 7 1 12 1 9 12 1 1 9 7 1 12 1 1 10 12 1 1 9 12 1 1 100 1 1 10 12 9 12 1 1 100 1 9 12 9 12 9 12 7 1 10 12 1 1 9 5 0 5 0 9 12 5 0 1 1 1 1 1 7 1 1 1 10 12 1 1 10 12 10 12 1 1 1 1 1 1 1 5 0 10 12 1 1 1 1 1 1 5 0 9 12 1 1 10 12 1 1 100 1 3 10 12 10 12 10 12 1 1 1 1 1 1 1 1 1 1 10 12 1 1 1 1 1 1 10 12 1 1 1 1 1 10 12 10 12 1 1 9 12 1 1 10 12 1 1 1 1 1 1 1 10 12 10 7 1 12 1 1 1 1 1 1 100 1 9 12 10 12 1 1 1 10 12 1 10 12 1 100 1 10 12 1 8 1 10 12 1 1 10 12 10 12 1 18 12 1 1 1 10 10 12 1 10 12 1 1 10 12 1 1 1 100 1 9 12 1 100 1 10 100 1 12 1 1 1 1 1 1 10 12 1 1 1 10 12 1 10 100 1 12 1 1 1 1 10 12 9 12 10 12 1 1 10 12 1 10 7 1 12 1 1 10 12 1 10 12 1 10 12 1 100 1 10 12 1 100 1 9 12 1 1 10 12 10 12 1 100 1 9 12 1 10 12 1 9 12 1 1 1 1 1 1 1 1 1 100 1 1 10 12 10 1 1 1 10 12 1 1 1 10 12 1 10 12 1 5 0 9 100 1 12 1 1 9 12 1 10 12 1 1 10 12 10 12 1 1 1 1 1 1 100 1 10 12 1 10 12 10 1 1 5 0 9 12 100 1 10 100 1 12 1 1 5 0 1 1 1 1 1 10 1 10 12 1 1 10 12 1 1 9 5 0 1 1 1 1 10 8 1 100 1 1 10 12 1 1 10 12 1 10 12 1 1 1 1 1 5 0 10 12 1 1 1 10 12 1 1 9 12 100 1 10 12 1 9 100 1 12 1 9 12 1 9 12 1 9 12 1 1 9 12 1 9 12 9 12 1 9 12 1 9 9 12 1 9 12 1 5 0 9 12 1 9 12 1 10 12 1 10 12 1 1 1 1 1 1 1 10 12 10 12 1 1 1 10 100 1 12 1 15 8 1 1 100 1 100 1 1 1
staticfield org/eclipse/jdt/internal/compiler/lookup/ArrayBinding ArrayLength Lorg/eclipse/jdt/internal/compiler/lookup/FieldBinding; org/eclipse/jdt/internal/compiler/lookup/FieldBinding
ciInstanceKlass org/eclipse/jdt/internal/compiler/env/IUpdatableModule 1 0 30 100 1 100 1 1 1 1 1 1 1 1 1 1 1 1 1 100 1 1 100 1 1 100 1 1 100 1 1 1
instanceKlass org/eclipse/jdt/internal/compiler/lookup/BinaryModuleBinding$AutomaticModuleBinding
instanceKlass org/eclipse/jdt/internal/compiler/lookup/BinaryModuleBinding
instanceKlass org/eclipse/jdt/internal/compiler/lookup/ModuleBinding$UnNamedModule
instanceKlass org/eclipse/jdt/internal/compiler/lookup/SourceModuleBinding
ciInstanceKlass org/eclipse/jdt/internal/compiler/lookup/ModuleBinding 1 1 969 7 1 7 1 100 1 1 1 1 1 1 1 1 1 1 1 1 1 1 1 1 1 1 1 1 1 1 1 1 1 1 1 1 1 1 1 1 1 1 1 1 1 1 1 1 1 1 1 1 1 1 1 1 1 1 1 10 7 1 12 1 1 9 12 8 1 10 7 1 12 1 1 9 12 8 1 9 12 9 12 9 12 9 12 1 1 1 1 1 10 12 9 12 9 12 9 12 10 7 1 12 1 1 9 12 9 12 9 12 9 12 9 12 1 9 12 9 12 9 12 1 9 12 9 12 7 1 10 9 12 10 7 1 12 1 1 1 1 1 1 9 12 1 9 12 9 12 10 12 1 1 7 1 9 12 1 10 12 1 1 1 1 9 12 1 1 10 12 1 1 1 1 9 12 11 7 1 12 1 1 7 1 9 12 1 100 10 12 1 1 10 7 1 12 1 1 9 12 1 1 1 1 1 1 1 1 1 9 12 1 1 9 12 100 1 1 1 1 9 12 1 1 1 1 1 10 12 1 1 9 12 1 1 7 1 11 12 1 1 1 1 10 12 1 1 10 100 1 12 1 1 9 12 1 1 10 100 1 12 1 1 1 1 1 1 10 12 1 1 10 12 1 1 10 7 1 12 1 10 12 1 1 1 1 1 1 1 9 12 1 1 9 12 1 1 10 12 1 10 12 1 1 11 12 1 11 7 1 12 1 1 11 100 1 12 1 1 100 1 9 12 1 10 7 1 11 12 1 9 12 1 1 1 100 1 1 10 12 1 10 12 1 1 1 1 1 10 12 1 10 12 1 1 1 1 10 12 10 12 1 1 10 12 1 1 10 12 1 1 9 12 1 1 9 12 1 1 1 1 9 100 1 12 1 1 9 12 1 10 12 1 1 10 12 1 7 1 10 10 11 12 1 1 1 1 100 1 1 1 1 10 12 10 12 11 7 1 12 1 1 1 7 1 1 1 10 12 18 12 1 1 11 12 1 1 1 1 1 18 1 1 1 18 12 1 1 18 1 10 12 11 7 1 12 11 12 1 1 9 10 12 1 1 9 7 1 12 1 10 12 1 1 9 12 1 11 12 11 12 1 11 12 1 1 1 1 1 1 1 1 10 12 1 1 10 12 1 1 9 12 1 10 12 10 12 1 1 10 12 1 10 12 1 1 10 12 1 1 1 1 1 1 1 100 1 10 12 1 1 1 10 9 12 1 9 12 10 12 1 1 9 12 1 11 12 1 10 12 1 1 10 12 7 1 10 10 12 11 7 1 11 12 1 10 7 1 12 1 1 11 100 1 12 1 10 12 1 1 100 1 10 10 10 12 1 9 10 1 1 1 1 1 1 1 1 1 1 1 1 1 9 12 1 10 12 1 1 10 12 1 1 11 12 1 1 18 12 1 1 11 12 1 1 10 7 1 12 1 1 11 12 1 1 1 1 10 12 1 10 12 18 12 1 1 11 12 1 1 18 12 1 18 10 12 10 12 1 1 1 10 12 1 1 10 12 1 1 10 12 1 1 1 1 1 100 1 10 10 12 1 8 1 10 12 1 1 10 10 12 18 12 1 1 8 1 8 1 8 1 10 12 1 8 1 8 1 8 1 8 1 8 1 8 1 8 1 8 1 10 100 1 12 1 8 1 8 1 8 1 8 1 11 12 1 8 1 8 1 10 12 1 1 1 1 1 1 1 1 1 9 12 100 1 1 9 12 100 1 5 0 1 1 9 12 7 1 10 10 12 11 7 1 1 1 1 10 12 1 1 1 9 12 1 1 9 100 1 12 1 100 1 10 1 1 1 1 10 12 10 100 1 1 1 1 1 1 10 12 9 12 1 1 10 12 1 1 1 1 100 1 1 10 12 1 1 1 1 10 12 1 10 10 10 12 1 10 12 1 1 1 1 11 10 12 1 1 1 18 12 18 12 1 18 11 12 1 1 18 1 1 1 1 1 1 1 10 1 1 1 1 1 1 1 10 7 1 12 1 1 15 1 16 10 12 15 1 16 16 10 12 15 16 16 10 12 15 16 16 10 12 15 16 16 10 12 15 16 16 10 12 15 16 16 10 12 15 16 16 10 7 1 12 1 15 16 10 100 1 12 1 15 8 1 16 15 1 16 1 16 10 12 15 16 16 10 7 1 12 1 1 15 1 16 16 10 12 15 16 1 100 1 100 1 1 1 100 1 1
staticfield org/eclipse/jdt/internal/compiler/lookup/ModuleBinding UNNAMED [C 0
staticfield org/eclipse/jdt/internal/compiler/lookup/ModuleBinding ALL_UNNAMED [C 11
staticfield org/eclipse/jdt/internal/compiler/lookup/ModuleBinding ANY [C 0
staticfield org/eclipse/jdt/internal/compiler/lookup/ModuleBinding ANY_NAMED [C 0
staticfield org/eclipse/jdt/internal/compiler/lookup/ModuleBinding UNOBSERVABLE [C 0
staticfield org/eclipse/jdt/internal/compiler/lookup/ModuleBinding $assertionsDisabled Z 1
instanceKlass org/eclipse/jdt/internal/compiler/lookup/UnresolvedAnnotationBinding
ciInstanceKlass org/eclipse/jdt/internal/compiler/lookup/AnnotationBinding 1 1 377 7 1 7 1 1 1 1 1 1 1 1 100 1 5 0 10 12 1 1 9 7 1 12 1 1 100 1 5 0 5 0 5 0 5 0 5 0 5 0 5 0 5 0 5 0 10 100 1 12 1 1 10 12 1 1 10 12 1 9 100 1 12 1 1 10 100 1 12 1 1 10 12 1 1 9 12 1 9 12 1 9 12 1 9 12 1 9 12 1 10 12 1 9 12 1 1 1 1 1 1 1 1 1 1 1 1 1 1 1 1 1 1 1 100 10 12 1 1 10 12 1 1 100 1 9 12 1 9 100 1 12 1 10 12 1 1 1 1 1 9 12 1 10 12 1 1 9 12 1 1 10 12 1 1 5 0 9 12 1 5 0 9 12 1 9 12 1 7 1 9 12 1 10 12 1 1 1 1 1 1 9 12 1 5 0 10 12 1 5 0 5 0 5 0 5 0 5 0 5 0 5 0 5 0 5 0 5 0 5 0 5 0 9 12 1 10 12 9 12 1 9 12 1 9 12 1 9 12 1 9 12 1 9 12 1 9 12 1 9 12 1 9 12 1 9 12 1 9 12 1 1 1 1 1 100 10 12 1 9 12 9 12 1 1 9 100 1 12 1 1 10 12 1 1 1 1 1 1 10 12 1 1 1 1 1 1 1 1 10 12 1 1 10 12 1 1 10 12 1 1 1 1 1 1 1 1 1 100 1 10 12 1 10 12 1 1 9 12 1 10 12 1 10 100 1 12 1 1 9 12 10 12 1 8 1 10 12 1 10 12 1 1 1 1 1 10 12 10 12 10 100 1 12 1 1 1 9 12 1 1 10 12 1 10 12 1 1 1 1 1 1 1 1 100 1 1
ciInstanceKlass org/eclipse/jdt/internal/compiler/lookup/RecordComponentBinding 0 0 176 100 1 100 1 1 1 1 1 1 1 1 9 100 1 12 1 1 10 12 1 9 12 9 12 1 1 1 1 1 1 1 1 1 1 1 1 1 1 1 100 1 3 1 1 100 1 10 12 1 10 100 1 12 10 12 1 1 10 12 1 9 10 12 1 10 12 1 1 1 1 1 1 1 1 1 9 12 100 1 3 9 12 10 100 1 12 1 1 1 1 10 12 1 1 9 12 1 1 10 12 1 1 1 1 1 1 9 12 1 1 100 1 5 0 100 1 9 12 1 1 5 0 9 100 1 12 1 1 10 100 1 12 1 1 9 12 1 1 9 12 1 1 10 100 1 12 1 1 1 1 1 1 100 1 3 1 1 1 10 12 1 1 1 1 1 9 12 1 1 1 1 1 100 1 1
instanceKlass org/eclipse/jdt/internal/compiler/ast/AnnotationMethodDeclaration
ciInstanceKlass org/eclipse/jdt/internal/compiler/ast/MethodDeclaration 1 1 651 7 1 7 1 1 1 1 1 1 1 1 10 12 9 12 1 1 100 1 1 1 1 1 1 1 1 1 9 12 1 1 9 12 1 1 10 7 1 12 1 1 10 12 1 10 12 1 9 12 1 3 10 12 1 10 7 1 12 1 1 9 100 1 12 9 100 1 12 1 9 12 1 1 10 7 1 12 1 1 10 7 1 12 1 1 9 12 1 1 10 7 1 12 1 9 12 1 1 9 7 1 12 1 9 12 1 10 12 1 9 12 10 9 100 1 12 1 9 7 1 100 1 3 10 12 1 1 7 1 9 12 1 1 9 7 1 12 1 1 10 12 1 10 12 1 1 9 12 1 1 10 12 1 1 18 12 1 1 10 12 1 9 12 1 11 100 1 12 1 9 12 1 1 10 100 1 12 1 1 7 1 10 12 1 10 12 1 1 9 7 1 12 1 10 12 1 10 12 1 1 10 100 1 9 12 1 10 7 1 12 1 1 9 12 1 1 100 1 5 0 7 1 10 12 1 9 12 1 1 10 12 1 1 9 12 1 1 9 12 1 10 12 1 1 7 1 10 12 1 1 10 12 1 10 12 1 1 9 12 1 10 12 1 1 9 12 1 1 10 9 12 10 12 1 1 10 12 1 10 12 1 1 10 10 12 1 10 12 1 10 12 1 10 12 1 10 10 12 1 1 10 12 1 10 12 1 1 100 1 1 1 1 1 1 1 1 1 1 1 1 1 1 1 1 1 1 1 1 1 1 1 1 1 1 1 1 1 100 1 100 100 1 100 1 1 7 1 9 12 10 12 1 9 12 1 1 10 7 1 12 1 1 1 1 1 1 1 1 1 100 1 100 1 1 10 7 1 12 1 1 10 12 1 1 9 3 1 10 12 1 1 1 1 10 12 1 9 12 1 1 10 7 1 12 1 9 12 1 1 9 100 1 12 1 10 7 1 12 1 1 1 1 1 1 1 100 1 1 10 7 1 12 1 1 1 1 1 1 1 1 10 12 1 10 100 1 12 1 1 1 1 1 1 9 3 9 12 1 10 12 9 12 10 12 1 1 10 12 1 1 10 12 1 1 10 12 1 10 12 1 10 12 1 9 12 1 10 12 1 10 12 1 1 9 7 1 12 1 10 12 1 9 10 12 1 9 12 1 100 1 5 0 9 5 0 5 0 3 3 5 0 3 3 10 12 1 1 10 12 1 10 12 1 9 12 1 10 12 1 10 12 1 1 9 10 12 1 1 3 10 12 1 10 12 1 7 1 9 12 1 5 0 3 5 0 3 10 12 3 10 12 1 100 1 10 12 1 1 1 1 1 1 1 1 10 100 1 12 1 1 9 12 1 1 10 100 1 10 10 10 100 1 10 10 12 1 1 1 1 1 1 1 1 1 1 1 1 10 12 1 10 12 1 1 1 1 1 1 10 7 1 12 1 1 15 16 10 12 15 16 1 100 1 100 1 1 1 100 1 1
ciInstanceKlass org/eclipse/jdt/internal/compiler/ast/TypeParameter 1 1 389 7 1 7 1 1 1 1 1 1 1 1 10 12 1 1 1 1 1 1 1 1 9 12 1 1 10 7 1 12 9 12 1 1 1 1 7 1 100 1 1 1 1 100 1 10 12 1 9 12 1 1 10 100 1 12 1 1 9 12 1 1 100 1 9 12 1 1 10 100 1 12 1 1 9 12 1 100 1 3 9 12 1 10 1 1 1 1 1 1 1 1 1 1 1 1 1 9 12 9 12 1 9 12 1 1 7 1 10 12 1 1 10 12 1 10 12 1 10 12 1 1 10 7 1 12 1 1 10 12 1 1 10 7 1 12 1 10 12 1 9 7 1 12 1 10 7 1 12 1 1 10 12 1 1 9 7 1 12 1 1 100 1 5 0 10 12 1 1 10 12 1 10 12 1 1 1 1 1 1 1 1 10 7 1 12 1 1 9 7 1 12 1 10 12 1 1 10 7 1 12 1 1 10 7 1 12 1 10 12 1 1 10 12 1 1 10 12 1 1 10 12 1 9 12 1 1 9 12 1 10 7 1 12 1 1 10 12 1 1 9 100 1 12 1 1 9 100 1 12 1 10 10 12 1 10 12 1 1 10 12 1 9 12 1 100 1 5 0 10 12 1 1 10 12 1 1 9 12 1 1 100 1 9 12 1 10 100 1 12 1 1 10 12 1 1 5 0 1 1 1 1 1 1 1 100 1 1 10 12 1 1 10 100 1 12 1 1 10 12 1 8 1 10 12 1 10 12 1 8 1 1 1 1 1 1 1 1 1 10 100 1 12 1 1 10 12 1 1 1 1 1 10 12 1 10 12 10 10 12 1 1 10 12 1 7 1 9 12 1 10 12 1 9 12 1 1 9 12 1 1 1 1 1 100 1 1 1 1
instanceKlass org/eclipse/jdt/internal/compiler/ast/ImplicitTypeDeclaration
ciInstanceKlass org/eclipse/jdt/internal/compiler/ast/TypeDeclaration 1 1 1763 7 1 7 1 100 1 100 1 1 1 1 3 1 3 1 3 1 3 1 3 1 1 1 1 1 1 1 1 1 1 1 1 1 1 1 1 1 1 1 1 1 1 1 1 1 1 1 1 1 1 1 1 1 1 1 1 1 1 1 1 1 1 1 1 1 1 1 1 1 1 1 1 1 1 1 1 1 1 1 9 12 7 1 10 12 1 1 9 12 8 1 11 7 1 12 1 1 8 1 8 1 8 1 8 1 8 1 8 1 8 1 1 1 1 10 12 100 1 9 12 9 12 9 12 9 12 9 12 1 1 1 100 1 10 12 1 100 1 10 100 1 10 7 1 10 1 1 1 1 1 10 12 1 1 9 12 7 1 10 7 1 12 1 1 7 1 10 12 9 12 1 9 9 12 9 12 1 9 9 12 9 12 1 1 1 1 100 1 1 9 7 1 12 1 1 7 1 10 9 12 1 9 9 9 10 12 1 1 9 8 1 7 1 9 12 1 1 18 12 1 1 10 7 1 12 1 1 10 12 1 9 12 9 12 1 1 9 7 1 12 1 9 12 1 1 9 12 10 12 1 9 12 1 7 1 9 12 10 12 1 9 12 10 12 1 1 1 1 1 1 1 1 1 1 100 100 100 7 1 1 1 9 7 1 12 1 9 12 1 100 1 3 7 1 10 7 1 12 1 1 10 7 1 12 1 1 10 12 1 1 10 12 1 1 10 12 1 10 12 1 1 1 1 1 1 1 1 1 1 1 1 1 9 12 10 12 1 1 1 1 10 7 1 10 12 1 1 1 1 1 1 10 12 1 9 9 12 10 7 1 12 1 1 7 1 9 12 1 1 10 7 1 12 1 10 100 1 12 1 1 10 12 1 1 10 12 1 1 10 7 1 12 1 1 10 12 1 1 1 1 1 1 1 1 1 1 1 1 10 9 9 100 1 9 9 12 10 12 1 1 9 9 3 9 12 9 9 9 9 9 10 7 1 12 1 1 9 9 100 1 10 9 12 10 100 1 12 1 1 18 12 1 1 11 100 1 12 1 1 18 12 1 1 11 12 1 1 10 100 1 12 1 1 11 12 1 1 100 1 9 100 1 10 12 11 12 1 100 1 10 12 1 10 100 1 12 1 1 9 12 1 1 100 1 100 1 10 10 12 1 11 11 12 1 1 100 1 9 12 1 1 1 1 1 1 1 1 1 1 1 1 1 1 1 1 9 12 1 9 9 9 12 1 1 1 1 1 100 1 10 12 1 10 12 1 1 8 1 10 12 1 18 100 1 9 12 1 18 10 12 1 1 10 100 1 12 1 1 10 12 1 9 9 12 1 100 1 5 0 9 3 9 12 1 1 9 10 10 12 1 1 10 7 1 12 1 10 7 1 12 1 1 10 12 1 1 1 1 1 1 1 1 1 1 100 100 100 1 1 9 7 1 12 1 1 1 1 7 1 100 1 9 12 10 12 1 1 1 1 1 1 7 1 100 1 9 1 1 1 9 12 1 1 1 100 1 1 1 10 12 1 1 1 1 1 100 1 1 9 12 1 1 1 1 100 1 9 12 1 9 9 1 1 1 1 1 10 12 1 9 7 1 10 7 1 12 1 1 10 12 1 1 10 12 1 1 10 12 1 10 12 1 1 10 12 1 10 12 1 1 10 12 1 1 10 12 1 1 10 12 1 1 9 100 1 5 0 10 100 1 12 1 1 10 12 1 10 12 1 10 12 1 10 10 12 1 1 10 12 1 10 12 1 10 7 1 12 1 1 1 1 1 1 1 1 1 1 100 1 9 7 1 12 1 7 1 10 12 1 1 9 7 1 12 1 10 10 12 1 1 10 12 1 1 9 12 10 12 10 12 1 1 1 1 1 1 1 1 1 1 1 100 10 10 1 1 9 7 1 12 1 10 12 1 1 10 12 1 10 12 1 9 12 1 10 12 1 9 12 9 7 1 12 9 3 10 12 1 1 10 12 1 1 9 7 1 12 1 10 12 1 1 7 1 9 12 10 12 1 9 12 10 12 1 1 10 12 1 9 3 9 12 1 9 12 1 10 12 1 9 12 1 1 10 10 12 1 1 10 7 1 12 1 1 9 5 0 10 12 1 1 10 12 1 10 10 12 10 12 9 12 1 5 0 10 12 1 10 12 1 10 12 1 10 12 1 1 10 12 1 1 9 10 12 1 10 10 12 1 10 12 1 10 7 1 12 1 1 10 9 12 1 10 12 1 10 12 1 10 12 1 10 12 1 1 9 12 1 1 1 1 1 1 1 1 1 1 1 1 1 1 1 100 1 100 10 9 12 9 7 1 12 1 9 12 1 100 1 10 12 1 1 1 1 1 100 10 12 1 1 9 100 1 9 12 1 9 12 1 100 1 9 12 1 10 12 1 1 10 12 1 1 1 1 1 1 1 100 1 100 1 10 12 1 9 12 1 1 100 1 10 12 1 1 9 12 1 3 1 3 1 10 12 1 1 9 12 9 12 1 1 9 12 1 10 12 1 10 12 1 1 10 7 1 12 1 1 10 12 1 1 9 7 1 12 1 1 10 10 12 1 1 9 12 1 9 12 9 10 9 12 1 10 12 1 1 10 10 10 10 12 1 1 10 10 12 1 5 0 10 12 1 10 12 1 1 10 12 1 1 1 1 1 1 1 1 1 1 1 10 9 1 1 9 12 1 10 12 3 10 12 1 9 10 12 1 7 1 10 12 1 1 1 1 1 1 1 9 12 10 7 1 12 10 12 1 10 12 1 10 12 1 1 1 1 8 1 10 100 1 12 1 1 10 12 1 10 10 10 10 12 1 9 10 12 1 1 8 1 8 1 8 1 8 1 8 1 10 12 1 9 12 8 1 9 10 7 1 12 1 1 9 8 1 10 8 1 9 12 8 1 10 9 12 8 1 9 12 8 1 1 1 1 1 1 9 12 1 9 12 1 5 0 10 12 1 1 10 12 1 10 12 1 1 5 0 9 10 12 1 5 0 10 12 1 10 12 1 10 12 1 1 10 12 1 10 9 9 10 12 1 3 10 12 1 10 12 1 10 12 1 1 9 12 1 9 12 1 10 12 1 1 10 12 1 9 9 12 1 10 12 1 1 10 9 12 1 9 12 1 1 9 12 1 9 12 1 10 12 1 10 12 1 9 10 10 12 10 9 12 1 7 1 10 9 9 12 1 9 9 12 1 1 9 12 9 9 12 1 9 10 12 1 9 12 1 9 10 12 10 12 1 10 12 1 10 12 1 10 12 1 10 10 12 1 1 10 12 1 1 3 10 12 1 10 9 12 1 10 100 1 3 10 12 1 9 12 10 12 1 1 10 12 1 1 10 12 1 10 12 1 10 12 1 10 12 1 1 1 1 1 1 1 1 1 1 1 1 1 1 1 1 1 1 1 1 1 1 100 1 10 12 1 10 10 12 1 1 10 9 12 1 1 10 12 1 10 12 1 10 12 1 1 9 10 12 1 10 12 1 10 12 1 10 12 1 10 10 12 1 10 12 1 10 12 1 10 10 12 1 10 12 1 1 1 1 1 1 1 1 10 100 1 12 1 1 10 12 1 10 12 1 10 10 10 10 10 12 1 10 10 12 1 1 1 1 1 10 12 1 10 12 1 10 12 1 10 12 1 10 12 1 10 12 1 1 1 10 12 1 10 12 10 7 1 12 10 12 1 1 1 1 1 1 10 12 1 7 1 10 10 12 1 10 12 1 9 12 10 12 10 12 1 1 1 1 1 1 1 1 1 1 7 1 1 7 1 10 12 1 9 12 1 9 12 10 12 1 1 10 12 1 1 9 10 12 1 10 11 12 1 10 12 1 10 12 1 1 11 12 1 1 10 12 1 10 9 5 0 11 12 1 1 1 1 1 1 1 1 1 1 1 9 12 1 1 1 1 1 1 1 10 7 1 12 1 15 8 1 10 100 1 12 1 1 15 16 10 12 15 16 16 10 12 15 16 1 100 1 100 1 1
ciInstanceKlass org/eclipse/jdt/internal/compiler/ast/CompilationUnitDeclaration 1 1 901 7 1 7 1 100 1 100 1 1 1 1 1 1 3 1 1 1 1 1 1 1 1 1 1 1 1 1 1 1 1 1 1 1 1 1 1 1 1 1 1 1 1 1 1 1 1 1 1 1 1 1 1 1 1 1 1 1 1 1 1 1 1 7 1 10 12 1 9 12 1 1 1 10 9 12 9 12 10 7 1 12 1 1 9 12 9 12 9 12 9 12 1 9 12 1 1 1 1 1 1 100 1 10 12 1 100 1 10 100 1 10 1 1 1 1 1 9 12 9 12 10 7 1 12 1 9 12 10 100 1 10 12 1 1 1 1 1 100 1 10 12 1 11 7 1 12 1 1 11 7 1 12 1 1 11 7 1 12 1 1 7 1 10 12 9 12 1 1 11 12 1 1 9 12 9 12 10 7 1 9 7 1 12 1 1 10 12 1 1 9 7 1 12 1 1 9 12 1 9 12 1 1 9 12 1 9 12 1 1 9 12 10 7 1 12 1 10 12 1 1 1 1 1 1 1 1 1 100 9 12 1 9 12 1 10 7 1 12 1 9 12 1 10 1 1 1 9 12 1 9 7 1 12 1 9 7 1 12 1 10 12 1 10 7 1 12 1 1 1 1 1 100 1 1 10 12 1 9 7 1 12 1 1 9 12 1 9 12 1 9 12 9 1 1 1 10 12 1 1 1 100 1 10 12 1 9 12 1 9 12 1 1 9 12 7 1 10 12 1 1 10 7 1 12 1 1 10 12 1 1 10 12 1 9 7 1 12 1 10 12 1 10 12 1 9 12 9 12 10 12 1 1 10 12 1 1 10 12 1 10 12 1 1 3 10 12 1 10 12 1 10 7 1 12 1 1 9 100 1 9 12 1 10 7 1 12 1 1 9 12 1 1 100 1 9 12 1 1 9 100 1 12 1 1 9 100 1 12 1 10 12 1 100 1 10 12 1 1 10 12 1 1 10 12 1 1 9 9 10 12 1 1 10 12 1 1 10 12 1 1 10 12 1 1 1 1 1 1 1 1 1 1 1 1 1 1 1 1 1 1 1 1 1 1 1 1 1 1 1 1 1 1 1 1 1 1 1 1 1 1 1 1 1 1 1 100 100 100 100 1 9 10 12 10 12 1 1 1 1 1 10 12 1 9 12 1 1 10 12 1 1 10 12 1 1 11 7 1 12 1 100 1 9 12 9 12 1 10 1 9 12 1 1 10 12 1 1 1 1 9 12 1 1 1 10 12 1 8 1 10 100 1 12 1 1 10 12 1 8 1 8 1 10 12 1 8 1 10 12 10 8 1 10 1 1 1 1 100 9 12 9 12 1 10 7 1 12 1 1 9 3 10 12 1 1 1 9 12 9 100 1 10 100 1 12 1 10 12 1 9 12 10 9 12 10 7 1 12 1 1 1 1 1 1 1 1 7 1 10 12 1 1 7 1 9 12 1 9 9 9 7 1 12 1 1 10 12 1 1 10 12 1 1 1 1 1 10 12 1 1 1 1 1 1 9 12 1 7 1 10 9 10 7 1 12 1 1 11 12 1 1 1 1 7 1 10 12 1 7 1 10 12 1 1 10 12 1 10 12 1 1 1 1 9 12 1 1 10 7 1 12 1 1 9 12 10 12 1 1 1 10 12 10 12 100 1 9 12 1 10 12 1 10 12 9 12 1 10 12 1 9 12 1 10 12 1 9 12 1 100 1 3 10 12 1 9 9 12 1 10 12 1 1 10 9 12 1 10 12 1 1 10 12 10 12 10 12 1 1 1 1 9 12 9 100 1 12 9 12 10 12 1 10 100 1 12 1 1 10 12 1 1 100 1 9 12 1 10 12 1 9 12 1 9 12 1 1 1 1 1 1 1 1 1 1 1 1 1 1 10 12 1 1 1 1 10 100 1 12 1 1 10 12 1 10 10 12 10 10 10 12 1 1 1 1 1 1 1 100 1 100 1 1 11 12 9 100 1 9 12 11 12 1 10 12 1 1 9 12 1 1 1 100 1 100 1 1 1 1 1 100 1 1 100 1 1 1 1 1 1
staticfield org/eclipse/jdt/internal/compiler/ast/CompilationUnitDeclaration STRING_LITERAL_COMPARATOR Ljava/util/Comparator; org/eclipse/jdt/internal/compiler/ast/CompilationUnitDeclaration$1
ciInstanceKlass org/eclipse/jdt/internal/compiler/util/HashtableOfObject 1 1 144 7 1 7 1 1 1 1 3 1 1 1 1 1 1 100 1 1 1 1 10 12 1 1 1 1 1 10 12 100 1 18 12 1 1 10 12 1 9 12 4 10 12 1 1 7 1 9 12 9 12 1 1 1 1 10 7 1 12 1 1 9 12 1 1 10 7 1 12 1 1 10 12 1 1 1 1 1 1 1 1 1 1 10 12 1 1 1 1 1 10 12 1 1 1 18 3 100 1 18 10 1 1 1 1 1 8 1 100 1 10 12 1 10 12 18 12 1 1 1 1 1 1 1 10 100 1 12 1 15 8 1 8 1 8 1 8 1 1 100 1 100 1 1
ciInstanceKlass org/eclipse/jdt/internal/core/util/SimpleWordSet 1 1 61 7 1 7 1 1 1 1 1 1 1 1 1 10 12 1 9 12 9 12 4 7 1 9 12 1 1 1 1 1 1 1 1 1 10 7 1 12 1 1 10 12 1 1 10 12 1 1 1 1 1 1 1 10 12 10 12 1 1 1 1
instanceKlass org/eclipse/jdt/internal/compiler/lookup/LocalTypeBinding
instanceKlass org/eclipse/jdt/internal/compiler/lookup/MemberTypeBinding
ciInstanceKlass org/eclipse/jdt/internal/compiler/lookup/NestedTypeBinding 1 1 183 7 1 7 1 1 1 1 1 1 1 1 1 1 1 1 1 9 12 1 1 10 12 1 9 7 1 12 1 9 12 9 12 9 12 1 1 5 0 9 12 1 1 1 1 1 1 1 1 1 10 12 1 9 12 9 12 1 1 1 10 12 1 1 100 1 10 12 1 7 1 10 12 1 9 12 1 1 9 12 1 9 100 1 10 100 1 12 1 1 9 12 10 7 1 12 1 1 9 7 1 12 1 1 10 12 1 1 1 1 1 1 1 1 1 10 12 1 10 12 1 10 12 1 10 7 1 12 1 1 1 1 1 7 1 100 1 10 12 9 12 1 1 10 12 1 1 10 12 1 1 10 12 10 12 1 1 1 1 9 12 1 1 9 1 1 1 1 10 12 1 1 1 1 1 1 1 1 9 1 1 1 1
ciInstanceKlass org/eclipse/jdt/internal/compiler/lookup/MemberTypeBinding 1 1 160 7 1 7 1 1 1 1 10 12 9 12 1 1 100 1 5 0 1 1 1 1 1 1 1 1 1 1 1 10 12 1 1 1 1 10 12 1 1 100 1 10 12 10 12 1 10 12 1 9 12 10 12 9 12 10 12 1 1 1 1 1 9 12 1 10 100 1 12 10 12 1 10 7 1 9 12 1 10 7 1 12 1 1 1 1 10 12 1 1 1 1 10 12 5 0 10 5 0 10 12 1 9 10 10 12 1 9 12 1 1 100 1 3 5 0 1 1 1 1 10 12 1 10 12 1 100 1 10 12 10 12 1 10 12 18 12 1 1 1 1 10 12 1 1 1 10 100 1 12 1 15 8 1 1 100 1 100 1 1
instanceKlass org/eclipse/jdt/internal/compiler/lookup/RawTypeBinding
ciInstanceKlass org/eclipse/jdt/internal/compiler/lookup/ParameterizedTypeBinding 1 1 1278 7 1 7 1 100 1 1 1 1 1 1 1 1 1 1 1 1 1 1 1 1 1 1 1 1 1 1 1 10 12 1 9 12 9 12 10 12 1 1 7 1 100 1 10 10 12 1 1 7 1 10 12 1 1 10 7 1 12 1 9 12 1 1 100 1 5 0 10 5 0 9 12 1 1 9 1 1 1 1 1 1 1 100 7 1 1 1 9 12 1 1 10 12 1 9 12 1 100 1 9 12 10 12 100 1 100 1 10 12 1 9 7 1 12 1 1 1 1 1 100 100 1 1 1 5 0 10 12 1 1 9 12 10 7 1 12 1 9 7 1 12 1 1 10 12 1 9 5 0 10 7 1 12 1 1 10 7 1 12 1 1 1 1 1 1 1 1 1 1 100 100 1 5 0 10 12 1 1 10 12 1 1 10 12 1 10 12 1 1 9 7 1 12 1 1 9 12 1 1 9 7 1 12 1 100 1 5 0 10 12 1 1 7 1 9 12 1 100 1 9 12 1 9 12 1 100 1 10 7 1 12 1 1 18 12 1 1 10 12 1 1 7 1 10 12 1 10 12 1 10 12 9 12 1 1 10 12 1 1 10 12 1 10 12 1 1 1 1 1 1 1 1 1 1 1 1 1 1 100 1 1 1 5 0 10 12 10 12 1 10 1 1 1 1 1 10 12 10 12 1 10 1 1 1 1 100 1 1 1 5 0 10 12 1 1 10 12 1 9 100 1 12 1 9 12 1 1 3 10 10 10 12 10 9 12 1 9 12 1 10 12 1 10 9 12 1 7 1 1 1 1 1 1 1 1 1 1 1 1 1 3 9 1 1 7 1 10 12 1 10 12 1 10 12 10 10 12 10 12 1 1 10 12 1 10 12 1 1 10 12 1 10 12 1 100 1 10 10 9 12 1 10 12 1 10 9 12 1 10 12 1 1 8 1 10 12 1 1 10 12 1 10 12 10 12 1 1 1 1 1 1 1 1 1 1 1 1 1 1 1 10 12 1 10 12 1 1 1 7 1 10 12 1 1 1 1 1 10 12 1 10 12 1 10 12 1 10 10 12 10 12 1 10 12 1 1 10 10 12 1 10 10 12 10 12 1 1 1 1 10 12 1 1 10 12 1 1 10 12 1 10 12 1 10 12 1 1 10 10 12 1 1 10 12 1 10 12 10 12 10 12 1 1 1 1 1 1 1 1 1 1 10 12 1 5 0 9 12 10 12 7 1 7 1 10 12 1 9 12 1 1 1 100 9 12 9 12 1 100 1 3 10 12 1 10 12 1 10 12 9 10 100 1 1 10 12 1 1 10 12 1 10 12 1 1 5 0 9 12 1 9 12 10 12 1 1 9 7 1 12 1 10 12 1 1 1 1 1 1 1 1 1 1 1 1 1 100 1 1 9 12 1 10 12 1 10 12 1 10 12 1 9 12 10 12 1 1 10 12 10 12 9 12 1 1 1 1 1 9 5 0 10 12 1 10 12 1 10 1 1 1 1 1 1 10 12 1 9 12 1 10 7 1 12 1 1 10 10 12 1 1 1 1 10 7 1 12 1 1 10 10 12 1 10 12 10 100 1 12 1 1 10 12 1 1 1 1 1 1 1 1 10 12 1 10 12 1 1 10 10 12 1 1 1 10 12 1 1 10 12 1 1 10 12 9 12 9 9 12 1 1 9 9 12 1 1 9 9 12 1 9 3 5 0 5 0 5 0 5 0 5 0 5 0 1 1 1 1 1 10 12 1 1 1 10 12 1 10 12 10 12 9 7 1 12 1 10 12 1 10 10 1 1 1 1 1 1 1 10 12 10 1 1 1 10 12 10 1 1 1 1 1 1 1 1 10 1 100 1 10 10 12 10 10 12 1 10 12 1 100 1 10 10 10 12 1 1 11 100 1 12 1 1 100 1 10 12 1 10 12 1 1 11 12 1 1 11 12 1 1 100 1 1 1 1 1 1 1 1 1 1 1 1 1 10 12 1 1 10 10 12 1 1 1 1 9 12 10 12 10 9 12 1 1 1 10 1 1 1 1 1 10 12 10 1 1 1 1 10 12 1 10 12 1 10 12 1 10 12 1 10 12 10 10 12 1 1 10 12 1 1 10 12 1 1 5 0 10 7 1 12 1 1 5 0 5 0 5 0 1 1 1 10 12 10 10 12 1 1 10 12 1 1 10 12 1 1 10 12 10 12 1 1 10 10 10 9 12 1 9 12 1 10 12 10 12 1 1 1 10 10 12 1 1 1 10 12 1 9 12 1 10 10 12 1 1 1 10 12 1 1 1 1 1 1 10 12 1 1 10 12 10 10 12 1 8 1 10 12 1 8 1 10 12 1 8 1 10 12 1 8 1 10 12 1 10 12 1 8 1 10 12 1 8 1 10 12 1 8 1 10 8 1 10 12 1 8 1 10 12 1 8 1 8 1 8 1 8 1 10 8 1 8 1 8 1 8 1 8 1 10 8 1 8 1 8 1 8 1 10 8 1 8 1 8 1 10 8 1 8 1 8 1 1 1 100 1 9 12 1 1 1 1 100 1 10 12 1 1 100 1 9 12 1 100 1 10 12 1 10 12 10 1 1 1 1 1 1 1 1 10 12 1 9 12 1 10 10 12 10 9 12 1 10 12 1 9 12 1 9 12 10 10 12 1 1 10 9 12 1 1 1 1 1 10 10 12 1 9 12 1 10 12 1 1 10 12 1 1 10 100 1 12 1 18 12 1 1 10 12 1 1 9 10 12 1 100 1 1 1 1 1 1 1 1 1 1 1 1 1 10 100 1 1 1 1 10 12 10 10 12 10 12 10 12 1 1 1 10 7 1 12 1 1 15 1 16 15 1 16 10 100 1 12 1 15 8 1 1 100 1 100 1 1 1 1 1
ciInstanceKlass org/eclipse/jdt/internal/compiler/lookup/ProblemReasons 1 0 73 100 1 100 1 1 1 1 3 1 3 1 3 1 3 1 3 1 3 1 3 1 3 1 3 1 3 1 3 1 3 1 3 1 3 1 3 1 3 1 3 1 3 1 3 1 3 1 3 1 3 1 3 1 3 1 3 1 3 1 3 1 3 1 3 1 3 1 3 1 3 1 1
ciInstanceKlass org/eclipse/jdt/internal/compiler/lookup/LookupEnvironment 1 1 1929 7 1 7 1 100 1 7 1 1 1 1 1 1 1 1 1 1 1 1 1 1 1 1 1 1 1 1 1 1 1 1 1 1 1 1 1 1 1 1 1 1 1 1 1 1 1 1 1 1 1 1 1 1 1 1 1 1 1 1 1 1 1 1 1 1 1 1 1 1 1 1 1 1 1 1 1 1 1 1 1 1 1 1 1 1 1 1 1 1 1 1 1 1 1 1 1 10 7 1 12 1 1 9 12 7 1 9 7 1 12 1 1 10 12 1 1 9 12 7 1 9 12 1 1 10 12 1 9 12 7 1 10 12 1 9 12 1 1 1 1 10 12 9 12 9 12 9 7 1 12 1 9 12 9 12 9 12 7 1 9 12 9 12 9 12 9 12 9 12 7 1 10 12 1 9 12 9 12 9 12 9 12 9 12 7 1 10 9 12 9 12 9 12 7 1 10 9 12 7 1 10 12 1 9 12 9 12 9 12 7 1 10 9 12 10 7 1 12 1 1 9 12 7 1 10 9 12 7 1 10 9 12 9 7 1 12 1 1 100 1 5 0 9 12 1 7 1 10 7 1 10 9 12 7 1 10 9 12 7 1 9 12 1 5 0 9 12 7 1 9 12 1 7 1 100 1 7 1 1 1 1 1 10 12 9 12 1 9 12 1 10 12 1 1 10 12 1 11 12 1 11 12 1 1 1 1 1 1 1 1 100 1 8 1 10 12 1 10 12 1 1 18 12 1 1 10 12 1 1 11 12 1 1 9 7 1 12 10 12 1 9 12 1 10 12 1 1 10 12 1 1 10 12 1 1 11 12 1 10 7 1 12 1 1 7 1 9 9 12 1 10 12 1 10 12 1 1 11 12 1 10 12 1 10 12 1 1 11 12 1 7 1 9 10 12 1 1 10 12 1 1 1 1 1 1 1 1 1 1 1 1 1 1 100 100 7 1 1 10 12 1 18 12 1 9 12 11 12 1 10 12 1 1 10 12 1 1 10 12 1 1 10 12 1 10 12 1 1 9 12 1 10 12 1 1 9 12 1 10 100 1 12 1 100 1 1 1 1 1 1 1 7 100 1 9 12 1 10 12 1 1 9 1 1 1 10 12 1 1 11 7 1 12 1 10 12 1 1 10 12 1 9 12 1 1 1 1 1 1 1 1 1 1 1 7 1 10 12 1 1 10 12 1 7 1 10 12 1 1 10 12 1 11 12 1 9 7 1 12 1 1 10 8 1 8 1 18 12 1 1 10 100 1 12 1 1 100 1 1 1 1 100 1 1 1 10 7 1 12 1 9 1 1 1 1 1 1 9 12 1 1 9 100 1 7 1 10 12 1 100 1 10 12 1 10 12 1 1 10 12 1 10 12 1 10 12 1 10 12 1 10 12 1 1 1 1 1 1 1 1 100 1 1 1 10 12 1 1 1 11 100 1 12 1 10 12 1 1 10 12 1 1 1 1 1 10 12 10 12 1 1 10 12 1 1 9 12 10 12 1 1 1 100 1 1 10 12 9 12 1 10 12 1 1 1 1 10 12 1 1 10 12 1 1 1 1 1 9 12 1 1 1 1 100 100 1 1 9 7 1 12 1 9 12 1 1 9 12 1 9 12 1 9 12 1 9 12 1 9 12 1 9 12 1 9 12 1 9 12 1 10 12 1 10 12 1 9 12 1 9 12 1 9 12 1 9 12 1 9 12 1 9 12 1 9 12 1 10 12 1 10 12 1 1 7 1 10 12 1 1 1 9 12 9 12 1 1 10 12 1 1 10 12 1 9 12 1 11 12 1 1 10 12 1 11 100 1 12 1 1 11 12 1 10 12 1 1 10 12 1 1 9 12 1 100 1 5 0 10 12 1 1 10 10 12 1 10 12 1 1 10 12 1 10 12 1 1 10 12 1 1 10 12 1 1 9 12 1 11 100 1 12 1 1 11 100 1 12 1 10 12 1 1 11 12 1 1 1 1 1 1 1 1 1 1 1 1 1 10 12 1 10 12 1 10 12 1 10 12 10 12 1 1 10 12 1 1 10 12 1 1 1 1 1 1 1 100 1 1 1 10 12 1 10 12 1 100 1 100 1 10 12 1 10 12 1 10 10 12 1 1 10 12 1 10 7 1 10 12 10 12 1 1 1 1 1 1 1 1 1 1 1 10 1 1 1 1 100 1 10 12 1 1 10 7 1 12 1 1 10 12 10 12 1 1 1 1 1 1 7 1 10 12 1 10 12 1 1 1 10 12 1 1 1 1 10 12 1 100 1 10 10 100 1 12 1 1 10 12 1 1 1 9 10 12 1 9 10 12 1 10 12 1 10 12 1 1 10 12 1 1 10 12 1 1 1 1 1 1 1 7 1 10 12 1 9 9 12 1 10 12 10 12 1 10 10 1 1 1 1 10 12 1 1 10 12 1 1 10 12 1 10 10 10 12 1 10 12 1 10 12 1 1 10 12 1 1 7 1 11 12 1 1 1 1 1 10 12 7 1 9 7 1 12 1 9 12 1 9 100 1 10 12 1 10 12 1 1 1 1 1 1 1 1 1 1 1 1 100 1 1 10 12 1 1 1 10 12 1 1 9 12 9 12 1 9 12 9 12 1 10 12 1 10 12 1 9 12 1 10 12 1 1 1 1 1 1 1 100 1 1 9 12 1 100 1 9 12 1 10 12 1 100 1 9 12 1 1 9 100 1 12 1 10 12 1 10 12 1 1 10 12 1 1 9 10 100 1 12 1 1 10 12 1 1 1 1 1 1 1 1 1 1 1 1 10 12 1 1 1 9 9 12 10 12 1 10 12 1 1 1 1 9 12 7 1 10 12 1 1 1 1 1 1 1 10 12 1 1 9 12 1 9 12 1 10 12 1 10 12 1 1 10 12 100 1 10 10 12 1 10 1 1 1 1 10 12 1 1 1 10 12 1 1 9 12 10 12 1 1 5 0 5 0 1 1 1 1 1 1 1 1 1 10 12 1 1 10 12 10 12 1 1 10 12 1 1 10 12 1 1 10 12 1 1 1 1 1 1 1 10 12 1 1 1 1 1 1 1 1 1 1 1 1 11 7 1 10 12 1 9 12 1 9 12 1 1 1 1 100 1 1 10 9 12 1 10 12 1 1 9 12 1 9 12 1 9 12 1 10 10 12 1 1 1 1 10 10 12 1 1 1 9 12 10 12 9 12 1 10 12 1 1 1 1 1 9 12 9 12 1 10 12 1 1 1 1 1 1 1 9 12 1 1 9 12 1 1 9 12 1 1 9 12 10 12 1 1 9 12 10 12 1 1 1 10 10 12 1 1 10 7 1 12 1 1 11 9 12 1 1 9 12 1 9 12 1 10 12 1 1 1 1 1 100 1 1 9 12 1 9 10 12 100 1 5 0 10 12 1 1 1 1 1 1 9 12 9 12 9 12 1 10 12 9 12 1 1 10 100 1 12 1 10 12 1 11 9 12 1 100 1 9 12 1 10 12 1 1 11 12 1 1 1 9 12 1 10 12 10 12 10 12 10 12 1 1 5 0 9 12 1 1 1 1 100 1 1 10 12 9 12 1 10 12 1 9 12 1 10 12 10 12 10 12 1 10 12 1 1 9 12 10 12 1 1 1 1 11 12 1 1 10 12 10 12 10 12 1 1 1 1 11 7 1 12 1 1 10 12 1 1 9 7 1 12 1 9 12 10 12 1 10 12 1 1 1 1 1 1 1 1 1 1 1 1 10 12 1 9 10 12 1 1 1 1 10 12 1 10 12 1 10 12 9 12 1 10 12 1 1 1 100 1 10 12 1 1 11 12 1 1 10 12 1 1 11 12 1 1 9 12 1 1 10 12 1 1 10 12 100 1 10 10 12 1 1 1 100 10 12 1 10 10 12 1 1 11 12 1 10 12 1 1 1 1 1 1 1 1 1 10 12 1 9 7 1 12 1 10 12 1 10 12 1 1 9 12 10 12 1 10 12 1 1 9 12 9 12 1 10 12 10 12 10 10 12 10 12 1 10 12 1 1 1 1 1 1 1 1 1 1 1 1 1 1 1 11 12 1 10 12 100 1 1 10 12 1 9 1 1 1 9 12 10 12 1 7 1 10 1 1 10 12 1 1 1 1 1 1 100 1 10 12 10 10 9 12 1 100 1 3 1 1 10 12 1 1 1 1 10 12 1 1 1 10 12 1 1 10 12 1 1 1 1 1 11 100 1 12 1 1 1 100 1 1 1 10 12 9 12 1 10 12 1 10 10 12 1 1 1 1 1 1 11 12 1 1 1 10 12 1 1 1 10 7 1 12 1 1 15 16 10 12 15 1 16 16 10 12 15 16 10 100 1 12 1 15 8 1 1 100 1 100 1 1 1 1
staticfield org/eclipse/jdt/internal/compiler/lookup/LookupEnvironment TheNotFoundPackage Lorg/eclipse/jdt/internal/compiler/lookup/ProblemPackageBinding; org/eclipse/jdt/internal/compiler/lookup/ProblemPackageBinding
staticfield org/eclipse/jdt/internal/compiler/lookup/LookupEnvironment TheNotFoundType Lorg/eclipse/jdt/internal/compiler/lookup/ProblemReferenceBinding; org/eclipse/jdt/internal/compiler/lookup/ProblemReferenceBinding
staticfield org/eclipse/jdt/internal/compiler/lookup/LookupEnvironment TheNotFoundModule Lorg/eclipse/jdt/internal/compiler/lookup/ModuleBinding; org/eclipse/jdt/internal/compiler/lookup/ModuleBinding
staticfield org/eclipse/jdt/internal/compiler/lookup/LookupEnvironment $assertionsDisabled Z 1
ciInstanceKlass org/eclipse/jdt/internal/compiler/lookup/ModuleBinding$UnNamedModule 1 1 161 7 1 7 1 1 1 1 1 1 8 1 10 7 1 12 1 1 9 12 1 1 1 1 10 12 1 1 1 1 1 1 9 7 1 12 1 1 1 1 1 1 1 1 7 1 9 12 1 1 11 100 1 12 1 1 11 100 1 12 1 1 7 1 10 12 11 12 1 1 9 12 1 10 12 1 1 1 1 1 1 1 10 12 1 10 12 1 1 1 1 1 10 12 9 12 1 9 7 1 12 1 1 9 12 1 1 7 1 10 7 1 12 1 1 10 12 1 11 12 1 1 9 12 1 10 12 1 1 10 12 1 1 1 1 1 1 1 1 1 1 100 1 1 9 12 1 1 9 12 1 1 1 1 8 1 1 1 1 1 1
staticfield org/eclipse/jdt/internal/compiler/lookup/ModuleBinding$UnNamedModule UNNAMED_READABLE_NAME [C 9
ciInstanceKlass org/eclipse/jdt/internal/compiler/lookup/RawTypeBinding 1 1 369 7 1 7 1 1 1 1 10 12 1 9 12 1 1 5 0 9 7 1 100 1 5 0 100 1 10 12 1 1 10 12 1 1 9 12 1 1 100 1 3 9 3 1 1 1 1 1 1 1 1 1 1 1 1 100 1 1 1 100 1 10 12 1 10 12 1 10 12 10 12 1 10 12 1 10 12 1 1 10 12 1 1 10 12 1 10 12 10 12 1 10 12 1 10 10 12 1 1 9 7 1 12 1 1 10 12 1 1 8 1 10 12 1 1 10 12 1 1 1 1 1 1 1 1 1 1 1 1 10 12 1 9 12 10 12 1 1 1 1 10 12 1 10 12 1 9 12 1 1 10 12 1 1 10 12 1 1 1 1 1 1 9 7 1 12 10 12 1 10 12 10 12 1 1 1 1 1 1 1 10 12 1 10 12 1 10 8 1 10 12 1 10 12 1 1 10 10 12 1 1 1 9 12 10 12 1 100 1 1 10 12 1 1 10 12 1 10 7 1 12 100 1 10 12 1 10 10 1 1 10 12 1 1 1 10 12 1 1 10 12 1 1 1 1 10 12 1 1 1 10 100 1 9 12 1 1 1 1 100 100 1 1 1 1 1 1 1 1 1 1 1 1 1 1 1 9 12 1 1 10 12 10 12 1 10 100 1 12 1 9 12 1 10 12 1 9 12 1 10 12 1 1 10 12 1 10 12 1 1 1 1 1 1 1 1 100 1 1 1 1 1 10 12 9 12 10 7 1 12 1 1 9 12 1 1 10 12 1 1 1 1 10 12 9 1 1 1 1 1 1 1 1 1 1 1 1 9 12 1 10 12 10 12 1 10 12 1 1
instanceKlass org/eclipse/jdt/internal/compiler/lookup/MissingTypeBinding
ciInstanceKlass org/eclipse/jdt/internal/compiler/lookup/BinaryTypeBinding 1 1 1888 7 1 7 1 1 1 1 1 1 1 1 1 1 1 1 1 1 1 1 1 1 1 1 1 1 1 1 1 1 1 1 1 1 1 1 1 1 1 1 1 1 1 1 1 1 1 1 1 1 8 1 10 7 1 12 1 1 9 12 7 1 9 12 7 1 10 12 1 9 12 7 1 10 9 12 1 1 100 1 1 1 7 1 100 1 10 12 1 9 7 1 12 1 1 10 7 1 12 1 1 7 1 10 12 1 1 100 1 10 10 12 1 1 10 12 1 100 1 10 12 1 10 12 1 10 12 1 1 10 12 1 1 100 1 100 1 10 12 100 1 10 1 1 1 1 1 1 1 1 1 1 1 1 1 1 100 1 1 10 12 1 9 12 9 12 1 1 100 1 5 0 5 0 5 0 1 1 1 1 7 1 9 12 1 1 8 1 10 12 1 10 12 1 11 12 1 1 9 7 1 12 1 1 7 1 11 7 1 12 1 11 12 1 1 10 12 1 11 11 12 1 9 12 1 10 12 1 1 10 12 1 1 1 1 1 1 1 1 1 1 1 100 100 100 1 1 9 12 1 1 7 1 1 1 1 100 10 7 1 12 1 1 7 1 10 12 1 1 7 1 10 100 1 9 12 1 10 12 1 10 12 1 9 12 1 1 9 12 1 9 5 0 7 1 10 10 12 1 7 1 10 12 1 1 1 1 1 1 10 12 1 1 1 10 9 12 9 12 9 12 9 7 1 12 1 9 12 9 12 10 12 1 9 12 9 12 9 12 9 12 9 12 9 12 9 12 9 12 9 12 9 12 1 10 12 1 1 1 1 1 11 7 1 10 7 1 12 1 1 9 12 1 1 10 12 1 5 0 9 12 1 11 12 1 9 12 1 11 12 1 100 1 9 12 1 11 12 1 9 12 1 11 12 1 9 12 1 11 12 1 1 5 0 11 12 1 5 0 11 12 1 5 0 11 12 1 5 0 11 12 1 10 12 10 12 1 100 1 10 12 1 3 10 12 1 1 11 12 1 1 1 1 1 100 1 100 1 1 10 7 1 12 1 10 7 1 12 1 1 10 12 1 1 1 1 1 10 12 1 10 12 5 0 5 0 10 12 1 1 7 1 10 12 1 1 10 7 1 12 1 1 100 1 1 1 1 100 1 1 9 10 12 1 1 1 1 1 1 1 1 1 1 1 10 12 5 0 5 0 10 12 1 1 7 1 10 12 1 1 1 1 100 10 12 1 100 1 10 12 1 18 12 1 1 10 1 1 9 12 1 9 12 1 9 12 1 9 12 1 11 12 1 1 11 7 1 9 12 1 1 9 7 1 12 1 9 12 1 10 12 1 1 9 12 1 11 12 1 1 10 12 1 1 11 12 1 1 10 12 1 1 11 12 1 1 11 12 1 1 10 12 1 9 12 1 9 12 1 5 0 5 0 11 12 1 1 7 1 10 9 12 1 9 12 1 10 12 1 1 5 0 3 11 12 1 10 12 1 1 9 10 12 11 12 1 9 7 1 12 1 3 11 12 1 1 10 12 1 5 0 11 12 1 1 5 0 10 12 1 10 12 1 1 10 12 1 7 1 10 12 1 10 12 1 1 10 12 10 12 1 1 11 12 1 3 10 11 12 1 11 12 1 1 10 12 1 1 11 12 1 1 11 12 1 1 10 12 1 1 10 12 1 10 9 10 9 10 12 1 10 12 1 1 10 12 1 1 10 12 1 1 10 12 1 1 10 12 1 10 12 1 1 9 12 1 100 1 10 12 1 1 5 0 9 12 1 10 12 10 12 1 1 5 0 10 11 12 1 10 12 1 9 12 1 9 12 1 9 12 1 7 1 10 12 1 5 0 10 12 1 10 12 1 10 12 1 1 9 12 1 9 12 1 9 12 1 1 1 1 1 1 1 1 1 1 1 1 1 1 1 1 1 1 1 1 1 1 1 1 1 1 1 1 1 1 1 1 1 1 100 100 100 1 100 100 100 100 100 1 10 12 1 9 10 12 1 9 10 12 1 9 1 1 1 1 1 100 10 12 1 10 12 1 7 1 10 12 1 10 12 1 100 1 10 12 1 1 1 1 10 12 1 9 12 1 10 12 1 100 1 1 1 1 1 10 12 1 1 10 12 1 1 100 1 10 12 1 1 9 12 1 10 7 1 12 1 1 5 0 10 12 1 11 7 1 11 11 10 12 11 12 1 1 11 10 12 1 1 9 7 1 11 5 0 10 12 1 9 12 1 9 3 10 12 1 1 10 10 12 1 1 1 1 1 1 1 1 1 1 1 1 1 100 10 12 1 1 10 12 1 1 9 7 1 12 1 10 12 1 1 1 1 1 11 3 10 12 1 3 9 12 1 9 12 1 11 12 1 11 11 11 11 12 1 11 12 1 10 12 1 10 12 1 11 12 1 1 11 12 1 1 11 12 1 11 12 1 1 11 12 1 9 12 1 10 12 1 1 10 12 1 10 12 1 1 10 12 1 11 12 1 10 12 1 11 12 1 9 11 12 1 1 10 12 1 1 9 12 1 7 1 11 10 12 1 1 11 12 1 10 12 1 9 12 1 9 12 1 1 10 7 1 12 1 1 1 1 1 1 1 1 1 1 1 1 1 1 1 1 1 1 1 1 1 1 1 1 1 1 1 100 9 12 1 11 12 1 8 1 8 1 10 100 1 12 1 1 1 1 10 12 1 1 1 1 1 1 1 1 100 10 12 1 10 12 1 11 12 1 1 10 12 11 12 1 10 12 1 1 10 1 1 1 1 1 1 1 1 1 10 12 1 10 12 10 12 1 9 12 10 12 1 1 10 12 1 1 1 1 1 1 1 1 1 1 1 10 12 1 1 1 1 10 12 9 12 1 10 12 1 1 1 1 1 1 1 1 1 1 10 12 10 12 10 7 1 12 1 1 10 10 12 1 1 1 10 10 12 1 1 1 1 1 9 100 1 1 1 100 1 1 10 12 10 12 1 1 1 1 10 12 10 12 1 1 10 12 1 9 10 12 1 1 10 12 1 1 1 1 1 1 10 12 10 10 12 1 1 1 1 10 12 1 1 10 12 10 1 1 10 12 9 12 1 1 1 9 12 1 10 12 1 1 11 12 1 9 10 12 1 1 10 12 1 1 9 10 12 1 1 1 1 1 1 1 10 12 1 10 12 1 1 1 10 12 1 10 12 5 0 1 9 12 10 10 5 0 10 12 1 1 10 12 1 5 0 1 1 10 9 12 1 9 9 12 5 0 9 3 1 9 10 9 12 9 12 1 1 1 1 10 12 10 10 12 1 10 12 1 1 1 1 1 1 10 12 1 100 1 9 100 1 10 12 1 7 1 10 1 1 11 5 0 9 9 12 1 9 10 12 1 10 12 1 10 12 1 1 10 12 1 9 5 0 1 1 1 1 1 1 9 12 1 100 1 9 12 1 9 12 1 1 9 12 1 1 11 100 1 10 12 1 1 10 12 1 1 9 100 1 11 11 12 1 9 12 1 1 9 12 1 1 10 12 1 9 12 1 1 1 1 1 1 1 1 1 1 10 12 1 9 12 1 1 10 12 1 1 10 12 10 12 9 12 1 10 12 1 10 10 12 1 10 12 1 9 12 1 10 12 1 1 1 1 1 1 100 1 9 12 1 10 12 1 10 12 1 1 10 10 10 100 1 12 1 1 1 1 1 5 0 5 0 1 10 9 9 12 1 9 12 1 1 1 1 1 100 10 12 1 10 12 1 9 12 10 9 12 1 10 10 12 1 1 1 1 1 9 12 1 5 0 10 12 1 10 10 9 10 12 1 1 10 12 1 1 5 0 10 12 1 1 1 10 12 1 10 12 1 10 12 10 10 12 1 1 10 12 1 10 5 0 1 10 12 10 12 1 10 12 5 0 1 10 12 1 10 12 1 100 1 10 8 1 10 12 1 1 10 12 1 8 1 10 12 1 8 1 10 12 1 8 1 10 12 1 10 12 1 8 1 10 12 1 8 1 10 12 1 8 1 8 1 8 1 8 1 8 1 8 1 8 1 8 1 8 1 8 1 8 1 10 12 10 12 1 8 1 8 1 10 12 1 8 1 8 1 8 1 8 1 8 1 8 1 8 1 10 18 8 1 8 1 8 1 10 18 8 1 8 1 8 1 10 18 8 1 8 1 8 1 10 1 1 1 1 1 10 9 12 1 10 12 1 1 1 10 10 1 10 12 9 12 1 1 1 10 100 1 12 1 15 8 1 8 1 1 100 1 100 1 1 1 1 1 1 1
staticfield org/eclipse/jdt/internal/compiler/lookup/BinaryTypeBinding TYPE_QUALIFIER_DEFAULT [C 20
staticfield org/eclipse/jdt/internal/compiler/lookup/BinaryTypeBinding NO_BINARY_METHODS [Lorg/eclipse/jdt/internal/compiler/env/IBinaryMethod; 0 [Lorg/eclipse/jdt/internal/compiler/env/IBinaryMethod;
staticfield org/eclipse/jdt/internal/compiler/lookup/BinaryTypeBinding FIELD_INITIALIZATION Lorg/eclipse/jdt/internal/compiler/lookup/BinaryTypeBinding$VariableBindingInitialization; org/eclipse/jdt/internal/compiler/lookup/BinaryTypeBinding$1
staticfield org/eclipse/jdt/internal/compiler/lookup/BinaryTypeBinding RECORD_INITIALIZATION Lorg/eclipse/jdt/internal/compiler/lookup/BinaryTypeBinding$VariableBindingInitialization; org/eclipse/jdt/internal/compiler/lookup/BinaryTypeBinding$2
ciInstanceKlass org/eclipse/jdt/internal/compiler/lookup/MissingTypeBinding 1 1 177 7 1 7 1 1 1 1 10 12 1 9 12 1 1 10 12 1 9 12 1 1 5 0 9 12 1 1 9 12 1 1 10 7 1 12 1 1 9 12 1 1 9 12 1 100 1 9 12 1 1 9 12 1 1 9 7 1 12 1 1 9 12 1 9 12 1 9 12 1 9 12 1 1 9 12 1 9 12 1 9 12 1 9 12 1 1 9 12 1 9 12 1 1 9 12 1 9 12 1 1 9 12 1 1 1 1 1 1 1 1 1 1 1 1 1 1 7 1 10 12 1 11 7 1 12 1 1 11 12 1 1 1 1 1 1 1 1 100 1 1 1 1 1 1 1 1 1 1 1 1 100 1 10 12 1 18 12 1 1 1 1 1 10 100 1 12 1 15 8 1 1 100 1 100 1 1
ciInstanceKlass org/eclipse/jdt/internal/compiler/lookup/ProblemPackageBinding 1 1 32 7 1 7 1 1 1 1 1 1 10 12 1 9 12 1 1 1 1 1 1 1 1 1 7 1 10 12 1 1 1 1
instanceKlass org/eclipse/jdt/internal/compiler/util/HashtableOfPackage
ciInstanceKlass org/eclipse/jdt/internal/compiler/util/CharDelegateMap 1 1 100 7 1 7 1 100 1 1 1 1 3 1 1 1 1 1 1 1 1 1 1 10 12 1 1 1 1 1 1 1 1 1 1 9 12 9 12 1 10 12 7 1 10 7 1 10 1 1 1 1 10 12 11 12 1 1 11 12 1 1 1 1 1 10 12 10 1 1 1 10 12 10 12 1 1 10 12 1 10 1 1 1 1 10 12 1 1 11 1 1 11 12 1 1 1 11 12 1 1 1
ciInstanceKlass org/eclipse/jdt/internal/compiler/util/HashtableOfPackage 1 1 24 7 1 7 1 1 1 1 10 12 1 1 1 1 1 1 1 10 1 1 1 1 1 1
ciInstanceKlass org/eclipse/jdt/internal/compiler/ast/AnnotationMethodDeclaration 1 1 271 100 1 7 1 1 1 1 1 1 1 1 10 12 1 1 1 1 1 1 1 1 9 12 1 1 10 100 1 12 1 1 9 12 1 10 12 1 1 10 12 1 1 1 1 1 1 1 1 1 1 1 1 1 1 1 1 1 10 12 1 9 12 1 10 12 1 9 12 1 1 10 12 1 1 10 100 1 12 1 1 10 12 1 1 10 100 1 12 8 1 10 12 1 10 12 1 9 12 1 1 10 12 1 9 12 1 1 10 100 1 9 12 1 1 8 1 10 100 1 9 12 8 1 10 100 1 10 12 1 1 1 1 1 1 1 1 1 1 100 1 1 10 12 9 12 1 1 9 12 1 1 10 100 1 12 1 1 10 100 1 12 1 1 9 12 10 12 1 9 12 10 12 1 9 100 1 12 1 1 10 100 1 12 1 1 10 12 1 1 10 12 1 9 12 1 10 12 1 10 12 1 10 12 1 1 100 1 9 12 1 9 12 1 10 12 1 9 9 12 1 9 12 1 10 12 1 1 10 100 1 12 1 1 10 12 1 1 1 1 1 1 1 1 10 100 1 12 1 1 10 100 1 12 1 9 12 1 10 10 10 12 1 1 1 1 1 1 1 1 1
instanceKlass org/eclipse/jdt/internal/compiler/lookup/ImportConflictBinding
instanceKlass org/eclipse/jdt/internal/compiler/lookup/CompilationUnitScope$1
ciInstanceKlass org/eclipse/jdt/internal/compiler/lookup/ImportBinding 1 1 103 7 1 7 1 1 1 1 1 1 1 1 1 1 1 1 10 12 1 9 12 9 12 9 12 9 12 1 1 1 1 1 1 1 1 1 1 10 7 1 12 1 1 1 10 12 1 100 1 8 1 10 100 1 12 1 10 100 1 12 1 1 10 12 1 1 8 1 1 10 12 1 1 1 1 1 1 10 12 10 12 1 18 12 1 1 1 1 1 10 100 1 12 1 15 8 1 1 100 1 100 1 1
ciInstanceKlass org/eclipse/jdt/internal/compiler/lookup/LocalTypeBinding 1 1 406 7 1 7 1 1 1 1 1 1 1 1 1 1 1 1 1 1 9 12 1 1 1 1 7 9 7 1 12 1 1 9 7 1 12 1 10 7 1 12 1 1 10 12 1 9 12 1 100 1 9 12 1 1 100 1 5 0 5 0 9 12 9 12 9 10 12 1 9 12 10 12 1 1 9 7 1 12 1 7 1 10 12 1 1 1 1 1 1 1 1 1 1 1 1 1 1 7 1 100 1 100 1 10 12 1 9 12 1 1 1 10 12 1 1 100 1 10 12 7 1 9 12 1 10 100 1 12 1 1 10 12 1 1 1 1 1 1 1 9 12 10 12 9 12 1 1 9 12 10 12 1 9 12 1 1 9 7 1 12 1 5 0 9 12 1 1 9 100 1 12 1 1 9 100 1 12 1 1 7 1 1 1 1 10 12 10 12 1 10 10 12 1 1 100 1 10 10 12 1 1 10 12 1 10 100 1 12 1 1 10 12 1 10 12 1 9 12 1 10 12 1 10 12 1 1 10 12 1 1 1 1 1 1 1 1 1 1 1 9 12 10 12 10 12 1 1 10 100 1 12 1 1 1 1 10 12 9 12 1 1 1 10 12 1 10 12 9 12 1 10 12 10 12 10 12 1 1 10 10 1 9 7 1 12 1 10 12 9 12 1 10 12 1 10 12 1 10 12 10 12 1 10 12 1 1 9 12 1 1 10 12 1 10 100 1 1 1 1 100 1 10 12 10 1 5 0 10 12 1 1 1 9 12 1 1 10 100 1 12 1 1 1 1 1 10 12 9 12 10 1 1 10 12 1 10 12 1 18 12 1 1 10 12 18 10 12 18 12 1 18 1 9 12 10 7 1 12 1 1 1 1 100 1 1 1 10 100 1 12 1 15 8 1 8 1 8 1 8 1 1 100 1 100 1 1
staticfield org/eclipse/jdt/internal/compiler/lookup/LocalTypeBinding LocalTypePrefix [C 7
ciInstanceKlass org/eclipse/jdt/internal/compiler/lookup/ImportConflictBinding 0 0 65 100 1 100 1 1 1 1 1 1 10 12 1 9 12 1 1 1 1 1 1 1 1 1 1 1 1 9 12 10 100 1 12 1 1 1 1 100 1 10 12 10 12 1 18 12 1 1 1 1 1 10 100 1 12 1 15 8 1 1 100 1 100 1 1
ciInstanceKlass org/eclipse/jdt/internal/compiler/lookup/SortedCompoundNameVector 1 1 76 7 1 7 1 1 1 1 1 1 1 1 1 9 12 1 1 1 10 12 9 12 7 1 9 12 1 1 1 1 9 7 1 12 1 1 10 7 1 12 1 1 10 12 1 1 7 1 1 1 1 1 1 1 1 100 1 10 10 100 1 12 1 10 12 1 1 8 1 10 12 1 1 1 1 1
ciInstanceKlass org/eclipse/jdt/internal/compiler/lookup/SortedSimpleNameVector 1 1 74 7 1 7 1 1 1 1 1 1 1 1 1 9 12 1 1 1 10 12 9 12 7 1 9 12 1 1 1 1 9 7 1 12 1 1 10 7 1 12 1 1 10 12 1 1 7 1 1 1 1 1 1 1 1 100 1 10 10 12 1 1 8 1 10 12 1 10 12 1 1 1 1 1
ciInstanceKlass org/eclipse/jdt/internal/compiler/lookup/SplitPackageBinding 1 1 366 7 1 7 1 1 1 1 1 1 1 1 1 1 1 1 1 1 1 9 12 1 1 1 1 10 12 1 1 10 12 1 1 10 12 1 1 10 12 1 1 1 1 1 1 1 1 1 1 1 1 1 1 1 11 7 1 12 1 1 11 7 1 12 1 1 11 12 1 1 9 12 11 7 1 12 1 1 11 1 1 1 1 1 1 1 1 7 1 100 9 7 1 12 1 1 10 12 1 1 9 12 1 1 9 12 1 9 12 1 1 10 12 1 7 1 10 12 9 12 9 12 11 100 1 12 1 1 1 1 11 12 1 1 7 1 11 12 1 10 12 1 1 9 12 1 10 1 1 1 1 10 12 1 1 9 12 1 1 10 7 1 12 1 1 9 10 12 10 12 1 1 10 12 1 1 10 10 12 1 1 1 1 1 1 100 10 7 1 12 1 1 7 1 10 10 12 1 1 10 12 1 1 11 11 12 1 10 12 1 1 1 1 1 1 11 12 1 1 7 1 1 1 10 12 1 1 1 1 1 9 10 12 1 1 10 12 1 1 9 12 1 1 100 1 5 0 10 12 1 1 10 1 1 1 1 1 1 1 1 100 9 1 10 12 1 1 11 12 1 11 12 1 1 1 10 12 1 1 10 12 1 1 1 1 10 12 10 12 1 100 1 9 100 1 100 1 10 12 1 1 1 1 1 1 1 1 10 12 1 1 10 12 1 9 9 12 1 1 9 7 1 12 1 1 1 1 1 1 1 1 100 1 10 12 10 12 1 8 1 10 12 1 1 8 1 10 12 1 1 10 12 1 8 1 8 1 10 1 1 1 1 100 1 1 1
ciInstanceKlass org/eclipse/jdt/internal/compiler/util/SortedCharArrays 1 1 91 7 1 100 1 1 1 1 3 1 1 1 1 1 1 1 1 1 18 12 1 1 9 12 18 9 12 1 1 1 10 12 1 1 1 1 1 10 7 1 12 1 1 1 1 1 1 1 1 1 1 1 1 1 1 1 1 1 1 1 1 1 1 10 12 1 1 1 1 10 7 1 12 1 1 15 1 16 15 16 16 10 12 15 16 1 100 1 100 1 1
staticfield org/eclipse/jdt/internal/compiler/util/SortedCharArrays CHAR_ARR_COMPARATOR Ljava/util/Comparator; org/eclipse/jdt/internal/compiler/util/SortedCharArrays$$Lambda+0x000001d2aa619ae0
staticfield org/eclipse/jdt/internal/compiler/util/SortedCharArrays CHAR_CHAR_ARR_COMPARATOR Ljava/util/Comparator; org/eclipse/jdt/internal/compiler/util/SortedCharArrays$$Lambda+0x000001d2aa619d68
ciInstanceKlass  @bci org/eclipse/jdt/internal/compiler/util/SortedCharArrays <clinit> ()V 0 <appendix> argL0 ; 1 1 23 1 7 1 7 1 100 1 1 12 10 1 1 1 7 1 7 1 1 12 10 1 1
ciInstanceKlass  @bci org/eclipse/jdt/internal/compiler/util/SortedCharArrays <clinit> ()V 8 <appendix> argL0 ; 1 1 23 1 7 1 7 1 100 1 1 12 10 1 1 1 7 1 7 1 1 12 10 1 1
ciInstanceKlass org/eclipse/jdt/internal/compiler/util/HashtableOfType 1 1 107 7 1 7 1 1 1 1 1 1 1 1 1 1 1 10 12 1 1 1 1 1 10 12 9 12 9 12 4 7 1 9 12 7 1 9 12 1 1 1 1 1 10 7 1 12 1 1 10 12 1 1 1 1 1 1 1 1 1 1 1 10 12 1 1 1 1 1 10 12 1 1 1 1 1 8 1 10 12 18 12 1 1 1 1 1 1 100 1 100 1 1 1 10 100 1 12 1 15 8 1 1 100 1 100 1 1
ciInstanceKlass org/eclipse/jdt/internal/core/index/DiskIndex$IntList 1 1 44 7 1 7 1 1 1 1 1 1 1 1 10 12 1 9 12 9 12 1 1 1 1 1 1 10 7 1 12 1 1 1 1 1 1 1 1 1 1 1 100 1 1 1
ciInstanceKlass org/eclipse/jdt/internal/compiler/lookup/BinaryTypeBinding$ExternalAnnotationStatus 1 1 78 7 1 7 1 1 1 1 1 1 1 1 1 1 1 1 1 8 10 12 1 1 9 12 8 9 12 8 9 12 8 9 12 9 12 1 1 10 1 1 1 10 12 1 10 12 1 1 1 1 1 10 7 1 12 1 1 1 1 10 12 1 9 12 10 12 100 1 100 1 1 1 1 1 100 1 1 1
staticfield org/eclipse/jdt/internal/compiler/lookup/BinaryTypeBinding$ExternalAnnotationStatus FROM_SOURCE Lorg/eclipse/jdt/internal/compiler/lookup/BinaryTypeBinding$ExternalAnnotationStatus; org/eclipse/jdt/internal/compiler/lookup/BinaryTypeBinding$ExternalAnnotationStatus
staticfield org/eclipse/jdt/internal/compiler/lookup/BinaryTypeBinding$ExternalAnnotationStatus NOT_EEA_CONFIGURED Lorg/eclipse/jdt/internal/compiler/lookup/BinaryTypeBinding$ExternalAnnotationStatus; org/eclipse/jdt/internal/compiler/lookup/BinaryTypeBinding$ExternalAnnotationStatus
staticfield org/eclipse/jdt/internal/compiler/lookup/BinaryTypeBinding$ExternalAnnotationStatus NO_EEA_FILE Lorg/eclipse/jdt/internal/compiler/lookup/BinaryTypeBinding$ExternalAnnotationStatus; org/eclipse/jdt/internal/compiler/lookup/BinaryTypeBinding$ExternalAnnotationStatus
staticfield org/eclipse/jdt/internal/compiler/lookup/BinaryTypeBinding$ExternalAnnotationStatus TYPE_IS_ANNOTATED Lorg/eclipse/jdt/internal/compiler/lookup/BinaryTypeBinding$ExternalAnnotationStatus; org/eclipse/jdt/internal/compiler/lookup/BinaryTypeBinding$ExternalAnnotationStatus
staticfield org/eclipse/jdt/internal/compiler/lookup/BinaryTypeBinding$ExternalAnnotationStatus ENUM$VALUES [Lorg/eclipse/jdt/internal/compiler/lookup/BinaryTypeBinding$ExternalAnnotationStatus; 4 [Lorg/eclipse/jdt/internal/compiler/lookup/BinaryTypeBinding$ExternalAnnotationStatus;
ciMethodData java/lang/Object <init> ()V 2 3145645 orig 80 1 0 0 0 0 0 0 0 0 0 0 0 0 0 0 0 0 0 0 0 0 0 0 0 0 0 0 0 0 0 0 0 0 0 0 0 0 0 0 0 0 0 0 0 0 0 0 0 0 0 0 0 0 0 0 0 0 0 0 0 0 0 0 0 0 0 0 0 0 0 0 0 0 0 0 0 0 0 0 0 data 4 0x0 0x9 0x1 0x0 oops 0 methods 0
ciMethodData java/util/Arrays rangeCheck (III)V 2 8249 orig 80 0 0 0 0 0 0 0 0 0 0 0 0 210 1 0 0 0 0 0 0 0 0 0 0 0 0 0 0 0 0 0 0 0 0 0 0 0 0 0 0 0 0 0 0 0 0 0 0 0 0 0 0 0 0 0 0 0 0 0 0 0 0 0 0 0 0 0 0 0 0 0 0 0 0 0 0 0 0 0 0 data 73 0x20007 0x2039 0x190 0x0 0xd0002 0x0 0x120005 0x0 0x0 0x0 0x0 0x0 0x0 0x160005 0x0 0x0 0x0 0x0 0x0 0x0 0x1b0005 0x0 0x0 0x0 0x0 0x0 0x0 0x1f0005 0x0 0x0 0x0 0x0 0x0 0x0 0x240005 0x0 0x0 0x0 0x0 0x0 0x0 0x270005 0x0 0x0 0x0 0x0 0x0 0x0 0x2a0002 0x0 0x2f0007 0x2039 0x30 0x0 0x370002 0x0 0x3d0007 0x2039 0x30 0x0 0x450002 0x0 0x0 0x0 0x0 0x0 0x0 0x0 0x9 0x3 0x0 0x0 0x0 oops 0 methods 0
ciMethod org/eclipse/jdt/core/compiler/CharOperation concatWith ([[CC)[C 514 2040 18696 0 -1
ciMethod org/eclipse/jdt/core/compiler/CharOperation equals ([C[C)Z 574 0 661037 0 296
ciMethod org/eclipse/jdt/core/compiler/CharOperation hashCode ([C)I 546 0 308590 0 616
ciMethod org/eclipse/jdt/internal/compiler/ast/AbstractMethodDeclaration typeParameters ()[Lorg/eclipse/jdt/internal/compiler/ast/TypeParameter; 0 0 1 0 -1
ciMethod org/eclipse/jdt/internal/compiler/env/INameEnvironment isPackage ([[C[C)Z 0 0 1 0 -1
ciMethod org/eclipse/jdt/internal/compiler/ast/ImportReference isStatic ()Z 944 0 176323 0 -1
ciMethod org/eclipse/jdt/internal/compiler/ast/ImportReference getSimpleName ()[C 576 0 23918 0 0
ciMethod org/eclipse/jdt/internal/compiler/lookup/Scope compilationUnitScope ()Lorg/eclipse/jdt/internal/compiler/lookup/CompilationUnitScope; 264 0 132 0 0
ciMethod org/eclipse/jdt/internal/compiler/lookup/Scope module ()Lorg/eclipse/jdt/internal/compiler/lookup/ModuleBinding; 4108 0 9838 0 -1
ciMethod org/eclipse/jdt/internal/compiler/lookup/Scope compilerOptions ()Lorg/eclipse/jdt/internal/compiler/impl/CompilerOptions; 516 0 22957 0 120
ciMethod org/eclipse/jdt/internal/compiler/lookup/Scope enclosingReceiverType ()Lorg/eclipse/jdt/internal/compiler/lookup/ReferenceBinding; 4396 656 4816 0 -1
ciMethod org/eclipse/jdt/internal/compiler/lookup/Scope enclosingSourceType ()Lorg/eclipse/jdt/internal/compiler/lookup/SourceTypeBinding; 4110 4982 3273 0 -1
ciMethod org/eclipse/jdt/internal/compiler/lookup/Scope environment ()Lorg/eclipse/jdt/internal/compiler/lookup/LookupEnvironment; 532 0 19859 0 104
ciMethod org/eclipse/jdt/internal/compiler/lookup/Scope findDirectMemberType ([CLorg/eclipse/jdt/internal/compiler/lookup/ReferenceBinding;)Lorg/eclipse/jdt/internal/compiler/lookup/ReferenceBinding; 0 0 1 0 0
ciMethod org/eclipse/jdt/internal/compiler/lookup/Scope findMemberType ([CLorg/eclipse/jdt/internal/compiler/lookup/ReferenceBinding;)Lorg/eclipse/jdt/internal/compiler/lookup/ReferenceBinding; 4206 11818 1325 0 0
ciMethod org/eclipse/jdt/internal/compiler/lookup/Scope findType ([CLorg/eclipse/jdt/internal/compiler/lookup/PackageBinding;Lorg/eclipse/jdt/internal/compiler/lookup/PackageBinding;)Lorg/eclipse/jdt/internal/compiler/lookup/ReferenceBinding; 2666 0 969 0 0
ciMethod org/eclipse/jdt/internal/compiler/lookup/Scope getCurrentPackage ()Lorg/eclipse/jdt/internal/compiler/lookup/PackageBinding; 1548 0 883 0 -1
ciMethod org/eclipse/jdt/internal/compiler/lookup/Scope getTypeOrPackage ([CIZ)Lorg/eclipse/jdt/internal/compiler/lookup/Binding; 414 6382 2597 0 -1
ciMethod org/eclipse/jdt/internal/compiler/lookup/Scope findTypeInModule ([CLorg/eclipse/jdt/internal/compiler/lookup/ModuleBinding;Lorg/eclipse/jdt/internal/compiler/lookup/PackageBinding;)Lorg/eclipse/jdt/internal/compiler/lookup/ReferenceBinding; 0 0 1 0 -1
ciMethod org/eclipse/jdt/internal/compiler/lookup/Scope isUnnecessarySamePackageImport (Lorg/eclipse/jdt/internal/compiler/lookup/Binding;Lorg/eclipse/jdt/internal/compiler/lookup/Scope;)Z 102 0 536 0 0
ciMethod org/eclipse/jdt/internal/compiler/lookup/Scope isInsideCase (Lorg/eclipse/jdt/internal/compiler/ast/CaseStatement;)Z 0 0 1 0 -1
ciMethod org/eclipse/jdt/internal/compiler/lookup/CompilationUnitScope findImport ([[CI)Lorg/eclipse/jdt/internal/compiler/lookup/Binding; 4490 13370 3669 0 -1
ciMethod org/eclipse/jdt/internal/compiler/lookup/CompilationUnitScope findSingleImport ([[CIZ)Lorg/eclipse/jdt/internal/compiler/lookup/Binding; 4116 0 2522 0 0
ciMethod org/eclipse/jdt/internal/compiler/lookup/CompilationUnitScope findSingleStaticImport ([[CI)Lorg/eclipse/jdt/internal/compiler/lookup/Binding; 0 0 163 0 -1
ciMethod org/eclipse/jdt/internal/compiler/lookup/CompilationUnitScope recordQualifiedReference ([[C)V 652 2050 14252 0 0
ciMethod org/eclipse/jdt/internal/compiler/lookup/CompilationUnitScope recordReference ([[C[C)V 1624 0 2070 0 0
ciMethod org/eclipse/jdt/internal/compiler/lookup/CompilationUnitScope recordReference (Lorg/eclipse/jdt/internal/compiler/lookup/ReferenceBinding;[C)V 2870 0 1436 0 -1
ciMethod org/eclipse/jdt/internal/compiler/lookup/CompilationUnitScope recordRootReference ([C)V 652 0 14252 0 0
ciMethod org/eclipse/jdt/internal/compiler/lookup/CompilationUnitScope recordSimpleReference ([C)V 512 0 15141 0 0
ciMethod org/eclipse/jdt/internal/compiler/lookup/CompilationUnitScope recordTypeReference (Lorg/eclipse/jdt/internal/compiler/lookup/TypeBinding;)V 142 0 3233 0 -1
ciMethod org/eclipse/jdt/internal/compiler/lookup/CompilationUnitScope resolveSingleImport (Lorg/eclipse/jdt/internal/compiler/lookup/ImportBinding;I)Lorg/eclipse/jdt/internal/compiler/lookup/Binding; 1656 9592 785 0 0
ciMethod org/eclipse/jdt/internal/compiler/lookup/CompilationUnitScope typeToRecord (Lorg/eclipse/jdt/internal/compiler/lookup/TypeBinding;)Lorg/eclipse/jdt/internal/compiler/lookup/ReferenceBinding; 4142 0 10255 0 -1
ciMethod org/eclipse/jdt/internal/compiler/lookup/ReferenceBinding <init> ()V 4218 0 6320 0 0
ciMethod org/eclipse/jdt/internal/compiler/lookup/ReferenceBinding canBeSeenBy (Lorg/eclipse/jdt/internal/compiler/lookup/PackageBinding;)Z 390 0 669 0 0
ciMethod org/eclipse/jdt/internal/compiler/lookup/ReferenceBinding canBeSeenBy (Lorg/eclipse/jdt/internal/compiler/lookup/ReferenceBinding;Lorg/eclipse/jdt/internal/compiler/lookup/ReferenceBinding;)Z 124 80 79 0 -1
ciMethod org/eclipse/jdt/internal/compiler/lookup/ReferenceBinding computeId ()V 4126 0 2448 0 -1
ciMethod org/eclipse/jdt/internal/compiler/lookup/ReferenceBinding getMemberType ([C)Lorg/eclipse/jdt/internal/compiler/lookup/ReferenceBinding; 4174 0 3245 0 -1
ciMethod org/eclipse/jdt/internal/compiler/lookup/ReferenceBinding getPackage ()Lorg/eclipse/jdt/internal/compiler/lookup/PackageBinding; 260 0 130 0 -1
ciMethod org/eclipse/jdt/internal/compiler/lookup/ReferenceBinding getTypeVariable ([C)Lorg/eclipse/jdt/internal/compiler/lookup/TypeVariableBinding; 4098 1144 2653 0 0
ciMethod org/eclipse/jdt/internal/compiler/lookup/ReferenceBinding isHierarchyBeingConnected ()Z 838 0 411 0 -1
ciMethod org/eclipse/jdt/internal/compiler/lookup/ReferenceBinding isPrivate ()Z 342 0 400 0 -1
ciMethod org/eclipse/jdt/internal/compiler/lookup/ReferenceBinding isPublic ()Z 502 0 2232 0 -1
ciMethod org/eclipse/jdt/internal/compiler/lookup/ReferenceBinding isStatic ()Z 160 0 12039 0 112
ciMethod org/eclipse/jdt/internal/compiler/lookup/ReferenceBinding superclass ()Lorg/eclipse/jdt/internal/compiler/lookup/ReferenceBinding; 0 0 1 0 -1
ciMethod org/eclipse/jdt/internal/compiler/lookup/ReferenceBinding superInterfaces ()[Lorg/eclipse/jdt/internal/compiler/lookup/ReferenceBinding; 0 0 1 0 -1
ciMethod org/eclipse/jdt/internal/compiler/lookup/ReferenceBinding module ()Lorg/eclipse/jdt/internal/compiler/lookup/ModuleBinding; 0 0 1 0 -1
ciMethod org/eclipse/jdt/internal/compiler/lookup/TypeBinding <init> ()V 4096 0 5070 0 0
ciMethod org/eclipse/jdt/internal/compiler/lookup/TypeBinding enclosingType ()Lorg/eclipse/jdt/internal/compiler/lookup/ReferenceBinding; 302 0 151 0 -1
ciMethod org/eclipse/jdt/internal/compiler/lookup/TypeBinding erasure ()Lorg/eclipse/jdt/internal/compiler/lookup/TypeBinding; 10248 0 5125 0 -1
ciMethod org/eclipse/jdt/internal/compiler/lookup/TypeBinding isAnonymousType ()Z 1616 0 4994 0 0
ciMethod org/eclipse/jdt/internal/compiler/lookup/TypeBinding isArrayType ()Z 516 0 14259 0 -1
ciMethod org/eclipse/jdt/internal/compiler/lookup/TypeBinding isLocalType ()Z 7444 0 11661 0 -1
ciMethod org/eclipse/jdt/internal/compiler/lookup/TypeBinding isNestedType ()Z 46 0 3108 0 -1
ciMethod org/eclipse/jdt/internal/compiler/lookup/TypeBinding isParameterizedType ()Z 256 0 128 0 -1
ciMethod org/eclipse/jdt/internal/compiler/lookup/TypeBinding kind ()I 272 0 136 0 -1
ciMethod org/eclipse/jdt/internal/compiler/lookup/TypeBinding typeVariables ()[Lorg/eclipse/jdt/internal/compiler/lookup/TypeVariableBinding; 3520 0 1026 0 -1
ciMethod org/eclipse/jdt/internal/compiler/lookup/TypeBinding equalsEquals (Lorg/eclipse/jdt/internal/compiler/lookup/TypeBinding;Lorg/eclipse/jdt/internal/compiler/lookup/TypeBinding;)Z 550 0 20653 0 0
ciMethod org/eclipse/jdt/internal/compiler/lookup/TypeBinding notEquals (Lorg/eclipse/jdt/internal/compiler/lookup/TypeBinding;Lorg/eclipse/jdt/internal/compiler/lookup/TypeBinding;)Z 512 0 10430 0 0
ciMethod org/eclipse/jdt/internal/compiler/lookup/Binding <init> ()V 834 0 25267 0 80
ciMethod org/eclipse/jdt/internal/compiler/lookup/Binding isValidBinding ()Z 4124 0 17451 0 120
ciMethod org/eclipse/jdt/internal/compiler/lookup/Binding problemId ()I 286 0 265 0 0
ciMethod org/eclipse/jdt/internal/compiler/lookup/SourceTypeBinding isGenericType ()Z 4102 0 5118 0 0
ciMethod org/eclipse/jdt/internal/compiler/lookup/SourceTypeBinding isPrototype ()Z 4170 0 48600 0 -1
ciMethod org/eclipse/jdt/internal/compiler/lookup/SourceTypeBinding typeVariables ()[Lorg/eclipse/jdt/internal/compiler/lookup/TypeVariableBinding; 4096 0 4569 0 0
ciMethod org/eclipse/jdt/internal/compiler/lookup/ProblemReferenceBinding <init> ([[CLorg/eclipse/jdt/internal/compiler/lookup/ReferenceBinding;I)V 550 0 1820 0 0
ciMethod org/eclipse/jdt/internal/compiler/lookup/MethodBinding getTypeVariable ([C)Lorg/eclipse/jdt/internal/compiler/lookup/TypeVariableBinding; 0 0 873 0 0
ciMethod org/eclipse/jdt/internal/compiler/lookup/PackageBinding addNotFoundPackage ([C)V 0 0 3110 0 -1
ciMethod org/eclipse/jdt/internal/compiler/lookup/PackageBinding addNotFoundType ([C)V 1730 0 1004 0 -1
ciMethod org/eclipse/jdt/internal/compiler/lookup/PackageBinding addType (Lorg/eclipse/jdt/internal/compiler/lookup/ReferenceBinding;)V 4096 358 2397 0 -1
ciMethod org/eclipse/jdt/internal/compiler/lookup/PackageBinding findPackage ([CLorg/eclipse/jdt/internal/compiler/lookup/ModuleBinding;)Lorg/eclipse/jdt/internal/compiler/lookup/PackageBinding; 820 0 1586 0 -1
ciMethod org/eclipse/jdt/internal/compiler/lookup/PackageBinding getPackage0 ([C)Lorg/eclipse/jdt/internal/compiler/lookup/PackageBinding; 512 0 22014 0 -1
ciMethod org/eclipse/jdt/internal/compiler/lookup/PackageBinding getType ([CLorg/eclipse/jdt/internal/compiler/lookup/ModuleBinding;)Lorg/eclipse/jdt/internal/compiler/lookup/ReferenceBinding; 3484 0 1103 0 0
ciMethod org/eclipse/jdt/internal/compiler/lookup/PackageBinding getType0 ([C)Lorg/eclipse/jdt/internal/compiler/lookup/ReferenceBinding; 526 0 37377 0 -1
ciMethod org/eclipse/jdt/internal/compiler/lookup/PackageBinding getTypeOrPackage ([CLorg/eclipse/jdt/internal/compiler/lookup/ModuleBinding;Z)Lorg/eclipse/jdt/internal/compiler/lookup/Binding; 18 0 11938 0 -1
ciMethod org/eclipse/jdt/internal/compiler/lookup/PackageBinding problemId ()I 4122 0 12515 0 -1
ciMethod org/eclipse/jdt/internal/compiler/lookup/PackageBinding getVisibleFor (Lorg/eclipse/jdt/internal/compiler/lookup/ModuleBinding;Z)Lorg/eclipse/jdt/internal/compiler/lookup/PackageBinding; 6478 0 3239 0 -1
ciMethod org/eclipse/jdt/internal/compiler/lookup/BlockScope findLocalType ([C)Lorg/eclipse/jdt/internal/compiler/lookup/ReferenceBinding; 2 0 1396 0 0
ciMethod org/eclipse/jdt/internal/compiler/lookup/MethodScope referenceMethod ()Lorg/eclipse/jdt/internal/compiler/ast/AbstractMethodDeclaration; 2 0 1863 0 0
ciMethod org/eclipse/jdt/internal/compiler/lookup/ClassScope connectTypeHierarchy ()V 602 0 1091 0 -1
ciMethod org/eclipse/jdt/internal/compiler/lookup/ArrayBinding leafComponentType ()Lorg/eclipse/jdt/internal/compiler/lookup/TypeBinding; 282 0 141 0 -1
ciMethod org/eclipse/jdt/internal/compiler/lookup/ModuleBinding createDeclaredToplevelPackage ([C)Lorg/eclipse/jdt/internal/compiler/lookup/PlainPackageBinding; 0 0 14 0 -1
ciMethod org/eclipse/jdt/internal/compiler/lookup/ModuleBinding getTopLevelPackage ([C)Lorg/eclipse/jdt/internal/compiler/lookup/PackageBinding; 908 0 7368 0 -1
ciMethod org/eclipse/jdt/internal/compiler/lookup/ModuleBinding canAccess (Lorg/eclipse/jdt/internal/compiler/lookup/PackageBinding;)Z 2 0 1 0 -1
ciMethod org/eclipse/jdt/internal/compiler/ast/CompilationUnitDeclaration isModuleInfo ()Z 20 0 11524 0 -1
ciMethodData java/util/Arrays hashCode ([C)I 2 66047 orig 80 1 0 0 0 0 0 0 0 0 0 0 0 210 1 0 0 0 0 0 0 0 0 0 0 0 0 0 0 0 0 0 0 0 0 0 0 0 0 0 2 0 0 0 0 0 0 0 0 0 0 0 0 0 0 0 0 0 0 0 0 0 0 0 0 0 0 0 0 0 0 0 0 0 0 0 0 0 0 0 0 data 29 0x10007 0x101ff 0x20 0x0 0x8000000600080008 0x6 0x100be 0x70 0xfc 0x40 0x47 0x58 0x250003 0xfc 0x40 0x2e0003 0x47 0x28 0x370002 0x100be 0x0 0x0 0x0 0x0 0x0 0x0 0x9 0x1 0xffffffffffffffff oops 0 methods 0
ciMethod org/eclipse/jdt/internal/compiler/util/HashtableOfObject get ([C)Ljava/lang/Object; 576 486 75081 0 1368
ciMethod org/eclipse/jdt/internal/compiler/util/HashtableOfObject put ([CLjava/lang/Object;)Ljava/lang/Object; 126 36 51942 0 1736
ciMethod org/eclipse/jdt/internal/compiler/util/HashtableOfObject rehash ()V 96 750 7585 0 -1
ciMethod org/eclipse/jdt/internal/compiler/lookup/NestedTypeBinding enclosingType ()Lorg/eclipse/jdt/internal/compiler/lookup/ReferenceBinding; 256 0 128 0 0
ciMethod org/eclipse/jdt/internal/compiler/lookup/ParameterizedTypeBinding genericType ()Lorg/eclipse/jdt/internal/compiler/lookup/ReferenceBinding; 24 0 604 0 -1
ciMethodData org/eclipse/jdt/core/compiler/CharOperation hashCode ([C)I 2 308317 orig 80 1 0 0 0 0 0 0 0 0 0 0 0 210 1 0 0 0 0 0 0 0 0 0 0 0 0 0 0 0 0 0 0 0 0 0 0 0 0 0 0 0 0 0 0 0 0 0 0 0 0 0 0 0 0 0 0 0 0 0 0 0 0 0 0 0 0 0 0 0 0 0 0 0 0 0 0 0 0 0 0 data 11 0x10002 0x4b468 0x0 0x0 0x0 0x0 0x0 0x0 0x9 0x1 0xffffffffffffffff oops 0 methods 0
ciMethodData org/eclipse/jdt/core/compiler/CharOperation equals ([C[C)Z 2 661365 orig 80 0 0 0 0 0 0 0 0 0 0 0 0 210 1 0 0 0 0 0 0 0 0 0 0 0 0 0 0 0 0 0 0 0 0 0 0 0 0 0 0 0 0 0 0 0 0 0 0 0 0 0 0 0 0 0 0 0 0 0 0 0 0 0 0 0 0 0 0 0 0 0 0 0 0 0 0 0 0 0 0 data 12 0x20002 0xa17d0 0x0 0x0 0x0 0x0 0x0 0x0 0x9 0x2 0xffffffffffffffff 0xffffffffffffffff oops 0 methods 0
ciMethodData org/eclipse/jdt/internal/compiler/util/HashtableOfObject get ([C)Ljava/lang/Object; 2 74793 orig 80 1 0 0 0 0 0 0 0 0 0 0 0 210 1 0 0 0 0 0 0 0 0 0 0 0 0 0 0 0 0 0 0 0 0 0 0 0 0 0 1 0 0 0 0 0 0 0 0 0 0 0 0 0 0 0 0 0 0 0 0 0 0 0 0 0 0 0 0 0 0 0 0 0 0 0 0 0 0 0 0 data 29 0x70002 0x12429 0xd0003 0x12429 0x68 0x130002 0x1724f 0x160007 0xc144 0x20 0xb10b 0x8000000600250007 0xc129 0x20 0x1c 0x330007 0x1724f 0xffffffffffffffb0 0x731f 0x0 0x0 0x0 0x0 0x0 0x0 0x9 0x2 0x0 0xffffffffffffffff oops 0 methods 0
ciMethodData org/eclipse/jdt/internal/compiler/util/HashtableOfObject put ([CLjava/lang/Object;)Ljava/lang/Object; 2 51879 orig 80 1 0 0 0 0 0 0 0 0 0 0 0 210 1 0 0 0 0 0 0 0 0 0 0 0 0 0 0 0 0 0 0 0 0 0 0 0 0 0 1 0 0 0 0 0 0 0 0 0 0 0 0 0 0 0 0 0 0 0 0 0 0 0 0 0 0 0 0 0 0 0 0 0 0 0 0 0 0 0 0 data 62 0x70002 0xcaa3 0xe0003 0xcaa3 0xa0 0x140002 0xa44d 0x8000000600170007 0x6048 0x58 0x440b 0x220004 0x0 0x0 0x1d2f46c3ad8 0x440b 0x0 0x0 0x2a0007 0x5fea 0x20 0x5f 0x3a0007 0xa44d 0xffffffffffffff78 0x86a8 0x440004 0x0 0x0 0x1d2ead858c0 0x86a8 0x0 0x0 0x4c0004 0x0 0x0 0x1d2f46c3b88 0x79a1 0x1d2f40dd3a0 0x4 0x5c0007 0x715f 0x58 0x1549 0x600005 0x1549 0x0 0x0 0x0 0x0 0x0 0x0 0x0 0x0 0x0 0x0 0x0 0x9 0x3 0xe 0xffffffffffffffff 0x0 oops 4 14 org/eclipse/jdt/internal/core/index/DiskIndex$IntList 29 [C 36 org/eclipse/jdt/internal/core/util/SimpleWordSet 38 org/eclipse/jdt/internal/compiler/util/HashtableOfObject methods 0
ciMethodData java/util/Arrays binarySearch0 ([Ljava/lang/Object;IILjava/lang/Object;Ljava/util/Comparator;)I 2 24817 orig 80 0 0 0 0 0 0 0 0 0 0 0 0 210 1 0 0 0 0 0 0 0 0 0 0 0 0 0 0 0 0 0 0 0 0 0 0 0 0 0 0 0 0 0 0 0 0 0 0 0 0 0 0 0 0 0 0 0 0 0 0 0 0 0 0 0 0 0 0 0 0 0 0 0 0 0 0 0 0 0 0 data 47 0x20007 0x60f1 0x30 0x0 0x90002 0x0 0x190007 0x3bee 0xe0 0xeade 0x300005 0x0 0x0 0x1d2f3260670 0x4a09 0x1d2f83c1de8 0xa0d5 0x390007 0x77ce 0x38 0x7310 0x420003 0x7310 0x50 0x470007 0x2503 0x38 0x52cb 0x500003 0x52cb 0x18 0x560003 0xc5db 0xffffffffffffff38 0x0 0x0 0x0 0x0 0x0 0x0 0x9 0x5 0x0 0x0 0x0 0x0 0x0 oops 2 13  @bci org/eclipse/jdt/internal/compiler/util/SortedCharArrays <clinit> ()V 8 <appendix> argL0 ; 15  @bci org/eclipse/jdt/internal/compiler/util/SortedCharArrays <clinit> ()V 0 <appendix> argL0 ; methods 0
ciMethodData java/util/Arrays binarySearch ([Ljava/lang/Object;IILjava/lang/Object;Ljava/util/Comparator;)I 2 27236 orig 80 0 0 0 0 0 0 0 0 0 0 0 0 210 1 0 0 0 0 0 0 0 0 0 0 0 0 0 0 0 0 0 0 0 0 0 0 0 0 0 0 0 0 0 0 0 0 0 0 0 0 0 0 0 0 0 0 0 0 0 0 0 0 0 0 0 0 0 0 0 0 0 0 0 0 0 0 0 0 0 0 data 17 0x40002 0x6a64 0xd0002 0x6a64 0x0 0x0 0x0 0x0 0x0 0x0 0x9 0x5 0xffffffffffffffff 0x0 0x0 0xffffffffffffffff 0xffffffffffffffff oops 0 methods 0
ciMethod org/eclipse/jdt/internal/compiler/lookup/LookupEnvironment askForType (Lorg/eclipse/jdt/internal/compiler/lookup/PackageBinding;[CLorg/eclipse/jdt/internal/compiler/lookup/ModuleBinding;)Lorg/eclipse/jdt/internal/compiler/lookup/ReferenceBinding; 4156 7058 1915 0 -1
ciMethod org/eclipse/jdt/internal/compiler/lookup/LookupEnvironment javaBaseModule ()Lorg/eclipse/jdt/internal/compiler/lookup/ModuleBinding; 934 0 2720 0 -1
ciMethod org/eclipse/jdt/internal/compiler/lookup/LookupEnvironment computePackageFrom ([[CZ)Lorg/eclipse/jdt/internal/compiler/lookup/PackageBinding; 154 188 625 0 -1
ciMethod org/eclipse/jdt/internal/compiler/lookup/LookupEnvironment convertToParameterizedType (Lorg/eclipse/jdt/internal/compiler/lookup/ReferenceBinding;)Lorg/eclipse/jdt/internal/compiler/lookup/ReferenceBinding; 4110 0 5445 0 -1
ciMethod org/eclipse/jdt/internal/compiler/lookup/LookupEnvironment createMissingType (Lorg/eclipse/jdt/internal/compiler/lookup/PackageBinding;[[C)Lorg/eclipse/jdt/internal/compiler/lookup/MissingTypeBinding; 1658 0 633 0 0
ciMethod org/eclipse/jdt/internal/compiler/lookup/LookupEnvironment getPackage0 ([C)Lorg/eclipse/jdt/internal/compiler/lookup/PackageBinding; 3130 0 13886 0 -1
ciMethod org/eclipse/jdt/internal/compiler/lookup/LookupEnvironment getTopLevelPackage ([C)Lorg/eclipse/jdt/internal/compiler/lookup/PackageBinding; 652 0 5241 0 0
ciMethod org/eclipse/jdt/internal/compiler/lookup/LookupEnvironment getType ([[CLorg/eclipse/jdt/internal/compiler/lookup/ModuleBinding;)Lorg/eclipse/jdt/internal/compiler/lookup/ReferenceBinding; 394 398 2656 0 -1
ciMethod org/eclipse/jdt/internal/compiler/lookup/MissingTypeBinding <init> (Lorg/eclipse/jdt/internal/compiler/lookup/PackageBinding;[[CLorg/eclipse/jdt/internal/compiler/lookup/LookupEnvironment;)V 2178 0 639 0 -1
ciMethod org/eclipse/jdt/internal/compiler/lookup/MissingTypeBinding setMissingSuperclass (Lorg/eclipse/jdt/internal/compiler/lookup/ReferenceBinding;)V 264 0 132 0 -1
ciMethod org/eclipse/jdt/internal/compiler/lookup/BinaryTypeBinding resolveType (Lorg/eclipse/jdt/internal/compiler/lookup/TypeBinding;Lorg/eclipse/jdt/internal/compiler/lookup/LookupEnvironment;Z)Lorg/eclipse/jdt/internal/compiler/lookup/TypeBinding; 516 0 5906 0 -1
ciMethod org/eclipse/jdt/internal/compiler/lookup/BinaryTypeBinding <init> ()V 514 0 258 0 -1
ciMethod org/eclipse/jdt/internal/compiler/util/CharDelegateMap get ([C)Ljava/lang/Object; 892 0 45009 0 -1
ciMethod org/eclipse/jdt/internal/compiler/util/CharDelegateMap put ([CLjava/lang/Object;)Ljava/lang/Object; 870 0 4012 0 -1
ciMethod org/eclipse/jdt/internal/compiler/lookup/ImportBinding isStatic ()Z 716 0 85043 0 112
ciMethod org/eclipse/jdt/internal/compiler/lookup/ImportBinding getSimpleName ()[C 556 0 22775 0 0
ciMethod org/eclipse/jdt/internal/compiler/lookup/ImportBinding getResolvedImport ()Lorg/eclipse/jdt/internal/compiler/lookup/Binding; 614 0 307 0 0
ciMethod org/eclipse/jdt/internal/compiler/lookup/ImportBinding setResolvedImport (Lorg/eclipse/jdt/internal/compiler/lookup/Binding;)Lorg/eclipse/jdt/internal/compiler/lookup/Binding; 418 0 217 0 0
ciMethod org/eclipse/jdt/internal/compiler/lookup/LocalTypeBinding sourceName ()[C 0 0 1 0 -1
ciMethod org/eclipse/jdt/internal/compiler/lookup/SortedCompoundNameVector add ([[C)Z 4102 0 14628 0 2216
ciMethod org/eclipse/jdt/internal/compiler/lookup/SortedSimpleNameVector add ([C)Z 512 0 21200 0 2016
ciMethodData org/eclipse/jdt/internal/compiler/util/CharDelegateMap get ([C)Ljava/lang/Object; 2 44563 orig 80 0 0 0 0 0 0 0 0 0 0 0 0 210 1 0 0 0 0 0 0 0 0 0 0 0 0 0 0 0 0 0 0 0 0 0 0 0 0 0 0 0 0 0 0 0 0 0 0 0 0 0 0 0 0 0 0 0 0 0 0 0 0 0 0 0 0 0 0 0 0 0 0 0 0 0 0 0 0 0 0 data 28 0x40007 0x6d18 0x58 0x40fb 0xc0005 0x40fb 0x0 0x0 0x0 0x0 0x0 0x150005 0x6d18 0x0 0x0 0x0 0x0 0x0 0x0 0x0 0x0 0x0 0x0 0x0 0x9 0x2 0x0 0x0 oops 0 methods 0
ciMethodData org/eclipse/jdt/internal/compiler/lookup/Binding <init> ()V 2 24851 orig 80 0 0 0 0 0 0 0 0 0 0 0 0 210 1 0 0 0 0 0 0 0 0 0 0 0 0 0 0 0 0 0 0 0 0 0 0 0 0 0 0 0 0 0 0 0 0 0 0 0 0 0 0 0 0 0 0 0 0 0 0 0 0 0 0 0 0 0 0 0 0 0 0 0 0 0 0 0 0 0 0 data 7 0x10002 0x6113 0x0 0x0 0x9 0x1 0x0 oops 0 methods 0
ciMethodData org/eclipse/jdt/internal/compiler/lookup/LookupEnvironment getPackage0 ([C)Lorg/eclipse/jdt/internal/compiler/lookup/PackageBinding; 2 12888 orig 80 0 0 0 0 0 0 0 0 0 0 0 0 210 1 0 0 0 0 0 0 0 0 0 0 0 0 0 0 0 0 0 0 0 0 0 0 0 0 0 0 0 0 0 0 0 0 0 0 0 0 0 0 0 0 0 0 0 0 0 0 0 0 0 0 0 0 0 0 0 0 0 0 0 0 0 0 0 0 0 0 data 24 0x50005 0x0 0x0 0x1d2f4874e68 0x3258 0x0 0x0 0x80104 0x0 0x0 0x1d2f70989e0 0x1706 0x1d2f7098b40 0x16e1 0x0 0x0 0x0 0x0 0x0 0x0 0x9 0x2 0x0 0x0 oops 3 3 org/eclipse/jdt/internal/compiler/util/HashtableOfPackage 10 org/eclipse/jdt/internal/compiler/lookup/SplitPackageBinding 12 org/eclipse/jdt/internal/compiler/lookup/PlainPackageBinding methods 0
ciMethod org/eclipse/jdt/internal/compiler/util/SortedCharArrays insertIntoArray ([Ljava/lang/Object;[Ljava/lang/Object;Ljava/lang/Object;II)[Ljava/lang/Object; 512 0 19044 0 1344
ciMethod org/eclipse/jdt/internal/compiler/util/SortedCharArrays compareCharArray ([C[C)I 516 0 62689 0 392
ciMethod org/eclipse/jdt/internal/compiler/util/SortedCharArrays compareCharCharArray ([[C[[C)I 4098 0 18956 0 552
ciMethod  @bci org/eclipse/jdt/internal/compiler/util/SortedCharArrays <clinit> ()V 0 <appendix> argL0 ; compare (Ljava/lang/Object;Ljava/lang/Object;)I 516 0 41188 0 472
ciMethod  @bci org/eclipse/jdt/internal/compiler/util/SortedCharArrays <clinit> ()V 8 <appendix> argL0 ; compare (Ljava/lang/Object;Ljava/lang/Object;)I 4098 0 18956 0 632
ciMethod org/eclipse/jdt/internal/compiler/util/HashtableOfType get ([C)Lorg/eclipse/jdt/internal/compiler/lookup/ReferenceBinding; 4126 2608 15200 0 -1
ciMethodData org/eclipse/jdt/internal/compiler/lookup/PackageBinding getType0 ([C)Lorg/eclipse/jdt/internal/compiler/lookup/ReferenceBinding; 2 38287 orig 80 0 0 0 0 0 0 0 0 0 0 0 0 210 1 0 0 0 0 0 0 0 0 0 0 0 0 0 0 0 0 0 0 0 0 0 0 0 0 0 0 0 0 0 0 0 0 0 0 0 0 0 0 0 0 0 0 0 0 0 0 0 0 0 0 0 0 0 0 0 0 0 0 0 0 0 0 0 0 0 0 data 21 0x40007 0x4b67 0x20 0x4a28 0xe0005 0x4b67 0x0 0x0 0x0 0x0 0x0 0x0 0x0 0x0 0x0 0x0 0x0 0x9 0x2 0x0 0xffffffffffffffff oops 0 methods 0
ciMethodData org/eclipse/jdt/internal/compiler/util/HashtableOfType get ([C)Lorg/eclipse/jdt/internal/compiler/lookup/ReferenceBinding; 2 13137 orig 80 0 0 0 0 0 0 0 0 0 0 0 0 210 1 0 0 0 0 0 0 0 0 0 0 0 0 0 0 0 0 0 0 0 0 0 0 0 0 0 0 0 0 0 0 0 0 0 0 0 0 0 0 0 0 0 0 0 0 0 0 0 0 0 0 0 0 0 0 0 0 0 0 0 0 0 0 0 0 0 0 data 33 0x70002 0x3351 0x110003 0x3351 0x88 0x190007 0x1312 0x50 0x1b5b 0x1f0002 0x1b5b 0x220007 0x3f 0x20 0x1b1c 0x310007 0x1345 0x20 0xc 0x3f0007 0x2e6d 0xffffffffffffff90 0x1835 0x0 0x0 0x0 0x0 0x0 0x0 0x9 0x2 0x0 0xffffffffffffffff oops 0 methods 0
ciMethodData org/eclipse/jdt/internal/compiler/lookup/Binding isValidBinding ()Z 2 15710 orig 80 0 0 0 0 0 0 0 0 0 0 0 0 210 1 0 0 0 0 0 0 0 0 0 0 0 0 0 0 0 0 0 0 0 0 0 0 0 0 0 0 0 0 0 0 0 0 0 0 0 0 0 0 0 0 0 0 0 0 0 0 0 0 0 0 0 0 0 0 0 0 0 0 0 0 0 0 0 0 0 0 data 20 0x10005 0x26ee 0x0 0x1d2f7098b40 0x15c4 0x1d2f70989e0 0xac 0x40007 0x8a8 0x20 0x34b6 0x0 0x0 0x0 0x0 0x0 0x0 0x9 0x1 0xffffffffffffffff oops 2 3 org/eclipse/jdt/internal/compiler/lookup/PlainPackageBinding 5 org/eclipse/jdt/internal/compiler/lookup/SplitPackageBinding methods 0
ciMethodData org/eclipse/jdt/internal/compiler/util/SortedCharArrays insertIntoArray ([Ljava/lang/Object;[Ljava/lang/Object;Ljava/lang/Object;II)[Ljava/lang/Object; 2 18788 orig 80 1 0 0 0 0 0 0 0 0 0 0 0 210 1 0 0 0 0 0 0 0 4 0 0 0 0 0 0 0 0 0 0 0 0 0 0 0 0 0 0 0 0 0 0 0 0 0 0 0 0 0 0 0 0 0 0 0 0 0 0 0 0 0 0 0 0 0 0 0 0 0 0 0 0 0 0 0 0 0 0 data 37 0x20007 0x4733 0x58 0x231 0xa0002 0x231 0x170002 0x231 0x1a0003 0x231 0x48 0x200007 0x160d 0x30 0x3126 0x2d0002 0x3126 0x8000000500330004 0x0 0x0 0x1d2ead858c0 0x2dfc 0x1d2f5c24d80 0x1b6c 0x0 0x0 0x0 0x0 0x0 0x0 0x9 0x5 0x0 0x0 0x0 0x0 0x0 oops 2 20 [C 22 [[C methods 0
ciMethodData org/eclipse/jdt/internal/compiler/lookup/SortedSimpleNameVector add ([C)Z 2 20944 orig 80 0 0 0 0 0 0 0 0 0 0 0 0 210 1 0 0 0 0 0 0 0 0 0 0 0 0 0 0 0 0 0 0 0 0 0 0 0 0 0 0 0 0 0 0 0 0 0 0 0 0 0 0 0 0 0 0 0 0 0 0 0 0 0 0 0 0 0 0 0 0 0 0 0 0 0 0 0 0 0 0 data 33 0xd0002 0x51d0 0x120007 0x2424 0xa0 0x2dac 0x230007 0x182 0x38 0x2c2a 0x2a0003 0x2c2a 0x18 0x470002 0x2dac 0x4a0004 0x0 0x0 0x1d2f5c24d80 0x2dac 0x0 0x0 0x0 0x0 0x0 0x0 0x0 0x0 0x0 0x9 0x2 0x6 0xffffffffffffffff oops 1 18 [[C methods 0
ciMethodData  @bci org/eclipse/jdt/internal/compiler/util/SortedCharArrays <clinit> ()V 0 <appendix> argL0 ; compare (Ljava/lang/Object;Ljava/lang/Object;)I 2 40930 orig 80 0 0 0 0 0 0 0 0 0 0 0 0 210 1 0 0 0 0 0 0 0 0 0 0 0 0 0 0 0 0 0 0 0 0 0 0 0 0 0 0 0 0 0 0 0 0 0 0 0 0 0 0 0 0 0 0 0 0 0 0 0 0 0 0 0 0 0 0 0 0 0 0 0 0 0 0 0 0 0 0 data 27 0x10004 0x0 0x0 0x1d2ead858c0 0x9fe2 0x0 0x0 0x50004 0x0 0x0 0x1d2ead858c0 0x9fe2 0x0 0x0 0x80002 0x9fe2 0x0 0x0 0x0 0x0 0x0 0x0 0x9 0x3 0x0 0x0 0x0 oops 2 3 [C 10 [C methods 0
ciMethodData org/eclipse/jdt/internal/compiler/util/SortedCharArrays compareCharArray ([C[C)I 2 62431 orig 80 0 0 0 0 0 0 0 0 0 0 0 0 210 1 0 0 0 0 0 0 0 0 0 0 0 0 0 0 0 0 0 0 0 0 0 0 0 0 0 0 0 0 0 0 0 0 0 0 0 0 0 0 0 0 0 0 0 0 0 0 0 0 0 0 0 0 0 0 0 0 0 0 0 0 0 0 0 0 0 0 data 29 0x20007 0xcc7f 0x20 0x2760 0x100007 0x8c36 0x78 0x4049 0x160003 0x4049 0x18 0x1f0007 0x3004 0x40 0x10cc7 0x2d0007 0xfc82 0xffffffffffffffe0 0x1045 0x0 0x0 0x0 0x0 0x0 0x0 0x9 0x2 0x0 0x0 oops 0 methods 0
ciMethodData org/eclipse/jdt/internal/compiler/lookup/CompilationUnitScope recordSimpleReference ([C)V 2 14915 orig 80 0 0 0 0 0 0 0 0 0 0 0 0 210 1 0 0 0 0 0 0 0 0 0 0 0 0 0 0 0 0 0 0 0 0 0 0 0 0 0 0 0 0 0 0 0 0 0 0 0 0 0 0 0 0 0 0 0 0 0 0 0 0 0 0 0 0 0 0 0 0 0 0 0 0 0 0 0 0 0 0 data 21 0x40007 0x3a43 0x20 0x0 0xd0005 0x3a43 0x0 0x0 0x0 0x0 0x0 0x0 0x0 0x0 0x0 0x0 0x0 0x9 0x2 0x0 0xffffffffffffffff oops 0 methods 0
ciMethodData org/eclipse/jdt/internal/compiler/lookup/Scope environment ()Lorg/eclipse/jdt/internal/compiler/lookup/LookupEnvironment; 2 19931 orig 80 0 0 0 0 0 0 0 0 0 0 0 0 210 1 0 0 0 0 0 0 0 0 0 0 0 0 0 0 0 0 0 0 0 0 0 0 0 0 0 0 0 0 0 0 0 0 0 0 0 0 0 0 0 0 0 0 0 0 0 0 0 0 0 0 0 0 0 0 0 0 0 0 0 0 0 0 0 0 0 0 data 7 0x0 0x0 0x0 0x0 0x9 0x1 0x0 oops 0 methods 0
ciMethodData org/eclipse/jdt/internal/compiler/lookup/Scope compilerOptions ()Lorg/eclipse/jdt/internal/compiler/impl/CompilerOptions; 2 22726 orig 80 0 0 0 0 0 0 0 0 0 0 0 0 210 1 0 0 0 0 0 0 0 0 0 0 0 0 0 0 0 0 0 0 0 0 0 0 0 0 0 0 0 0 0 0 0 0 0 0 0 0 0 0 0 0 0 0 0 0 0 0 0 0 0 0 0 0 0 0 0 0 0 0 0 0 0 0 0 0 0 0 data 16 0x10005 0x58c6 0x0 0x0 0x0 0x0 0x0 0x0 0x0 0x0 0x0 0x0 0x0 0x9 0x1 0x0 oops 0 methods 0
ciMethodData org/eclipse/jdt/internal/compiler/lookup/SortedCompoundNameVector add ([[C)Z 2 12577 orig 80 0 0 0 0 0 0 0 0 0 0 0 0 210 1 0 0 0 0 0 0 0 0 0 0 0 0 0 0 0 0 0 0 0 0 0 0 0 0 0 0 0 0 0 0 0 0 0 0 0 0 0 0 0 0 0 0 0 0 0 0 0 0 0 0 0 0 0 0 0 0 0 0 0 0 0 0 0 0 0 0 data 33 0xd0002 0x3121 0x120007 0x198c 0xa0 0x1795 0x230007 0xf4 0x38 0x16a1 0x2a0003 0x16a1 0x18 0x470002 0x1795 0x4a0004 0x0 0x0 0x1d2f8479040 0x1795 0x0 0x0 0x0 0x0 0x0 0x0 0x0 0x0 0x0 0x9 0x2 0x6 0xffffffffffffffff oops 1 18 [[[C methods 0
ciMethodData org/eclipse/jdt/internal/compiler/lookup/SourceTypeBinding isPrototype ()Z 2 49366 orig 80 0 0 0 0 0 0 0 0 0 0 0 0 210 1 0 0 0 0 0 0 0 0 0 0 0 0 0 0 0 0 0 0 0 0 0 0 0 0 0 0 0 0 0 0 0 0 0 0 0 0 0 0 0 0 0 0 0 0 0 0 0 0 0 0 0 0 0 0 0 0 0 0 0 0 0 0 0 0 0 0 data 13 0x50007 0x0 0x20 0xc0d6 0x0 0x0 0x0 0x0 0x0 0x0 0x9 0x1 0x0 oops 0 methods 0
ciMethodData  @bci org/eclipse/jdt/internal/compiler/util/SortedCharArrays <clinit> ()V 8 <appendix> argL0 ; compare (Ljava/lang/Object;Ljava/lang/Object;)I 2 16907 orig 80 0 0 0 0 0 0 0 0 0 0 0 0 210 1 0 0 0 0 0 0 0 0 0 0 0 0 0 0 0 0 0 0 0 0 0 0 0 0 0 0 0 0 0 0 0 0 0 0 0 0 0 0 0 0 0 0 0 0 0 0 0 0 0 0 0 0 0 0 0 0 0 0 0 0 0 0 0 0 0 0 data 27 0x10004 0x0 0x0 0x1d2f5c24d80 0x420b 0x0 0x0 0x50004 0x0 0x0 0x1d2f5c24d80 0x420b 0x0 0x0 0x80002 0x420b 0x0 0x0 0x0 0x0 0x0 0x0 0x9 0x3 0x0 0x0 0x0 oops 2 3 [[C 10 [[C methods 0
ciMethodData org/eclipse/jdt/internal/compiler/util/SortedCharArrays compareCharCharArray ([[C[[C)I 2 16907 orig 80 0 0 0 0 0 0 0 0 0 0 0 0 210 1 0 0 0 0 0 0 0 0 0 0 0 0 0 0 0 0 0 0 0 0 0 0 0 0 0 0 0 0 0 0 0 0 0 0 0 0 0 0 0 0 0 0 0 0 0 0 0 0 0 0 0 0 0 0 0 0 0 0 0 0 0 0 0 0 0 0 data 31 0x20007 0x3d0b 0x20 0x500 0x100007 0x206f 0x88 0x1c9c 0x160003 0x1c9c 0x18 0x1f0007 0x6bb 0x50 0x53fd 0x2a0002 0x53fd 0x2f0007 0x3e1c 0xffffffffffffffd0 0x15e1 0x0 0x0 0x0 0x0 0x0 0x0 0x9 0x2 0x0 0x0 oops 0 methods 0
ciMethodData org/eclipse/jdt/internal/compiler/lookup/TypeBinding <init> ()V 2 3023 orig 80 0 0 0 0 0 0 0 0 0 0 0 0 210 1 0 0 0 0 0 0 0 0 0 0 0 0 0 0 0 0 0 0 0 0 0 0 0 0 0 0 0 0 0 0 0 0 0 0 0 0 0 0 0 0 0 0 0 0 0 0 0 0 0 0 0 0 0 0 0 0 0 0 0 0 0 0 0 0 0 0 data 9 0x10002 0xbcf 0x0 0x0 0x0 0x0 0x9 0x1 0x1e oops 0 methods 0
ciMethodData org/eclipse/jdt/internal/compiler/lookup/ReferenceBinding isStatic ()Z 2 12403 orig 80 0 0 0 0 0 0 0 0 0 0 0 0 210 1 0 0 0 0 0 0 0 0 0 0 0 0 0 0 0 0 0 0 0 0 0 0 0 0 0 0 0 0 0 0 0 0 0 0 0 0 0 0 0 0 0 0 0 0 0 0 0 0 0 0 0 0 0 0 0 0 0 0 0 0 0 0 0 0 0 0 data 15 0x80007 0xcfd 0x40 0x2376 0x150007 0x20c5 0x20 0x2b1 0x0 0x0 0x0 0x0 0x9 0x1 0x0 oops 0 methods 0
ciMethodData org/eclipse/jdt/internal/compiler/lookup/TypeBinding isAnonymousType ()Z 2 4355 orig 80 0 0 0 0 0 0 0 0 0 0 0 0 210 1 0 0 0 0 0 0 0 0 0 0 0 0 0 0 0 0 0 0 0 0 0 0 0 0 0 0 0 0 0 0 0 0 0 0 0 0 0 0 0 0 0 0 0 0 0 0 0 0 0 0 0 0 0 0 0 0 0 0 0 0 0 0 0 0 0 0 data 11 0xa0007 0x10ee 0x20 0x15 0x0 0x0 0x0 0x0 0x9 0x1 0x0 oops 0 methods 0
ciMethodData org/eclipse/jdt/internal/compiler/lookup/ReferenceBinding <init> ()V 2 4211 orig 80 0 0 0 0 0 0 0 0 0 0 0 0 210 1 0 0 0 0 0 0 0 0 0 0 0 0 0 0 0 0 0 0 0 0 0 0 0 0 0 0 0 0 0 0 0 0 0 0 0 0 0 0 0 0 0 0 0 0 0 0 0 0 0 0 0 0 0 0 0 0 0 0 0 0 0 0 0 0 0 0 data 7 0x10002 0x1073 0x0 0x0 0x9 0x1 0x1e oops 0 methods 0
ciMethodData org/eclipse/jdt/internal/compiler/lookup/CompilationUnitScope recordQualifiedReference ([[C)V 2 13926 orig 80 0 0 0 0 0 0 0 0 0 0 0 0 210 1 0 0 0 0 0 0 0 0 0 0 0 0 0 0 0 0 0 0 0 0 0 0 0 0 0 0 0 0 0 0 0 0 0 0 0 0 0 0 0 0 0 0 0 0 0 0 0 0 0 0 0 0 0 0 0 0 0 0 0 0 0 0 0 0 0 0 data 87 0x40007 0x3666 0x20 0x0 0xd0007 0x393 0x1b8 0x32d3 0x140005 0x0 0x0 0x1d2f7098880 0x32d3 0x0 0x0 0x170003 0x32d3 0xf0 0x1c0007 0x162e 0x90 0x7d3 0x230005 0x0 0x0 0x1d2f7098880 0x7d3 0x0 0x0 0x2a0005 0x0 0x0 0x1d2f7098880 0x7d3 0x0 0x0 0x350005 0x0 0x0 0x1d2f7098880 0x162e 0x0 0x0 0x420002 0x162e 0x4a0005 0x4901 0x0 0x0 0x0 0x0 0x0 0x4d0007 0x1e01 0xfffffffffffffef0 0x2b00 0x500003 0x2b00 0xa8 0x550007 0x0 0x90 0x393 0x5c0005 0x0 0x0 0x1d2f7098880 0x393 0x0 0x0 0x630005 0x0 0x0 0x1d2f7098880 0x393 0x0 0x0 0x0 0x0 0x0 0x0 0x0 0x0 0x9 0x2 0x0 0x0 oops 6 11 org/eclipse/jdt/internal/compiler/lookup/CompilationUnitScope 25 org/eclipse/jdt/internal/compiler/lookup/CompilationUnitScope 32 org/eclipse/jdt/internal/compiler/lookup/CompilationUnitScope 39 org/eclipse/jdt/internal/compiler/lookup/CompilationUnitScope 66 org/eclipse/jdt/internal/compiler/lookup/CompilationUnitScope 73 org/eclipse/jdt/internal/compiler/lookup/CompilationUnitScope methods 0
ciMethodData org/eclipse/jdt/internal/compiler/lookup/CompilationUnitScope recordRootReference ([C)V 2 13926 orig 80 0 0 0 0 0 0 0 0 0 0 0 0 210 1 0 0 0 0 0 0 0 0 0 0 0 0 0 0 0 0 0 0 0 0 0 0 0 0 0 0 0 0 0 0 0 0 0 0 0 0 0 0 0 0 0 0 0 0 0 0 0 0 0 0 0 0 0 0 0 0 0 0 0 0 0 0 0 0 0 0 data 21 0x40007 0x3666 0x20 0x0 0xd0005 0x3666 0x0 0x0 0x0 0x0 0x0 0x0 0x0 0x0 0x0 0x0 0x0 0x9 0x2 0x0 0xffffffffffffffff oops 0 methods 0
ciMethodData org/eclipse/jdt/internal/compiler/lookup/LookupEnvironment getTopLevelPackage ([C)Lorg/eclipse/jdt/internal/compiler/lookup/PackageBinding; 2 5058 orig 80 0 0 0 0 0 0 0 0 0 0 0 0 210 1 0 0 0 0 0 0 0 0 0 0 0 0 0 0 0 0 0 0 0 0 0 0 0 0 0 0 0 0 0 0 0 0 0 0 0 0 0 0 0 0 0 0 0 0 0 0 0 0 0 0 0 0 0 0 0 0 0 0 0 0 0 0 0 0 0 0 data 68 0x40007 0x0 0x58 0x13c2 0xc0005 0x0 0x0 0x1d2eadb1488 0x13c2 0x0 0x0 0x120005 0x0 0x0 0x0 0x0 0x0 0x0 0x170007 0x0 0x40 0x0 0x1e0007 0x0 0x20 0x0 0x2b0005 0x0 0x0 0x0 0x0 0x0 0x0 0x300007 0x0 0x90 0x0 0x3d0005 0x0 0x0 0x0 0x0 0x0 0x0 0x420005 0x0 0x0 0x0 0x0 0x0 0x0 0x500005 0x0 0x0 0x0 0x0 0x0 0x0 0x0 0x0 0x0 0x0 0x0 0x0 0x9 0x2 0x0 0x0 oops 1 7 org/eclipse/jdt/internal/compiler/lookup/ModuleBinding$UnNamedModule methods 0
ciMethodData org/eclipse/jdt/internal/compiler/lookup/CompilationUnitScope findImport ([[CI)Lorg/eclipse/jdt/internal/compiler/lookup/Binding; 2 1549 orig 80 0 0 0 0 0 0 0 0 0 0 0 0 210 1 0 0 0 0 0 0 0 0 0 0 0 0 0 0 0 0 0 0 0 0 0 0 0 0 0 0 0 0 0 0 0 0 0 0 0 0 0 0 0 0 0 0 0 0 0 0 0 0 0 0 0 0 0 0 0 0 0 0 0 0 0 0 0 0 0 0 data 367 0x20005 0x0 0x0 0x1d2f7098880 0x60d 0x0 0x0 0x60005 0x0 0x0 0x1d2f7098880 0x60d 0x0 0x0 0x110005 0x0 0x0 0x1d2f7098ca0 0x60d 0x0 0x0 0x1b0007 0x13e 0x5b0 0x4cf 0x200004 0x0 0x0 0x1d2f70989e0 0xd5 0x0 0x0 0x250003 0x4cf 0x478 0x350007 0x484 0x38 0xbed 0x390003 0xbed 0x18 0x3d0005 0x0 0x0 0x1d2f70989e0 0x533 0x1d2f7098b40 0xb3e 0x440104 0xfffffffffffff2a7 0x0 0x1d2f7098b40 0x26d 0x1d2f7098720 0x230 0x470007 0xdd6 0xe8 0x29b 0x4c0005 0x0 0x0 0x1d2f7098720 0x230 0x1d2f7098a90 0x6b 0x510007 0x29b 0x90 0x0 0x5a0004 0x0 0x0 0x0 0x0 0x0 0x0 0x5e0005 0x0 0x0 0x0 0x0 0x0 0x0 0x640007 0xff4 0x38 0x7d 0x670003 0x7d 0x390 0x6c0005 0xff4 0x0 0x0 0x0 0x0 0x0 0x6f0007 0xff4 0xe8 0x0 0x740005 0x0 0x0 0x0 0x0 0x0 0x0 0x780007 0x0 0x78 0x0 0x7d0004 0x0 0x0 0x0 0x0 0x0 0x0 0x800007 0x0 0x20 0x0 0x890003 0x0 0x270 0x8e0004 0xfffffffffffffd65 0x0 0x1d2f7098b40 0xcf5 0x1d2f7098720 0x92 0x910007 0xd59 0x108 0x29b 0x980005 0x0 0x0 0x1d2f7098b40 0x24e 0x1d2f70989e0 0x4d 0x9f0004 0xfffffffffffffd65 0x0 0x1d2f7098b40 0xa0 0x0 0x0 0xa20007 0x29b 0x190 0x0 0xa60005 0x0 0x0 0x0 0x0 0x0 0x0 0xac0007 0x0 0x138 0x0 0xb40004 0x0 0x0 0x1d2f7098b40 0xcf5 0x1d2f70989e0 0x64 0xbc0007 0x1071 0xfffffffffffffba0 0x1b7 0xc10005 0x1b7 0x0 0x0 0x0 0x0 0x0 0xc40007 0x0 0x88 0x1b7 0xca0005 0x0 0x0 0x1d2eadb1488 0x1b7 0x0 0x0 0xcd0007 0x1b7 0x30 0x0 0xdb0002 0x0 0xe40007 0x29b 0x248 0x1bb 0xe80005 0x0 0x0 0x1d2eadb1488 0x1bb 0x0 0x0 0xeb0007 0x1bb 0x78 0x0 0xf40005 0x0 0x0 0x0 0x0 0x0 0x0 0xfb0007 0x0 0x20 0x0 0x1020005 0x1bb 0x0 0x0 0x0 0x0 0x0 0x10c0007 0x0 0x58 0x1bb 0x1140005 0x0 0x0 0x1d2f7098880 0x1bb 0x0 0x0 0x12a0005 0x0 0x0 0x0 0x0 0x0 0x0 0x1310007 0x0 0x78 0x0 0x1360005 0x0 0x0 0x0 0x0 0x0 0x0 0x1390007 0x0 0x40 0x0 0x1440002 0x0 0x1490002 0x0 0x1500003 0x0 0x1c8 0x1550004 0x0 0x0 0x1d2f7098720 0x230 0x1d2f7098a90 0x6b 0x15a0003 0x29b 0x178 0x1640005 0x0 0x0 0x1d2f7098ca0 0x4 0x0 0x0 0x1670004 0x0 0x0 0x1d2f7098720 0x4 0x0 0x0 0x1720005 0x0 0x0 0x1d2f7098720 0x4 0x0 0x0 0x1750007 0x4 0x40 0x0 0x1800002 0x0 0x1860002 0x0 0x1970005 0x0 0x0 0x1d2f7098720 0x4 0x0 0x0 0x19e0007 0x4 0x40 0x0 0x1a90002 0x0 0x1ae0002 0x0 0x1b50007 0x4 0xfffffffffffffea0 0x29b 0x1be0005 0x4 0x0 0x1d2f7098720 0x22c 0x1d2f7098a90 0x6b 0x1c10007 0x29b 0x30 0x0 0x1cc0002 0x0 0x0 0x0 0x0 0x0 0x0 0x0 0x0 0x0 0x0 0x0 0x0 0x0 0x0 0x0 0x0 0x9 0x3 0x0 0x0 0x0 oops 28 3 org/eclipse/jdt/internal/compiler/lookup/CompilationUnitScope 10 org/eclipse/jdt/internal/compiler/lookup/CompilationUnitScope 17 org/eclipse/jdt/internal/compiler/lookup/LookupEnvironment 28 org/eclipse/jdt/internal/compiler/lookup/SplitPackageBinding 45 org/eclipse/jdt/internal/compiler/lookup/SplitPackageBinding 47 org/eclipse/jdt/internal/compiler/lookup/PlainPackageBinding 52 org/eclipse/jdt/internal/compiler/lookup/PlainPackageBinding 54 org/eclipse/jdt/internal/compiler/lookup/SourceTypeBinding 63 org/eclipse/jdt/internal/compiler/lookup/SourceTypeBinding 65 org/eclipse/jdt/internal/compiler/lookup/BinaryTypeBinding 131 org/eclipse/jdt/internal/compiler/lookup/PlainPackageBinding 133 org/eclipse/jdt/internal/compiler/lookup/SourceTypeBinding 142 org/eclipse/jdt/internal/compiler/lookup/PlainPackageBinding 144 org/eclipse/jdt/internal/compiler/lookup/SplitPackageBinding 149 org/eclipse/jdt/internal/compiler/lookup/PlainPackageBinding 171 org/eclipse/jdt/internal/compiler/lookup/PlainPackageBinding 173 org/eclipse/jdt/internal/compiler/lookup/SplitPackageBinding 193 org/eclipse/jdt/internal/compiler/lookup/ModuleBinding$UnNamedModule 210 org/eclipse/jdt/internal/compiler/lookup/ModuleBinding$UnNamedModule 243 org/eclipse/jdt/internal/compiler/lookup/CompilationUnitScope 279 org/eclipse/jdt/internal/compiler/lookup/SourceTypeBinding 281 org/eclipse/jdt/internal/compiler/lookup/BinaryTypeBinding 289 org/eclipse/jdt/internal/compiler/lookup/LookupEnvironment 296 org/eclipse/jdt/internal/compiler/lookup/SourceTypeBinding 303 org/eclipse/jdt/internal/compiler/lookup/SourceTypeBinding 318 org/eclipse/jdt/internal/compiler/lookup/SourceTypeBinding 337 org/eclipse/jdt/internal/compiler/lookup/SourceTypeBinding 339 org/eclipse/jdt/internal/compiler/lookup/BinaryTypeBinding methods 0
ciMethodData org/eclipse/jdt/internal/compiler/lookup/ImportBinding isStatic ()Z 2 88070 orig 80 0 0 0 0 0 0 0 0 0 0 0 0 210 1 0 0 0 0 0 0 0 0 0 0 0 0 0 0 0 0 0 0 0 0 0 0 0 0 0 0 0 0 0 0 0 0 0 0 0 0 0 0 0 0 0 0 0 0 0 0 0 0 0 0 0 0 0 0 0 0 0 0 0 0 0 0 0 0 0 0 data 24 0x40007 0x335 0x78 0x154d1 0xb0005 0x0 0x0 0x1d2f1126770 0x154d1 0x0 0x0 0xe0007 0x14900 0x20 0xbd1 0x0 0x0 0x0 0x0 0x0 0x0 0x9 0x1 0x0 oops 1 7 org/eclipse/jdt/internal/compiler/ast/ImportReference methods 0
ciMethodData org/eclipse/jdt/internal/compiler/lookup/PackageBinding getTypeOrPackage ([CLorg/eclipse/jdt/internal/compiler/lookup/ModuleBinding;Z)Lorg/eclipse/jdt/internal/compiler/lookup/Binding; 2 12477 orig 80 0 0 0 0 0 0 0 0 0 0 0 0 210 1 0 0 0 0 0 0 0 0 0 0 0 0 0 0 0 0 0 0 0 0 0 0 0 0 0 0 0 0 0 0 0 0 0 0 0 0 0 0 0 0 0 0 0 0 0 0 0 0 0 0 0 0 0 0 0 0 0 0 0 0 0 0 0 0 0 0 data 275 0x50005 0x0 0x0 0x1d2f70989e0 0xe5d 0x1d2f7098b40 0x2260 0xc0007 0x23d5 0x358 0xce8 0x140007 0x408 0x338 0x8e0 0x1e0002 0x8e0 0x210004 0x0 0x0 0x1d2f7098720 0x6a2 0x1d2f7098bf0 0x177 0x280005 0x8e0 0x0 0x0 0x0 0x0 0x0 0x2b0007 0x8e0 0x68 0x0 0x390004 0x0 0x0 0x0 0x0 0x0 0x0 0x3d0002 0x0 0x420004 0xfffffffffffff720 0x0 0x1d2f7098b40 0x81 0x0 0x0 0x450007 0x8e0 0xa8 0x0 0x4a0005 0x0 0x0 0x0 0x0 0x0 0x0 0x4e0007 0x0 0x38 0x0 0x520003 0x0 0x68 0x560003 0x0 0x50 0x5e0007 0xc7 0x38 0x819 0x620003 0x819 0x18 0x6a0007 0x819 0xf8 0xc7 0x6f0005 0xc7 0x0 0x0 0x0 0x0 0x0 0x720007 0x0 0xa0 0xc7 0x7b0005 0x0 0x0 0x1d2eadb1488 0xc7 0x0 0x0 0x7e0007 0xc7 0x48 0x0 0x8e0002 0x0 0x930003 0x0 0x38 0xa10007 0x177 0x20 0x769 0xa90005 0x0 0x0 0x1d2f70989e0 0xe5d 0x1d2f7098b40 0x1af7 0xb00007 0x41f 0x98 0x2535 0xb80007 0x24e 0x78 0x22e7 0xbc0007 0x1e93 0x58 0x454 0xc30005 0x0 0x0 0x1d2f7098b40 0x3c3 0x1d2f70989e0 0x91 0xcc0007 0x2bd 0x248 0x3b0 0xd10007 0x0 0x228 0x3b0 0xdb0005 0x0 0x0 0x1d2f7098ca0 0x3b0 0x0 0x0 0xe10007 0x2c7 0x198 0xe9 0xe60005 0xe9 0x0 0x0 0x0 0x0 0x0 0xe90007 0xe9 0x68 0x0 0xf70004 0x0 0x0 0x0 0x0 0x0 0x0 0xfb0002 0x0 0x1010005 0xe9 0x0 0x0 0x0 0x0 0x0 0x1040007 0x0 0xa0 0xe9 0x10d0005 0x0 0x0 0x1d2eadb1488 0xe9 0x0 0x0 0x1100007 0xe9 0x48 0x0 0x1200002 0x0 0x1250003 0x0 0x50 0x12d0005 0x2c7 0x0 0x0 0x0 0x0 0x0 0x1320007 0x24e 0x168 0x336 0x1380005 0x0 0x0 0x1d2f7098b40 0x315 0x1d2f70989e0 0x21 0x13e0007 0x329 0x78 0xd 0x1420007 0xd 0x58 0x0 0x1490005 0x0 0x0 0x0 0x0 0x0 0x0 0x1520007 0x2ba 0x60 0x6f 0x15a0007 0x0 0x40 0x6f 0x15f0007 0x6f 0x20 0x0 0x16a0005 0x0 0x0 0x1d2f7098b40 0x2a6 0x1d2f70989e0 0x14 0x0 0x0 0x0 0x0 0x0 0x0 0x0 0x0 0x0 0x0 0x0 0x9 0x4 0x0 0x0 0x0 0x0 oops 16 3 org/eclipse/jdt/internal/compiler/lookup/SplitPackageBinding 5 org/eclipse/jdt/internal/compiler/lookup/PlainPackageBinding 20 org/eclipse/jdt/internal/compiler/lookup/SourceTypeBinding 22 org/eclipse/jdt/internal/compiler/lookup/MissingTypeBinding 47 org/eclipse/jdt/internal/compiler/lookup/PlainPackageBinding 97 org/eclipse/jdt/internal/compiler/lookup/ModuleBinding$UnNamedModule 117 org/eclipse/jdt/internal/compiler/lookup/SplitPackageBinding 119 org/eclipse/jdt/internal/compiler/lookup/PlainPackageBinding 136 org/eclipse/jdt/internal/compiler/lookup/PlainPackageBinding 138 org/eclipse/jdt/internal/compiler/lookup/SplitPackageBinding 151 org/eclipse/jdt/internal/compiler/lookup/LookupEnvironment 193 org/eclipse/jdt/internal/compiler/lookup/ModuleBinding$UnNamedModule 220 org/eclipse/jdt/internal/compiler/lookup/PlainPackageBinding 222 org/eclipse/jdt/internal/compiler/lookup/SplitPackageBinding 254 org/eclipse/jdt/internal/compiler/lookup/PlainPackageBinding 256 org/eclipse/jdt/internal/compiler/lookup/SplitPackageBinding methods 0
ciMethodData org/eclipse/jdt/internal/compiler/lookup/LookupEnvironment createMissingType (Lorg/eclipse/jdt/internal/compiler/lookup/PackageBinding;[[C)Lorg/eclipse/jdt/internal/compiler/lookup/MissingTypeBinding; 1 262 orig 80 0 0 0 0 0 0 0 0 0 0 0 0 210 1 0 0 0 0 0 0 0 0 0 0 0 0 0 0 0 0 0 0 0 0 0 0 0 0 0 0 0 0 0 0 0 0 0 0 0 0 0 0 0 0 0 0 0 0 0 0 0 0 0 0 0 0 0 0 0 0 0 0 0 0 0 0 0 0 0 0 data 84 0x10007 0xf1 0x78 0x15 0x70005 0x15 0x0 0x0 0x0 0x0 0x0 0xf0007 0x15 0x20 0x0 0x1e0002 0x106 0x270007 0x0 0x120 0x106 0x2f0005 0x0 0x0 0x1d2f7098ca0 0x106 0x0 0x0 0x320005 0x0 0x0 0x1d2f7098ca0 0x106 0x0 0x0 0x390007 0x106 0x58 0x0 0x410005 0x0 0x0 0x0 0x0 0x0 0x0 0x490005 0x0 0x0 0x1d2f7098bf0 0x106 0x0 0x0 0x4e0005 0x0 0x0 0x1d2f7098b40 0x106 0x0 0x0 0x550007 0x105 0x30 0x1 0x5e0002 0x1 0x690005 0x0 0x0 0x1d2ead73ae8 0x106 0x0 0x0 0x0 0x0 0x0 0x0 0x0 0x0 0x9 0x3 0xc000 0x0 0x0 oops 5 24 org/eclipse/jdt/internal/compiler/lookup/LookupEnvironment 31 org/eclipse/jdt/internal/compiler/lookup/LookupEnvironment 49 org/eclipse/jdt/internal/compiler/lookup/MissingTypeBinding 56 org/eclipse/jdt/internal/compiler/lookup/PlainPackageBinding 69 java/util/ArrayList methods 0
ciMethodData org/eclipse/jdt/internal/compiler/lookup/ImportBinding getSimpleName ()[C 2 22497 orig 80 0 0 0 0 0 0 0 0 0 0 0 0 210 1 0 0 0 0 0 0 0 0 0 0 0 0 0 0 0 0 0 0 0 0 0 0 0 0 0 0 0 0 0 0 0 0 0 0 0 0 0 0 0 0 0 0 0 0 0 0 0 0 0 0 0 0 0 0 0 0 0 0 0 0 0 0 0 0 0 0 data 20 0x40007 0x0 0x58 0x57e1 0xb0005 0x0 0x0 0x1d2f1126770 0x57e1 0x0 0x0 0x0 0x0 0x0 0x0 0x0 0x0 0x9 0x1 0x0 oops 1 7 org/eclipse/jdt/internal/compiler/ast/ImportReference methods 0
ciMethodData org/eclipse/jdt/internal/compiler/ast/ImportReference getSimpleName ()[C 2 23630 orig 80 0 0 0 0 0 0 0 0 0 0 0 0 210 1 0 0 0 0 0 0 0 0 0 0 0 0 0 0 0 0 0 0 0 0 0 0 0 0 0 0 0 0 0 0 0 0 0 0 0 0 0 0 0 0 0 0 0 0 0 0 0 0 0 0 0 0 0 0 0 0 0 0 0 0 0 0 0 0 0 0 data 7 0x0 0x0 0x0 0x0 0x9 0x1 0x0 oops 0 methods 0
ciMethodData org/eclipse/jdt/internal/compiler/lookup/TypeBinding equalsEquals (Lorg/eclipse/jdt/internal/compiler/lookup/TypeBinding;Lorg/eclipse/jdt/internal/compiler/lookup/TypeBinding;)Z 2 23218 orig 80 1 0 0 0 0 0 0 0 0 0 0 0 210 1 0 0 0 0 0 0 0 0 0 0 0 0 0 0 0 0 0 0 0 0 0 0 0 0 0 1 0 0 0 0 0 0 0 0 0 0 0 0 0 0 0 0 0 0 0 0 0 0 0 0 0 0 0 0 0 0 0 0 0 0 0 0 0 0 0 0 data 70 0x20007 0x42ba 0x20 0x17f8 0x80007 0x6d 0x40 0x424d 0xc0007 0x4242 0x20 0xb 0x170007 0x1c7f 0x40 0x25c3 0x220007 0x25c3 0x20 0x0 0x280004 0xffffffffffffbde3 0x0 0x1d2f7098720 0x19 0x1d2f70987d0 0x8 0x80000006002b0007 0x421d 0x108 0x26 0x2f0004 0xffffffffffffffda 0x0 0x1d2f7098720 0xb 0x0 0x0 0x320007 0x26 0xb0 0x0 0x360004 0x0 0x0 0x0 0x0 0x0 0x0 0x3d0004 0x0 0x0 0x0 0x0 0x0 0x0 0x430007 0x0 0x20 0x0 0x0 0x0 0x0 0x0 0x0 0x0 0x9 0x2 0x0 0x0 oops 3 23 org/eclipse/jdt/internal/compiler/lookup/SourceTypeBinding 25 org/eclipse/jdt/internal/compiler/lookup/MemberTypeBinding 34 org/eclipse/jdt/internal/compiler/lookup/SourceTypeBinding methods 0
ciMethodData org/eclipse/jdt/internal/compiler/lookup/TypeBinding isArrayType ()Z 2 14001 orig 80 0 0 0 0 0 0 0 0 0 0 0 0 210 1 0 0 0 0 0 0 0 0 0 0 0 0 0 0 0 0 0 0 0 0 0 0 0 0 0 0 0 0 0 0 0 0 0 0 0 0 0 0 0 0 0 0 0 0 0 0 0 0 0 0 0 0 0 0 0 0 0 0 0 0 0 0 0 0 0 0 data 11 0x80007 0x3376 0x20 0x33b 0x0 0x0 0x0 0x0 0x9 0x1 0x0 oops 0 methods 0
ciMethodData org/eclipse/jdt/internal/compiler/lookup/Binding problemId ()I 1 122 orig 80 0 0 0 0 0 0 0 0 0 0 0 0 210 1 0 0 0 0 0 0 0 0 0 0 0 0 0 0 0 0 0 0 0 0 0 0 0 0 0 0 0 0 0 0 0 0 0 0 0 0 0 0 0 0 0 0 0 0 0 0 0 0 0 0 0 0 0 0 0 0 0 0 0 0 0 0 0 0 0 0 data 4 0x0 0x9 0x1 0x0 oops 0 methods 0
ciMethodData org/eclipse/jdt/internal/compiler/lookup/TypeBinding notEquals (Lorg/eclipse/jdt/internal/compiler/lookup/TypeBinding;Lorg/eclipse/jdt/internal/compiler/lookup/TypeBinding;)Z 2 10402 orig 80 0 0 0 0 0 0 0 0 0 0 0 0 210 1 0 0 0 0 0 0 0 0 0 0 0 0 0 0 0 0 0 0 0 0 0 0 0 0 0 0 0 0 0 0 0 0 0 0 0 0 0 0 0 0 0 0 0 0 0 0 0 0 0 0 0 0 0 0 0 0 0 0 0 0 0 0 0 0 0 0 data 70 0x20007 0x5b6 0x20 0x22ec 0x80007 0x0 0x40 0x5b6 0xc0007 0x4e4 0x20 0xd2 0x170007 0x106 0x40 0x3de 0x220007 0x3de 0x20 0x0 0x280004 0xfffffffffffffb1f 0x0 0x1d2f68acce8 0x3 0x0 0x0 0x2b0007 0x4e1 0x108 0x3 0x2f0004 0xfffffffffffffffd 0x0 0x0 0x0 0x0 0x0 0x320007 0x3 0xb0 0x0 0x360004 0x0 0x0 0x0 0x0 0x0 0x0 0x3d0004 0x0 0x0 0x0 0x0 0x0 0x0 0x430007 0x0 0x20 0x0 0x0 0x0 0x0 0x0 0x0 0x0 0x9 0x2 0x0 0x0 oops 1 23 org/eclipse/jdt/internal/compiler/lookup/LocalTypeBinding methods 0
ciMethodData org/eclipse/jdt/internal/compiler/lookup/ProblemReferenceBinding <init> ([[CLorg/eclipse/jdt/internal/compiler/lookup/ReferenceBinding;I)V 2 1595 orig 80 0 0 0 0 0 0 0 0 0 0 0 0 210 1 0 0 0 0 0 0 0 0 0 0 0 0 0 0 0 0 0 0 0 0 0 0 0 0 0 0 0 0 0 0 0 0 0 0 0 0 0 0 0 0 0 0 0 0 0 0 0 0 0 0 0 0 0 0 0 0 0 0 0 0 0 0 0 0 0 0 data 18 0x10002 0x63b 0xf0007 0x3d8 0x20 0x263 0x0 0x0 0x0 0x0 0x0 0x0 0x9 0x4 0x67e 0x0 0x0 0x0 oops 0 methods 0
ciMethodData org/eclipse/jdt/internal/compiler/lookup/Scope getTypeOrPackage ([CIZ)Lorg/eclipse/jdt/internal/compiler/lookup/Binding; 2 2392 orig 80 0 0 0 0 0 0 0 0 0 0 0 0 210 1 0 0 0 0 0 0 0 0 0 0 0 0 0 0 0 0 0 0 0 0 0 0 0 0 0 0 0 0 0 0 0 0 0 0 0 0 0 0 0 0 0 0 0 0 0 0 0 0 0 0 0 0 0 0 0 0 0 0 0 0 0 0 0 0 0 0 data 1241 0x150007 0x958 0x38 0x0 0x1e0003 0x0 0x1028 0x220005 0x958 0x0 0x0 0x0 0x0 0x0 0x2c0007 0x0 0x38 0x958 0x300003 0x958 0x18 0x3b0008 0xa 0x0 0xf10 0x3b 0x340 0x57a 0x60 0x9af 0x468 0x818 0xef8 0x5a0004 0x0 0x0 0x1d2f7098460 0x57a 0x0 0x0 0x610005 0x0 0x0 0x1d2f7098460 0x57a 0x0 0x0 0x680007 0x215 0x270 0x365 0x700007 0x0 0x100 0x365 0x790005 0x0 0x0 0x1d2f7098510 0x365 0x0 0x0 0x800007 0x31b 0x1f8 0x4a 0x850007 0x4a 0x88 0x0 0x8a0007 0x0 0x68 0x0 0x980004 0x0 0x0 0x0 0x0 0x0 0x0 0x9d0002 0x0 0xa60005 0x0 0x0 0x0 0x0 0x0 0x0 0xad0007 0x0 0x38 0x0 0xb10003 0x0 0x18 0xb90003 0x0 0xc0 0xc50002 0x0 0xc80007 0x0 0x98 0x0 0xd30007 0x0 0x78 0x0 0xde0005 0x0 0x0 0x0 0x0 0x0 0x0 0xe10007 0x0 0x20 0x0 0xf20007 0x0 0xffffffffffffff58 0x0 0x1080004 0x0 0x0 0x1d2f7098460 0x530 0x1d2f70985c0 0x3b 0x10c0005 0x56b 0x0 0x0 0x0 0x0 0x0 0x1130007 0x56b 0xb60 0x0 0x1180007 0x0 0x98 0x0 0x11f0002 0x0 0x1220007 0x0 0x68 0x0 0x1300004 0x0 0x0 0x0 0x0 0x0 0x0 0x1340002 0x0 0x13d0004 0x0 0x0 0x1d2f7098670 0x9af 0x0 0x0 0x14b0007 0x61f 0x118 0x390 0x1590007 0x25 0xf8 0x36b 0x15f0005 0x0 0x0 0x1d2f7098720 0x296 0x1d2f70987d0 0xd5 0x1660007 0x302 0x20 0x69 0x1720002 0x302 0x1750007 0x2e8 0x20 0x1a 0x17f0005 0x2e8 0x0 0x0 0x0 0x0 0x0 0x1850003 0x2e8 0x970 0x18b0007 0x61f 0x90 0x25 0x1990007 0x25 0x70 0x0 0x1a00005 0x0 0x0 0x0 0x0 0x0 0x0 0x1a60003 0x0 0x8e0 0x1ab0007 0x1aa 0x5c0 0x49a 0x1b20005 0x32 0x0 0x1d2f7098670 0xf5 0x1d2f7098460 0x373 0x1b90007 0x45d 0x568 0x3d 0x1be0005 0x0 0x0 0x1d2f70987d0 0x3d 0x0 0x0 0x1c20007 0x3d 0xe0 0x0 0x1c70007 0x0 0x78 0x0 0x1cc0005 0x0 0x0 0x0 0x0 0x0 0x0 0x1d00007 0x0 0x20 0x0 0x1e10004 0x0 0x0 0x0 0x0 0x0 0x0 0x1e50002 0x0 0x1eb0005 0x3d 0x0 0x0 0x0 0x0 0x0 0x1ee0007 0x0 0x328 0x3d 0x1f50005 0x0 0x0 0x1d2f70987d0 0x3d 0x0 0x0 0x1f80002 0x3d 0x1fb0007 0x3d 0x40 0x0 0x2000007 0x0 0x2a0 0x0 0x2050007 0x1e 0x118 0x1f 0x20a0005 0x1f 0x0 0x0 0x0 0x0 0x0 0x20d0007 0x1f 0xc0 0x0 0x2120005 0x0 0x0 0x0 0x0 0x0 0x0 0x2150007 0x0 0x68 0x0 0x2230004 0x0 0x0 0x0 0x0 0x0 0x0 0x2280002 0x0 0x22e0007 0x3d 0x98 0x0 0x2330007 0x0 0x78 0x0 0x2380005 0x0 0x0 0x0 0x0 0x0 0x0 0x23c0007 0x0 0x20 0x0 0x2440005 0x0 0x0 0x0 0x0 0x0 0x0 0x2470007 0x0 0x98 0x0 0x24e0002 0x0 0x2510007 0x0 0x68 0x0 0x25f0004 0x0 0x0 0x0 0x0 0x0 0x0 0x2630002 0x0 0x2690007 0x0 0xd0 0x0 0x26e0005 0x0 0x0 0x0 0x0 0x0 0x0 0x2720007 0x0 0x78 0x0 0x2770005 0x0 0x0 0x0 0x0 0x0 0x0 0x27b0007 0x0 0x20 0x0 0x2850005 0x10 0x0 0x1d2f7098720 0x5d8 0x1d2f70987d0 0x1f 0x28c0007 0x605 0x88 0x2 0x2910007 0x2 0x68 0x0 0x29f0004 0x0 0x0 0x0 0x0 0x0 0x0 0x2a40002 0x0 0x2af0005 0x605 0x0 0x0 0x0 0x0 0x0 0x2b70005 0x605 0x0 0x0 0x0 0x0 0x0 0x2ba0007 0x5f5 0x38 0x10 0x2be0003 0x10 0x18 0x2cd0002 0x605 0x2d00007 0x5d1 0x190 0x34 0x2d80007 0x34 0x68 0x0 0x2e20004 0x0 0x0 0x0 0x0 0x0 0x0 0x2ed0002 0x0 0x2f30007 0x34 0xf0 0x0 0x2fa0002 0x0 0x2fd0007 0x0 0xc0 0x0 0x3020005 0x0 0x0 0x0 0x0 0x0 0x0 0x3060007 0x0 0x68 0x0 0x3140004 0x0 0x0 0x0 0x0 0x0 0x0 0x3180002 0x0 0x31f0003 0x818 0x30 0x3290003 0xe24 0xfffffffffffff0f0 0x32e0007 0x818 0x78 0x0 0x3330005 0x0 0x0 0x0 0x0 0x0 0x0 0x3370007 0x0 0x20 0x0 0x33f0004 0x0 0x0 0x1d2f7098880 0x818 0x0 0x0 0x34d0007 0x4ba 0x4c8 0x35e 0x3530005 0x35e 0x0 0x0 0x0 0x0 0x0 0x3560104 0x0 0x0 0x1d2f7098930 0x70 0x1d2f70989e0 0x9 0x35d0007 0x148 0x438 0x216 0x3620004 0xfffffffffffffe5a 0x0 0x1d2f7098930 0x70 0x0 0x0 0x3650007 0x1a6 0x220 0x70 0x36a0004 0x0 0x0 0x1d2f7098930 0x70 0x0 0x0 0x3780005 0x0 0x0 0x1d2f7098930 0x70 0x0 0x0 0x37f0007 0x0 0x78 0x70 0x3870005 0x70 0x0 0x0 0x0 0x0 0x0 0x38a0007 0x0 0x20 0x70 0x39a0004 0xffffffffffffff90 0x0 0x0 0x0 0x0 0x0 0x39d0007 0x70 0xa8 0x0 0x3a50004 0x0 0x0 0x0 0x0 0x0 0x0 0x3ae0005 0x0 0x0 0x0 0x0 0x0 0x0 0x3b20003 0x0 0x50 0x3bd0005 0x70 0x0 0x0 0x0 0x0 0x0 0x3c40007 0x0 0x148 0x216 0x3c90007 0x216 0xd0 0x0 0x3ce0005 0x0 0x0 0x0 0x0 0x0 0x0 0x3d20007 0x0 0x78 0x0 0x3d70005 0x0 0x0 0x0 0x0 0x0 0x0 0x3db0007 0x0 0x20 0x0 0x3e30004 0xfffffffffffffff7 0x0 0x1d2f7098a90 0xea 0x1d2f7098720 0xef 0x3e60007 0x9 0x20 0x20d 0x3f00007 0x0 0x78 0x9 0x3f50004 0x0 0x0 0x1d2f70989e0 0x9 0x0 0x0 0x3f80007 0x0 0x20 0x9 0x4010007 0x0 0xb28 0x602 0x40d0007 0x0 0x278 0x602 0x4120007 0x148 0x258 0x4ba 0x4200003 0x4ba 0x218 0x42f0007 0x4bf 0x200 0x4d12 0x4340005 0x0 0x0 0x1d2f7098930 0x4d12 0x0 0x0 0x4380002 0x4d12 0x43b0007 0x4a59 0x198 0x2b9 0x4430005 0x0 0x0 0x1d2f7098880 0x2b9 0x0 0x0 0x44a0007 0x17f 0x38 0x13a 0x44d0003 0x13a 0x120 0x4520004 0x0 0x0 0x1d2f7098720 0x147 0x1d2f7098a90 0x2d 0x4550007 0x0 0xd0 0x17f 0x4610007 0x0 0xb0 0x17f 0x4670005 0x0 0x0 0x1d2f7098930 0x17f 0x0 0x0 0x46c0005 0x17f 0x0 0x0 0x0 0x0 0x0 0x46f0007 0x0 0x20 0x17f 0x4870007 0x51d1 0xfffffffffffffe00 0x33b 0x4990005 0x0 0x0 0x1d2f7098880 0x483 0x0 0x0 0x4a00005 0x258 0x0 0x1d2f7098670 0x1cd 0x1d2f7098880 0x5e 0x4a40005 0x0 0x0 0x1d2f7098b40 0x483 0x0 0x0 0x4ab0104 0x0 0x0 0x1d2f7098720 0xfb 0x1d2f7098bf0 0x6f 0x4ae0007 0x319 0xd0 0x16a 0x4b30004 0x0 0x0 0x1d2f7098720 0xfb 0x1d2f7098bf0 0x6f 0x4c30007 0x6f 0x78 0xfb 0x4c80007 0xe3 0x58 0x18 0x4d00005 0x18 0x0 0x0 0x0 0x0 0x0 0x4d90007 0x0 0x6e0 0x388 0x4ed0003 0x388 0x628 0x4fc0007 0x2823 0x610 0x38a 0x5010005 0x0 0x0 0x1d2f7098930 0x38a 0x0 0x0 0x50b0004 0xfffffffffffffc76 0x0 0x1d2f7098b40 0x1d 0x0 0x0 0x50e0007 0x38a 0xa8 0x0 0x5150004 0x0 0x0 0x0 0x0 0x0 0x0 0x51a0005 0x0 0x0 0x0 0x0 0x0 0x0 0x51f0003 0x0 0x330 0x5240004 0xfffffffffffffffe 0x0 0x1d2f7098b40 0x388 0x0 0x0 0x5270007 0x2 0xa8 0x388 0x52e0004 0x0 0x0 0x1d2f7098b40 0x388 0x0 0x0 0x5330005 0x227 0x0 0x1d2f7098670 0x103 0x1d2f7098880 0x5e 0x5380003 0x388 0x250 0x53d0005 0x0 0x0 0x1d2f7098930 0x2 0x0 0x0 0x5400007 0x0 0x158 0x2 0x5440005 0x2 0x0 0x0 0x0 0x0 0x0 0x54a0004 0x0 0x0 0x1d2f7098720 0x2 0x0 0x0 0x54d0005 0x0 0x0 0x1d2f7098880 0x2 0x0 0x0 0x5540007 0x2 0x138 0x0 0x5590005 0x0 0x0 0x0 0x0 0x0 0x0 0x55c0007 0x0 0xe0 0x0 0x5620003 0x0 0xc0 0x5660005 0x0 0x0 0x0 0x0 0x0 0x0 0x56c0004 0x0 0x0 0x0 0x0 0x0 0x0 0x56f0005 0x0 0x0 0x0 0x0 0x0 0x0 0x5780002 0x38a 0x57b0007 0x2d4 0x1b0 0xb6 0x5800007 0x0 0x190 0xb6 0x5850005 0xb6 0x0 0x0 0x0 0x0 0x0 0x5880007 0x0 0x118 0xb6 0x5940007 0xb6 0x20 0x0 0x5a40007 0xb6 0xc0 0x0 0x5b20004 0x0 0x0 0x0 0x0 0x0 0x0 0x5b60002 0x0 0x5bd0007 0x0 0x58 0x0 0x5c50005 0x0 0x0 0x0 0x0 0x0 0x0 0x5d30003 0xb6 0x38 0x5d80007 0x0 0x20 0x0 0x5e60007 0x2bad 0xfffffffffffff9f0 0x388 0x5eb0007 0x2d2 0x78 0xb6 0x5f00007 0x65 0x58 0x51 0x5f80005 0x51 0x0 0x0 0x0 0x0 0x0 0x6020005 0x0 0x0 0x1d2f7098880 0x2d2 0x0 0x0 0x6090007 0x24c 0xf0 0x86 0x6120005 0x0 0x0 0x1d2f7098ca0 0x86 0x0 0x0 0x6190007 0x5c 0x98 0x2a 0x6270007 0x12 0x78 0x18 0x62c0007 0x4 0x58 0x14 0x6340005 0x14 0x0 0x0 0x0 0x0 0x0 0x63d0007 0x0 0x300 0x2ba 0x6470004 0x0 0x0 0x1d2ead858c0 0x2ba 0x0 0x0 0x6510007 0x24c 0xc8 0x6e 0x6550007 0x0 0x1e8 0x6e 0x6590005 0x6e 0x0 0x0 0x0 0x0 0x0 0x6630005 0x0 0x0 0x1d2f7098ca0 0x6e 0x0 0x0 0x6680003 0x6e 0x158 0x6710005 0x0 0x0 0x1d2f7098ca0 0x24c 0x0 0x0 0x6780007 0x212 0x78 0x3a 0x67d0005 0x3a 0x0 0x0 0x0 0x0 0x0 0x6800007 0x0 0xb0 0x3a 0x6840007 0x77 0x90 0x1d5 0x6880005 0x1d5 0x0 0x0 0x0 0x0 0x0 0x6920005 0x0 0x0 0x1d2f7098ca0 0x1d5 0x0 0x0 0x6a00002 0x2ba 0x6a70007 0x1ef 0x170 0xcb 0x6ae0007 0x85 0x150 0x46 0x6b60005 0x46 0x0 0x0 0x0 0x0 0x0 0x6ba0003 0x46 0xf8 0x6c80007 0x0 0xe0 0x0 0x6d20004 0x0 0x0 0x0 0x0 0x0 0x0 0x6de0002 0x0 0x6e50007 0x0 0x78 0x0 0x6ec0007 0x0 0x58 0x0 0x6f40005 0x0 0x0 0x0 0x0 0x0 0x0 0x0 0x0 0x0 0x0 0x0 0x0 0x0 0x0 0x0 0x0 0x0 0x0 0x0 0x0 0x0 0x0 0x0 0x0 0x0 0x0 0x0 0x0 0x0 0x0 0x0 0x0 0x0 0x0 0x0 0x0 0x0 0x0 0x0 0x0 0x0 0x0 0x9 0x4 0x0 0x0 0x0 0x0 oops 51 36 org/eclipse/jdt/internal/compiler/lookup/MethodScope 43 org/eclipse/jdt/internal/compiler/lookup/MethodScope 58 org/eclipse/jdt/internal/compiler/lookup/MethodBinding 128 org/eclipse/jdt/internal/compiler/lookup/MethodScope 130 org/eclipse/jdt/internal/compiler/lookup/BlockScope 165 org/eclipse/jdt/internal/compiler/lookup/ClassScope 180 org/eclipse/jdt/internal/compiler/lookup/SourceTypeBinding 182 org/eclipse/jdt/internal/compiler/lookup/MemberTypeBinding 229 org/eclipse/jdt/internal/compiler/lookup/ClassScope 231 org/eclipse/jdt/internal/compiler/lookup/MethodScope 240 org/eclipse/jdt/internal/compiler/lookup/MemberTypeBinding 286 org/eclipse/jdt/internal/compiler/lookup/MemberTypeBinding 409 org/eclipse/jdt/internal/compiler/lookup/SourceTypeBinding 411 org/eclipse/jdt/internal/compiler/lookup/MemberTypeBinding 524 org/eclipse/jdt/internal/compiler/lookup/CompilationUnitScope 542 org/eclipse/jdt/internal/compiler/lookup/ImportBinding 544 org/eclipse/jdt/internal/compiler/lookup/SplitPackageBinding 553 org/eclipse/jdt/internal/compiler/lookup/ImportBinding 564 org/eclipse/jdt/internal/compiler/lookup/ImportBinding 571 org/eclipse/jdt/internal/compiler/lookup/ImportBinding 658 org/eclipse/jdt/internal/compiler/lookup/BinaryTypeBinding 660 org/eclipse/jdt/internal/compiler/lookup/SourceTypeBinding 673 org/eclipse/jdt/internal/compiler/lookup/SplitPackageBinding 703 org/eclipse/jdt/internal/compiler/lookup/ImportBinding 716 org/eclipse/jdt/internal/compiler/lookup/CompilationUnitScope 730 org/eclipse/jdt/internal/compiler/lookup/SourceTypeBinding 732 org/eclipse/jdt/internal/compiler/lookup/BinaryTypeBinding 745 org/eclipse/jdt/internal/compiler/lookup/ImportBinding 767 org/eclipse/jdt/internal/compiler/lookup/CompilationUnitScope 774 org/eclipse/jdt/internal/compiler/lookup/ClassScope 776 org/eclipse/jdt/internal/compiler/lookup/CompilationUnitScope 781 org/eclipse/jdt/internal/compiler/lookup/PlainPackageBinding 788 org/eclipse/jdt/internal/compiler/lookup/SourceTypeBinding 790 org/eclipse/jdt/internal/compiler/lookup/MissingTypeBinding 799 org/eclipse/jdt/internal/compiler/lookup/SourceTypeBinding 801 org/eclipse/jdt/internal/compiler/lookup/MissingTypeBinding 832 org/eclipse/jdt/internal/compiler/lookup/ImportBinding 839 org/eclipse/jdt/internal/compiler/lookup/PlainPackageBinding 867 org/eclipse/jdt/internal/compiler/lookup/PlainPackageBinding 878 org/eclipse/jdt/internal/compiler/lookup/PlainPackageBinding 885 org/eclipse/jdt/internal/compiler/lookup/ClassScope 887 org/eclipse/jdt/internal/compiler/lookup/CompilationUnitScope 895 org/eclipse/jdt/internal/compiler/lookup/ImportBinding 913 org/eclipse/jdt/internal/compiler/lookup/SourceTypeBinding 920 org/eclipse/jdt/internal/compiler/lookup/CompilationUnitScope 1041 org/eclipse/jdt/internal/compiler/lookup/CompilationUnitScope 1052 org/eclipse/jdt/internal/compiler/lookup/LookupEnvironment 1082 [C 1104 org/eclipse/jdt/internal/compiler/lookup/LookupEnvironment 1114 org/eclipse/jdt/internal/compiler/lookup/LookupEnvironment 1147 org/eclipse/jdt/internal/compiler/lookup/LookupEnvironment methods 0
ciMethodData org/eclipse/jdt/internal/compiler/lookup/MethodScope referenceMethod ()Lorg/eclipse/jdt/internal/compiler/ast/AbstractMethodDeclaration; 2 1985 orig 80 0 0 0 0 0 0 0 0 0 0 0 0 210 1 0 0 0 0 0 0 0 0 0 0 0 0 0 0 0 0 0 0 0 0 0 0 0 0 0 0 0 0 0 0 0 0 0 0 0 0 0 0 0 0 0 0 0 0 0 0 0 0 0 0 0 0 0 0 0 0 0 0 0 0 0 0 0 0 0 0 data 27 0x40004 0xfffffffffffffdd0 0x0 0x1d2f5963100 0x4 0x1d2f5c28ab0 0xc 0x70007 0x230 0x58 0x591 0xe0004 0x0 0x0 0x1d2f5963100 0x4 0x1d2f59631b0 0x504 0x0 0x0 0x0 0x0 0x0 0x0 0x9 0x1 0x0 oops 4 3 org/eclipse/jdt/internal/compiler/ast/AnnotationMethodDeclaration 5 org/eclipse/jdt/internal/compiler/ast/TypeDeclaration 14 org/eclipse/jdt/internal/compiler/ast/AnnotationMethodDeclaration 16 org/eclipse/jdt/internal/compiler/ast/MethodDeclaration methods 0
ciMethodData org/eclipse/jdt/internal/compiler/lookup/MethodBinding getTypeVariable ([C)Lorg/eclipse/jdt/internal/compiler/lookup/TypeVariableBinding; 1 953 orig 80 0 0 0 0 0 0 0 0 0 0 0 0 210 1 0 0 0 0 0 0 0 0 0 0 0 0 0 0 0 0 0 0 0 0 0 0 0 0 0 0 0 0 0 0 0 0 0 0 0 0 0 0 0 0 0 0 0 0 0 0 0 0 0 0 0 0 0 0 0 0 0 0 0 0 0 0 0 0 0 0 data 23 0x60003 0x3b9 0x48 0x130002 0x82 0x160007 0x38 0x20 0x4a 0x240007 0x82 0xffffffffffffffd0 0x36f 0x0 0x0 0x0 0x0 0x0 0x0 0x9 0x2 0x0 0x0 oops 0 methods 0
ciMethodData org/eclipse/jdt/internal/compiler/lookup/BlockScope findLocalType ([C)Lorg/eclipse/jdt/internal/compiler/lookup/ReferenceBinding; 2 1517 orig 80 0 0 0 0 0 0 0 0 0 0 0 0 210 1 0 0 0 0 0 0 0 0 0 0 0 0 0 0 0 0 0 0 0 0 0 0 0 0 0 0 0 0 0 0 0 0 0 0 0 0 0 0 0 0 0 0 0 0 0 0 0 0 0 0 0 0 0 0 0 0 0 0 0 0 0 0 0 0 0 0 data 84 0x10005 0x5ed 0x0 0x0 0x0 0x0 0x0 0x100003 0x5ed 0x1f8 0x1a0004 0xffffffffffffff88 0x0 0x0 0x0 0x0 0x0 0x1d0007 0x78 0x1a8 0x0 0x270004 0x0 0x0 0x0 0x0 0x0 0x0 0x300004 0x0 0x0 0x0 0x0 0x0 0x0 0x3a0007 0x0 0xb0 0x0 0x420007 0x0 0x90 0x0 0x4b0005 0x0 0x0 0x0 0x0 0x0 0x0 0x4e0007 0x0 0x38 0x0 0x510003 0x0 0x80 0x560005 0x0 0x0 0x0 0x0 0x0 0x0 0x5a0002 0x0 0x5d0007 0x0 0x20 0x0 0x680007 0x78 0xfffffffffffffe20 0x5ed 0x0 0x0 0x0 0x0 0x0 0x0 0x9 0x2 0x0 0x0 oops 0 methods 0
ciMethodData org/eclipse/jdt/internal/compiler/lookup/ReferenceBinding getTypeVariable ([C)Lorg/eclipse/jdt/internal/compiler/lookup/TypeVariableBinding; 1 685 orig 80 0 0 0 0 0 0 0 0 0 0 0 0 210 1 0 0 0 0 0 0 0 0 0 0 0 0 0 0 0 0 0 0 0 0 0 0 0 0 0 0 0 0 0 0 0 0 0 0 0 0 0 0 0 0 0 0 0 0 0 0 0 0 0 0 0 0 0 0 0 0 0 0 0 0 0 0 0 0 0 0 data 30 0x10005 0x0 0x0 0x1d2f70987d0 0x17 0x1d2f7098720 0x296 0x80003 0x2ad 0x48 0x120002 0x5 0x150007 0x5 0x20 0x0 0x200007 0x5 0xffffffffffffffd0 0x2ad 0x0 0x0 0x0 0x0 0x0 0x0 0x9 0x2 0x0 0x0 oops 2 3 org/eclipse/jdt/internal/compiler/lookup/MemberTypeBinding 5 org/eclipse/jdt/internal/compiler/lookup/SourceTypeBinding methods 0
ciMethodData org/eclipse/jdt/internal/compiler/lookup/Scope findMemberType ([CLorg/eclipse/jdt/internal/compiler/lookup/ReferenceBinding;)Lorg/eclipse/jdt/internal/compiler/lookup/ReferenceBinding; 1 232 orig 80 0 0 0 0 0 0 0 0 0 0 0 0 210 1 0 0 0 0 0 0 0 0 0 0 0 0 0 0 0 0 0 0 0 0 0 0 0 0 0 0 0 0 0 0 0 0 0 0 0 0 0 0 0 0 0 0 0 0 0 0 0 0 0 0 0 0 0 0 0 0 0 0 0 0 0 0 0 0 0 0 data 464 0xa0007 0xe7 0x20 0x1 0x100005 0xe7 0x0 0x0 0x0 0x0 0x0 0x150005 0xe7 0x0 0x0 0x0 0x0 0x0 0x1b0005 0xe7 0x0 0x0 0x0 0x0 0x0 0x240005 0x0 0x0 0x1d2f7098880 0xe7 0x0 0x0 0x290005 0x0 0x0 0x1d2f7098720 0xe7 0x0 0x0 0x300007 0xa1 0x1c8 0x46 0x370005 0x0 0x0 0x1d2f7098880 0x46 0x0 0x0 0x3b0007 0x0 0x60 0x46 0x440007 0x40 0xb0 0x6 0x510007 0x0 0x90 0x6 0x580005 0x0 0x0 0x1d2f70987d0 0x6 0x0 0x0 0x5b0007 0x0 0x90 0x6 0x5e0003 0x6 0x70 0x650005 0x0 0x0 0x1d2f70987d0 0x40 0x0 0x0 0x680007 0x0 0x20 0x40 0x790004 0x0 0x0 0x0 0x0 0x0 0x0 0x7d0002 0x0 0x930003 0xa1 0x6e0 0x980005 0x160 0x0 0x1d2f7098720 0xfb 0x1d2f7098a90 0xa3 0x9f0007 0x2fe 0x258 0x0 0xa40005 0x0 0x0 0x0 0x0 0x0 0x0 0xa70007 0x0 0xa8 0x0 0xac0004 0x0 0x0 0x0 0x0 0x0 0x0 0xaf0005 0x0 0x0 0x0 0x0 0x0 0x0 0xb20003 0x0 0x18 0xbb0004 0x0 0x0 0x0 0x0 0x0 0x0 0xbe0007 0x0 0xe8 0x0 0xc30005 0x0 0x0 0x0 0x0 0x0 0x0 0xc60007 0x0 0x20 0x0 0xcd0004 0x0 0x0 0x0 0x0 0x0 0x0 0xd30005 0x0 0x0 0x0 0x0 0x0 0x0 0xd80005 0x0 0x0 0x0 0x0 0x0 0x0 0xdf0007 0x0 0x198 0x2fe 0xe70007 0x1e5 0x178 0x119 0xec0007 0xab 0x38 0x6e 0xf80003 0x6e 0x138 0x1080007 0x54 0x30 0x57 0x11e0002 0x57 0x1240003 0xab 0xd0 0x1310003 0xfd 0x60 0x13b0002 0x1ff 0x13e0007 0x1ff 0x38 0x0 0x1410003 0x0 0x70 0x14b0007 0x1ff 0xffffffffffffffb8 0xfd 0x1570004 0x0 0x0 0x1d2f7098720 0x57 0x1d2f6d11090 0x54 0x15f0007 0xfd 0xffffffffffffff48 0xab 0x1640005 0x160 0x0 0x1d2f7098720 0xfb 0x1d2f7098a90 0xa3 0x16a0007 0x25d 0x38 0xa1 0x16d0003 0xa1 0x268 0x1750005 0x0 0x0 0x1d2f7098880 0x25d 0x0 0x0 0x17b0005 0x1a3 0x0 0x1d2f7098a90 0xa3 0x1d2f7098bf0 0x17 0x1810007 0x25d 0x1c0 0x0 0x1880005 0x0 0x0 0x0 0x0 0x0 0x0 0x18f0007 0x0 0x90 0x0 0x1960005 0x0 0x0 0x0 0x0 0x0 0x0 0x1990007 0x0 0x110 0x0 0x19c0003 0x0 0x70 0x1a30005 0x0 0x0 0x0 0x0 0x0 0x0 0x1a60007 0x0 0xa0 0x0 0x1ab0007 0x0 0x38 0x0 0x1b20003 0x0 0x60 0x1c00004 0x0 0x0 0x0 0x0 0x0 0x0 0x1c40002 0x0 0x1ce0007 0x2fe 0xfffffffffffff938 0x0 0x1d30007 0x33 0x370 0x6e 0x1dc0003 0x6e 0x310 0x1eb0005 0x0 0x0 0x1d2f7098880 0x1d8 0x0 0x0 0x1f10005 0x103 0x0 0x1d2f7098720 0xd3 0x1d2f7098a90 0x2 0x1f70007 0x1d8 0xf0 0x0 0x1fe0005 0x0 0x0 0x0 0x0 0x0 0x0 0x2030007 0x0 0x38 0x0 0x20a0003 0x0 0x210 0x2180004 0x0 0x0 0x0 0x0 0x0 0x0 0x21c0002 0x0 0x2210003 0x0 0x1d0 0x2260005 0x103 0x0 0x1d2f7098720 0xd3 0x1d2f7098a90 0x2 0x22d0007 0x0 0x160 0x1d8 0x2350007 0x184 0x140 0x54 0x2450007 0x51 0x30 0x3 0x25b0002 0x3 0x2610003 0x54 0xd0 0x26e0003 0x56 0x60 0x2780002 0x15c 0x27b0007 0x15c 0x38 0x0 0x27e0003 0x0 0x70 0x2880007 0x15c 0xffffffffffffffb8 0x56 0x2940004 0x0 0x0 0x1d2f7098720 0x56 0x0 0x0 0x29c0007 0x56 0xffffffffffffff48 0x54 0x2a60007 0x1d8 0xfffffffffffffd08 0x6e 0x2ab0007 0x6e 0x20 0x0 0x2b30007 0xa1 0x20 0x0 0x2bb0007 0xa1 0x68 0x0 0x2c90004 0x0 0x0 0x0 0x0 0x0 0x0 0x2cd0002 0x0 0x0 0x0 0x0 0x0 0x0 0x0 0x0 0x0 0x0 0x0 0x0 0x0 0x9 0x3 0x0 0x0 0x0 oops 20 28 org/eclipse/jdt/internal/compiler/lookup/CompilationUnitScope 35 org/eclipse/jdt/internal/compiler/lookup/SourceTypeBinding 46 org/eclipse/jdt/internal/compiler/lookup/CompilationUnitScope 65 org/eclipse/jdt/internal/compiler/lookup/MemberTypeBinding 79 org/eclipse/jdt/internal/compiler/lookup/MemberTypeBinding 102 org/eclipse/jdt/internal/compiler/lookup/SourceTypeBinding 104 org/eclipse/jdt/internal/compiler/lookup/BinaryTypeBinding 224 org/eclipse/jdt/internal/compiler/lookup/SourceTypeBinding 226 org/eclipse/jdt/internal/compiler/lookup/ParameterizedTypeBinding 235 org/eclipse/jdt/internal/compiler/lookup/SourceTypeBinding 237 org/eclipse/jdt/internal/compiler/lookup/BinaryTypeBinding 249 org/eclipse/jdt/internal/compiler/lookup/CompilationUnitScope 256 org/eclipse/jdt/internal/compiler/lookup/BinaryTypeBinding 258 org/eclipse/jdt/internal/compiler/lookup/MissingTypeBinding 330 org/eclipse/jdt/internal/compiler/lookup/CompilationUnitScope 337 org/eclipse/jdt/internal/compiler/lookup/SourceTypeBinding 339 org/eclipse/jdt/internal/compiler/lookup/BinaryTypeBinding 374 org/eclipse/jdt/internal/compiler/lookup/SourceTypeBinding 376 org/eclipse/jdt/internal/compiler/lookup/BinaryTypeBinding 414 org/eclipse/jdt/internal/compiler/lookup/SourceTypeBinding methods 0
ciMethodData org/eclipse/jdt/internal/compiler/lookup/SourceTypeBinding isGenericType ()Z 2 3553 orig 80 0 0 0 0 0 0 0 0 0 0 0 0 210 1 0 0 0 0 0 0 0 0 0 0 0 0 0 0 0 0 0 0 0 0 0 0 0 0 0 0 0 0 0 0 0 0 0 0 0 0 0 0 0 0 0 0 0 0 0 0 0 0 0 0 0 0 0 0 0 0 0 0 0 0 0 0 0 0 0 0 data 31 0x10005 0x36 0x0 0x1d2f7098720 0xcd9 0x1d2f70987d0 0xd2 0x40007 0xde1 0x58 0x0 0xb0005 0x0 0x0 0x0 0x0 0x0 0x0 0x160007 0xc92 0x20 0x14f 0x0 0x0 0x0 0x0 0x0 0x0 0x9 0x1 0x0 oops 2 3 org/eclipse/jdt/internal/compiler/lookup/SourceTypeBinding 5 org/eclipse/jdt/internal/compiler/lookup/MemberTypeBinding methods 0
ciMethodData org/eclipse/jdt/internal/compiler/lookup/Scope isUnnecessarySamePackageImport (Lorg/eclipse/jdt/internal/compiler/lookup/Binding;Lorg/eclipse/jdt/internal/compiler/lookup/Scope;)Z 1 570 orig 80 0 0 0 0 0 0 0 0 0 0 0 0 210 1 0 0 0 0 0 0 0 0 0 0 0 0 0 0 0 0 0 0 0 0 0 0 0 0 0 0 0 0 0 0 0 0 0 0 0 0 0 0 0 0 0 0 0 0 0 0 0 0 0 0 0 0 0 0 0 0 0 0 0 0 0 0 0 0 0 0 data 58 0x10004 0x0 0x0 0x1d2f7098720 0x1bc 0x1d2f7098a90 0x72 0x40007 0x0 0x140 0x23a 0x80004 0x0 0x0 0x1d2f7098720 0x1bc 0x1d2f7098a90 0x72 0xd0005 0x23a 0x0 0x0 0x0 0x0 0x0 0x110005 0xc 0x0 0x1d2f7098720 0x1bc 0x1d2f7098a90 0x72 0x140007 0x22f 0x78 0xb 0x180005 0xb 0x0 0x0 0x0 0x0 0x0 0x1b0007 0x0 0x20 0xb 0x0 0x0 0x0 0x0 0x0 0x0 0x9 0x3 0x0 0xffffffffffffffff 0x0 oops 6 3 org/eclipse/jdt/internal/compiler/lookup/SourceTypeBinding 5 org/eclipse/jdt/internal/compiler/lookup/BinaryTypeBinding 14 org/eclipse/jdt/internal/compiler/lookup/SourceTypeBinding 16 org/eclipse/jdt/internal/compiler/lookup/BinaryTypeBinding 28 org/eclipse/jdt/internal/compiler/lookup/SourceTypeBinding 30 org/eclipse/jdt/internal/compiler/lookup/BinaryTypeBinding methods 0
ciMethodData org/eclipse/jdt/internal/compiler/lookup/CompilationUnitScope resolveSingleImport (Lorg/eclipse/jdt/internal/compiler/lookup/ImportBinding;I)Lorg/eclipse/jdt/internal/compiler/lookup/Binding; 1 143 orig 80 0 0 0 0 0 0 0 0 0 0 0 0 210 1 0 0 0 0 0 0 0 0 0 0 0 0 0 0 0 0 0 0 0 0 0 0 0 0 0 0 0 0 0 0 0 0 0 0 0 0 0 0 0 0 0 0 0 0 0 0 0 0 0 0 0 0 0 0 0 0 0 0 0 0 0 0 0 0 0 0 data 98 0x10005 0x0 0x0 0x1d2f7098930 0x8f 0x0 0x0 0x60007 0x8a 0x20 0x5 0x130005 0x0 0x0 0x1d2f7098930 0x8a 0x0 0x0 0x160005 0x8a 0x0 0x0 0x0 0x0 0x0 0x190005 0x0 0x0 0x1d2f7098930 0x8a 0x0 0x0 0x1e0005 0x8a 0x0 0x0 0x0 0x0 0x0 0x210007 0x4b 0x78 0x3f 0x250004 0xffffffffffffffc1 0x0 0x1d2f7098720 0x34 0x1d2f7098a90 0xb 0x280007 0x3f 0x128 0x0 0x2c0005 0x0 0x0 0x1d2f5c24cd0 0x4b 0x0 0x0 0x300007 0x4b 0x20 0x0 0x390007 0x0 0xb0 0x4b 0x550003 0x4b 0x70 0x600007 0x4b 0x58 0x3ce 0x710004 0x0 0x0 0x1d2f7098930 0x3ce 0x0 0x0 0x790007 0x419 0xffffffffffffffa8 0x4b 0x0 0x0 0x0 0x0 0x0 0x0 0x9 0x3 0x0 0x0 0x0 oops 7 3 org/eclipse/jdt/internal/compiler/lookup/ImportBinding 14 org/eclipse/jdt/internal/compiler/lookup/ImportBinding 28 org/eclipse/jdt/internal/compiler/lookup/ImportBinding 46 org/eclipse/jdt/internal/compiler/lookup/SourceTypeBinding 48 org/eclipse/jdt/internal/compiler/lookup/BinaryTypeBinding 57 org/eclipse/jdt/internal/compiler/lookup/ProblemReferenceBinding 79 org/eclipse/jdt/internal/compiler/lookup/ImportBinding methods 0
ciMethodData org/eclipse/jdt/internal/compiler/lookup/CompilationUnitScope recordReference ([[C[C)V 2 1258 orig 80 0 0 0 0 0 0 0 0 0 0 0 0 210 1 0 0 0 0 0 0 0 0 0 0 0 0 0 0 0 0 0 0 0 0 0 0 0 0 0 0 0 0 0 0 0 0 0 0 0 0 0 0 0 0 0 0 0 0 0 0 0 0 0 0 0 0 0 0 0 0 0 0 0 0 0 0 0 0 0 0 data 36 0x20005 0x0 0x0 0x1d2f7098880 0x4ea 0x0 0x0 0x70007 0x4ea 0x58 0x0 0xc0005 0x0 0x0 0x0 0x0 0x0 0x0 0x110005 0x0 0x0 0x1d2f7098880 0x4ea 0x0 0x0 0x0 0x0 0x0 0x0 0x0 0x0 0x9 0x3 0x0 0x0 0x0 oops 2 3 org/eclipse/jdt/internal/compiler/lookup/CompilationUnitScope 21 org/eclipse/jdt/internal/compiler/lookup/CompilationUnitScope methods 0
ciMethodData org/eclipse/jdt/internal/compiler/lookup/Scope findType ([CLorg/eclipse/jdt/internal/compiler/lookup/PackageBinding;Lorg/eclipse/jdt/internal/compiler/lookup/PackageBinding;)Lorg/eclipse/jdt/internal/compiler/lookup/ReferenceBinding; 1 295 orig 80 0 0 0 0 0 0 0 0 0 0 0 0 210 1 0 0 0 0 0 0 0 0 0 0 0 0 0 0 0 0 0 0 0 0 0 0 0 0 0 0 0 0 0 0 0 0 0 0 0 0 0 0 0 0 0 0 0 0 0 0 0 0 0 0 0 0 0 0 0 0 0 0 0 0 0 0 0 0 0 0 data 79 0x10005 0x127 0x0 0x0 0x0 0x0 0x0 0x90005 0x0 0x0 0x1d2f7098880 0x127 0x0 0x0 0xf0005 0x0 0x0 0x1d2f7098880 0x59 0x1d2f7098670 0xce 0x120005 0x0 0x0 0x1d2f7098b40 0x127 0x0 0x0 0x190007 0xd 0x20 0x11a 0x200005 0xd 0x0 0x0 0x0 0x0 0x0 0x230007 0x0 0xe0 0xd 0x280007 0x0 0xc0 0xd 0x2e0005 0x0 0x0 0x1d2f7098a90 0xd 0x0 0x0 0x310007 0xd 0x68 0x0 0x3f0004 0x0 0x0 0x0 0x0 0x0 0x0 0x430002 0x0 0x0 0x0 0x0 0x0 0x0 0x0 0x9 0x4 0x0 0x0 0x0 0x0 oops 5 10 org/eclipse/jdt/internal/compiler/lookup/CompilationUnitScope 17 org/eclipse/jdt/internal/compiler/lookup/CompilationUnitScope 19 org/eclipse/jdt/internal/compiler/lookup/ClassScope 24 org/eclipse/jdt/internal/compiler/lookup/PlainPackageBinding 50 org/eclipse/jdt/internal/compiler/lookup/BinaryTypeBinding methods 0
ciMethodData org/eclipse/jdt/internal/compiler/lookup/Scope findDirectMemberType ([CLorg/eclipse/jdt/internal/compiler/lookup/ReferenceBinding;)Lorg/eclipse/jdt/internal/compiler/lookup/ReferenceBinding; 1 1 orig 80 0 0 0 0 0 0 0 0 0 0 0 0 210 1 0 0 0 0 0 0 0 0 0 0 0 0 0 0 0 0 0 0 0 0 0 0 0 0 0 0 0 0 0 0 0 0 0 0 0 0 0 0 0 0 0 0 0 0 0 0 0 0 0 0 0 0 0 0 0 0 0 0 0 0 0 0 0 0 0 0 data 96 0xa0007 0x1 0x20 0x0 0x100005 0x1 0x0 0x0 0x0 0x0 0x0 0x150005 0x1 0x0 0x0 0x0 0x0 0x0 0x1e0005 0x0 0x0 0x1d2f7098880 0x1 0x0 0x0 0x230005 0x0 0x0 0x1d2f7098a90 0x1 0x0 0x0 0x2a0007 0x0 0x1a8 0x1 0x310005 0x0 0x0 0x1d2f7098880 0x1 0x0 0x0 0x350007 0x1 0xb0 0x0 0x3b0005 0x0 0x0 0x0 0x0 0x0 0x0 0x3e0005 0x0 0x0 0x0 0x0 0x0 0x0 0x410007 0x0 0x78 0x0 0x4b0005 0x0 0x0 0x1d2f7098a90 0x1 0x0 0x0 0x4e0007 0x0 0x20 0x1 0x5f0004 0x0 0x0 0x0 0x0 0x0 0x0 0x630002 0x0 0x0 0x0 0x0 0x0 0x0 0x0 0x9 0x3 0x0 0xffffffffffffffff 0xffffffffffffffff oops 4 21 org/eclipse/jdt/internal/compiler/lookup/CompilationUnitScope 28 org/eclipse/jdt/internal/compiler/lookup/BinaryTypeBinding 39 org/eclipse/jdt/internal/compiler/lookup/CompilationUnitScope 68 org/eclipse/jdt/internal/compiler/lookup/BinaryTypeBinding methods 0
ciMethodData org/eclipse/jdt/internal/compiler/lookup/CompilationUnitScope typeToRecord (Lorg/eclipse/jdt/internal/compiler/lookup/TypeBinding;)Lorg/eclipse/jdt/internal/compiler/lookup/ReferenceBinding; 2 8184 orig 80 0 0 0 0 0 0 0 0 0 0 0 0 210 1 0 0 0 0 0 0 0 0 0 0 0 0 0 0 0 0 0 0 0 0 0 0 0 0 0 0 0 0 0 0 0 0 0 0 0 0 0 0 0 0 0 0 0 0 0 0 0 0 0 0 0 0 0 0 0 0 0 0 0 0 0 0 0 0 0 0 data 91 0x10007 0x1ff8 0x90 0x0 0x70004 0x0 0x0 0x1d2f39b1ea8 0x3 0x0 0x0 0xa0005 0x3 0x0 0x0 0x0 0x0 0x0 0xf0005 0x1ffb 0x0 0x0 0x0 0x0 0x0 0x120007 0x3 0xffffffffffffff58 0x1ff8 0x160005 0x455 0x0 0x1d2f7098720 0x12be 0x1d2f7098a90 0x8e5 0x190008 0x12 0x1d63 0xd8 0xad 0xa0 0x1db 0xa0 0x0 0xa0 0x9 0xa0 0x0 0xa0 0x0 0xa0 0x0 0xa0 0x4 0xa0 0x670005 0x0 0x0 0x1d2f6d11090 0x1db 0x1d2f39b1f58 0x9 0x6c0004 0x0 0x0 0x1d2f7098720 0x133e 0x1d2f7098a90 0xa48 0x710005 0x1f47 0x0 0x0 0x0 0x0 0x0 0x740007 0x1f24 0x20 0x23 0x0 0x0 0x0 0x0 0x0 0x0 0x9 0x2 0x0 0xffffffffffffffff oops 7 7 org/eclipse/jdt/internal/compiler/lookup/ArrayBinding 32 org/eclipse/jdt/internal/compiler/lookup/SourceTypeBinding 34 org/eclipse/jdt/internal/compiler/lookup/BinaryTypeBinding 59 org/eclipse/jdt/internal/compiler/lookup/ParameterizedTypeBinding 61 org/eclipse/jdt/internal/compiler/lookup/RawTypeBinding 66 org/eclipse/jdt/internal/compiler/lookup/SourceTypeBinding 68 org/eclipse/jdt/internal/compiler/lookup/BinaryTypeBinding methods 0
ciMethodData org/eclipse/jdt/internal/compiler/lookup/SourceTypeBinding typeVariables ()[Lorg/eclipse/jdt/internal/compiler/lookup/TypeVariableBinding; 2 2808 orig 80 0 0 0 0 0 0 0 0 0 0 0 0 210 1 0 0 0 0 0 0 0 0 0 0 0 0 0 0 0 0 0 0 0 0 0 0 0 0 0 0 0 0 0 0 0 0 0 0 0 0 0 0 0 0 0 0 0 0 0 0 0 0 0 0 0 0 0 0 0 0 0 0 0 0 0 0 0 0 0 0 data 34 0x10005 0x14 0x0 0x1d2f7098720 0xa74 0x1d2f70987d0 0x70 0x40007 0xaf8 0x58 0x0 0xc0005 0x0 0x0 0x0 0x0 0x0 0x0 0x180007 0x0 0x38 0xaf8 0x1f0003 0xaf8 0x18 0x0 0x0 0x0 0x0 0x0 0x0 0x9 0x1 0x0 oops 2 3 org/eclipse/jdt/internal/compiler/lookup/SourceTypeBinding 5 org/eclipse/jdt/internal/compiler/lookup/MemberTypeBinding methods 0
ciMethodData org/eclipse/jdt/internal/compiler/lookup/Scope enclosingReceiverType ()Lorg/eclipse/jdt/internal/compiler/lookup/ReferenceBinding; 2 2900 orig 80 0 0 0 0 0 0 0 0 0 0 0 0 210 1 0 0 0 0 0 0 0 0 0 0 0 0 0 0 0 0 0 0 0 0 0 0 0 0 0 0 0 0 0 0 0 0 0 0 0 0 0 0 0 0 0 0 0 0 0 0 0 0 0 0 0 0 0 0 0 0 0 0 0 0 0 0 0 0 0 0 data 45 0x30004 0xfffffffffffff813 0x0 0x1d2f7098670 0xb54 0x0 0x0 0x60007 0x7ed 0xc8 0xb54 0xa0005 0xb54 0x0 0x0 0x0 0x0 0x0 0xe0004 0x0 0x0 0x1d2f7098670 0xb54 0x0 0x0 0x170005 0x0 0x0 0x1d2f7098ca0 0xb54 0x0 0x0 0x210007 0x7ed 0xffffffffffffff00 0x0 0x0 0x0 0x0 0x0 0x0 0x0 0x9 0x1 0x0 oops 3 3 org/eclipse/jdt/internal/compiler/lookup/ClassScope 21 org/eclipse/jdt/internal/compiler/lookup/ClassScope 28 org/eclipse/jdt/internal/compiler/lookup/LookupEnvironment methods 0
ciMethodData org/eclipse/jdt/internal/compiler/lookup/PackageBinding getType ([CLorg/eclipse/jdt/internal/compiler/lookup/ModuleBinding;)Lorg/eclipse/jdt/internal/compiler/lookup/ReferenceBinding; 1 10 orig 80 0 0 0 0 0 0 0 0 0 0 0 0 210 1 0 0 0 0 0 0 0 0 0 0 0 0 0 0 0 0 0 0 0 0 0 0 0 0 0 0 0 0 0 0 0 0 0 0 0 0 0 0 0 0 0 0 0 0 0 0 0 0 0 0 0 0 0 0 0 0 0 0 0 0 0 0 0 0 0 0 data 86 0x20005 0x0 0x0 0x1d2f7098b40 0xa 0x0 0x0 0x70007 0xa 0xb0 0x0 0x110005 0x0 0x0 0x0 0x0 0x0 0x0 0x160007 0x0 0x58 0x0 0x1b0005 0x0 0x0 0x0 0x0 0x0 0x0 0x240007 0x0 0x20 0xa 0x2f0002 0x0 0x320004 0x0 0x0 0x0 0x0 0x0 0x0 0x370005 0x0 0x0 0x0 0x0 0x0 0x0 0x3a0007 0x0 0x68 0x0 0x480004 0x0 0x0 0x0 0x0 0x0 0x0 0x4b0002 0x0 0x510005 0x0 0x0 0x0 0x0 0x0 0x0 0x540007 0x0 0x30 0x0 0x620002 0x0 0x0 0x0 0x0 0x0 0x0 0x0 0x9 0x3 0x0 0x0 0x0 oops 1 3 org/eclipse/jdt/internal/compiler/lookup/PlainPackageBinding methods 0
ciMethodData org/eclipse/jdt/internal/compiler/lookup/CompilationUnitScope findSingleImport ([[CIZ)Lorg/eclipse/jdt/internal/compiler/lookup/Binding; 1 542 orig 80 0 0 0 0 0 0 0 0 0 0 0 0 210 1 0 0 0 0 0 0 0 0 0 0 0 0 0 0 0 0 0 0 0 0 0 0 0 0 0 0 0 0 0 0 0 0 0 0 0 0 0 0 0 0 0 0 0 0 0 0 0 0 0 0 0 0 0 0 0 0 0 0 0 0 0 0 0 0 0 0 data 71 0x30007 0x21e 0x148 0x0 0x70005 0x0 0x0 0x0 0x0 0x0 0x0 0x110007 0x0 0x88 0x0 0x180005 0x0 0x0 0x0 0x0 0x0 0x0 0x1b0007 0x0 0x30 0x0 0x250002 0x0 0x380005 0x0 0x0 0x0 0x0 0x0 0x0 0x3f0007 0x0 0x30 0x0 0x490002 0x0 0x510007 0x216 0x58 0x8 0x570005 0x8 0x0 0x0 0x0 0x0 0x0 0x5f0005 0x216 0x0 0x0 0x0 0x0 0x0 0x0 0x0 0x0 0x0 0x0 0x0 0x9 0x4 0xffffffffffffffff 0xffffffffffffffff 0x0 0x0 oops 0 methods 0
ciMethodData org/eclipse/jdt/internal/compiler/lookup/ImportBinding setResolvedImport (Lorg/eclipse/jdt/internal/compiler/lookup/Binding;)Lorg/eclipse/jdt/internal/compiler/lookup/Binding; 1 8 orig 80 0 0 0 0 0 0 0 0 0 0 0 0 210 1 0 0 0 0 0 0 0 0 0 0 0 0 0 0 0 0 0 0 0 0 0 0 0 0 0 0 0 0 0 0 0 0 0 0 0 0 0 0 0 0 0 0 0 0 0 0 0 0 0 0 0 0 0 0 0 0 0 0 0 0 0 0 0 0 0 0 data 7 0x0 0x0 0x0 0x9 0x2 0x8 0x0 oops 0 methods 0
ciMethodData org/eclipse/jdt/internal/compiler/lookup/ReferenceBinding canBeSeenBy (Lorg/eclipse/jdt/internal/compiler/lookup/PackageBinding;)Z 1 522 orig 80 0 0 0 0 0 0 0 0 0 0 0 0 210 1 0 0 0 0 0 0 0 0 0 0 0 0 0 0 0 0 0 0 0 0 0 0 0 0 0 0 0 0 0 0 0 0 0 0 0 0 0 0 0 0 0 0 0 0 0 0 0 0 0 0 0 0 0 0 0 0 0 0 0 0 0 0 0 0 0 0 data 36 0x10005 0x20a 0x0 0x0 0x0 0x0 0x0 0x40007 0x0 0x20 0x20a 0xa0005 0x0 0x0 0x0 0x0 0x0 0x0 0xd0007 0x0 0x20 0x0 0x170007 0x0 0x20 0x0 0x0 0x0 0x0 0x0 0x0 0x0 0x9 0x2 0x0 0x0 oops 0 methods 0
ciMethodData org/eclipse/jdt/internal/compiler/lookup/ReferenceBinding isPublic ()Z 2 2301 orig 80 0 0 0 0 0 0 0 0 0 0 0 0 210 1 0 0 0 0 0 0 0 0 0 0 0 0 0 0 0 0 0 0 0 0 0 0 0 0 0 0 0 0 0 0 0 0 0 0 0 0 0 0 0 0 0 0 0 0 0 0 0 0 0 0 0 0 0 0 0 0 0 0 0 0 0 0 0 0 0 0 data 11 0x60007 0x39 0x20 0x8c4 0x0 0x0 0x0 0x0 0x9 0x1 0x0 oops 0 methods 0
ciMethodData org/eclipse/jdt/internal/compiler/lookup/ReferenceBinding isPrivate ()Z 1 266 orig 80 0 0 0 0 0 0 0 0 0 0 0 0 210 1 0 0 0 0 0 0 0 0 0 0 0 0 0 0 0 0 0 0 0 0 0 0 0 0 0 0 0 0 0 0 0 0 0 0 0 0 0 0 0 0 0 0 0 0 0 0 0 0 0 0 0 0 0 0 0 0 0 0 0 0 0 0 0 0 0 0 data 11 0x60007 0xf2 0x20 0x18 0x0 0x0 0x0 0x0 0x9 0x1 0x0 oops 0 methods 0
ciMethodData org/eclipse/jdt/internal/compiler/lookup/CompilationUnitScope recordReference (Lorg/eclipse/jdt/internal/compiler/lookup/ReferenceBinding;[C)V 1 3 orig 80 0 0 0 0 0 0 0 0 0 0 0 0 210 1 0 0 0 0 0 0 0 0 0 0 0 0 0 0 0 0 0 0 0 0 0 0 0 0 0 0 0 0 0 0 0 0 0 0 0 0 0 0 0 0 0 0 0 0 0 0 0 0 0 0 0 0 0 0 0 0 0 0 0 0 0 0 0 0 0 0 data 29 0x20005 0x3 0x0 0x0 0x0 0x0 0x0 0x70007 0x0 0x58 0x3 0x100005 0x0 0x0 0x1d2f7098880 0x3 0x0 0x0 0x0 0x0 0x0 0x0 0x0 0x0 0x9 0x3 0x0 0x0 0x0 oops 1 14 org/eclipse/jdt/internal/compiler/lookup/CompilationUnitScope methods 0
ciMethodData org/eclipse/jdt/internal/compiler/lookup/Scope getCurrentPackage ()Lorg/eclipse/jdt/internal/compiler/lookup/PackageBinding; 1 192 orig 80 0 0 0 0 0 0 0 0 0 0 0 0 210 1 0 0 0 0 0 0 0 0 0 0 0 0 0 0 0 0 0 0 0 0 0 0 0 0 0 0 0 0 0 0 0 0 0 0 0 0 0 0 0 0 0 0 0 0 0 0 0 0 0 0 0 0 0 0 0 0 0 0 0 0 0 0 0 0 0 0 data 7 0x0 0x0 0x0 0x0 0x9 0x1 0x0 oops 0 methods 0
ciMethodData org/eclipse/jdt/internal/compiler/lookup/BinaryTypeBinding <init> ()V 1 1 orig 80 0 0 0 0 0 0 0 0 0 0 0 0 210 1 0 0 0 0 0 0 0 0 0 0 0 0 0 0 0 0 0 0 0 0 0 0 0 0 0 0 0 0 0 0 0 0 0 0 0 0 0 0 0 0 0 0 0 0 0 0 0 0 0 0 0 0 0 0 0 0 0 0 0 0 0 0 0 0 0 0 data 9 0x10002 0x1 0x0 0x0 0x0 0x0 0x9 0x1 0x7861e oops 0 methods 0
ciMethodData org/eclipse/jdt/internal/compiler/lookup/MissingTypeBinding <init> (Lorg/eclipse/jdt/internal/compiler/lookup/PackageBinding;[[CLorg/eclipse/jdt/internal/compiler/lookup/LookupEnvironment;)V 1 2 orig 80 0 0 0 0 0 0 0 0 0 0 0 0 210 1 0 0 0 0 0 0 0 0 0 0 0 0 0 0 0 0 0 0 0 0 0 0 0 0 0 0 0 0 0 0 0 0 0 0 0 0 0 0 0 0 0 0 0 0 0 0 0 0 0 0 0 0 0 0 0 0 0 0 0 0 0 0 0 0 0 0 data 30 0x10002 0x2 0xa0005 0x0 0x0 0x1d2f7098bf0 0x2 0x0 0x0 0x270002 0x2 0x0 0x0 0x0 0x0 0x0 0x0 0x0 0x0 0x0 0x0 0x0 0x0 0x0 0x9 0x4 0x7fefe 0x0 0x0 0x0 oops 1 5 org/eclipse/jdt/internal/compiler/lookup/MissingTypeBinding methods 0
compile org/eclipse/jdt/internal/compiler/lookup/Scope getTypeOrPackage ([CIZ)Lorg/eclipse/jdt/internal/compiler/lookup/Binding; -1 4 inline 128 0 -1 0 org/eclipse/jdt/internal/compiler/lookup/Scope getTypeOrPackage ([CIZ)Lorg/eclipse/jdt/internal/compiler/lookup/Binding; 1 34 0 org/eclipse/jdt/internal/compiler/lookup/Scope compilerOptions ()Lorg/eclipse/jdt/internal/compiler/impl/CompilerOptions; 2 1 0 org/eclipse/jdt/internal/compiler/lookup/Scope compilationUnitScope ()Lorg/eclipse/jdt/internal/compiler/lookup/CompilationUnitScope; 1 851 0 org/eclipse/jdt/internal/compiler/util/HashtableOfObject get ([C)Ljava/lang/Object; 2 7 0 org/eclipse/jdt/core/compiler/CharOperation hashCode ([C)I 3 1 0 java/util/Arrays hashCode ([C)I 2 19 0 org/eclipse/jdt/core/compiler/CharOperation equals ([C[C)Z 1 888 0 org/eclipse/jdt/internal/compiler/lookup/ImportBinding getResolvedImport ()Lorg/eclipse/jdt/internal/compiler/lookup/Binding; 1 1076 0 org/eclipse/jdt/internal/compiler/lookup/ImportBinding getSimpleName ()[C 2 11 0 org/eclipse/jdt/internal/compiler/ast/ImportReference getSimpleName ()[C 1 1080 0 org/eclipse/jdt/core/compiler/CharOperation equals ([C[C)Z 1 1091 0 org/eclipse/jdt/internal/compiler/lookup/CompilationUnitScope resolveSingleImport (Lorg/eclipse/jdt/internal/compiler/lookup/ImportBinding;I)Lorg/eclipse/jdt/internal/compiler/lookup/Binding; 2 1 0 org/eclipse/jdt/internal/compiler/lookup/ImportBinding getResolvedImport ()Lorg/eclipse/jdt/internal/compiler/lookup/Binding; 1 1127 0 org/eclipse/jdt/internal/compiler/lookup/ImportBinding getResolvedImport ()Lorg/eclipse/jdt/internal/compiler/lookup/Binding; 1 1177 0 org/eclipse/jdt/internal/compiler/lookup/CompilationUnitScope recordReference ([[C[C)V 2 2 0 org/eclipse/jdt/internal/compiler/lookup/CompilationUnitScope recordQualifiedReference ([[C)V 3 20 0 org/eclipse/jdt/internal/compiler/lookup/CompilationUnitScope recordRootReference ([C)V 4 13 0 org/eclipse/jdt/internal/compiler/lookup/SortedSimpleNameVector add ([C)Z 5 13 0 java/util/Arrays binarySearch ([Ljava/lang/Object;IILjava/lang/Object;Ljava/util/Comparator;)I 6 4 0 java/util/Arrays rangeCheck (III)V 6 13 0 java/util/Arrays binarySearch0 ([Ljava/lang/Object;IILjava/lang/Object;Ljava/util/Comparator;)I 7 48 0  @bci org/eclipse/jdt/internal/compiler/util/SortedCharArrays <clinit> ()V 0 <appendix> argL0 ; compare (Ljava/lang/Object;Ljava/lang/Object;)I 8 8 0 org/eclipse/jdt/internal/compiler/util/SortedCharArrays compareCharArray ([C[C)I 5 71 0 org/eclipse/jdt/internal/compiler/util/SortedCharArrays insertIntoArray ([Ljava/lang/Object;[Ljava/lang/Object;Ljava/lang/Object;II)[Ljava/lang/Object; 3 74 0 org/eclipse/jdt/internal/compiler/lookup/SortedCompoundNameVector add ([[C)Z 4 13 0 java/util/Arrays binarySearch ([Ljava/lang/Object;IILjava/lang/Object;Ljava/util/Comparator;)I 5 4 0 java/util/Arrays rangeCheck (III)V 5 13 0 java/util/Arrays binarySearch0 ([Ljava/lang/Object;IILjava/lang/Object;Ljava/util/Comparator;)I 6 48 0  @bci org/eclipse/jdt/internal/compiler/util/SortedCharArrays <clinit> ()V 8 <appendix> argL0 ; compare (Ljava/lang/Object;Ljava/lang/Object;)I 7 8 0 org/eclipse/jdt/internal/compiler/util/SortedCharArrays compareCharCharArray ([[C[[C)I 8 42 0 org/eclipse/jdt/internal/compiler/util/SortedCharArrays compareCharArray ([C[C)I 4 71 0 org/eclipse/jdt/internal/compiler/util/SortedCharArrays insertIntoArray ([Ljava/lang/Object;[Ljava/lang/Object;Ljava/lang/Object;II)[Ljava/lang/Object; 3 35 0 org/eclipse/jdt/internal/compiler/lookup/CompilationUnitScope recordSimpleReference ([C)V 4 13 0 org/eclipse/jdt/internal/compiler/lookup/SortedSimpleNameVector add ([C)Z 5 13 0 java/util/Arrays binarySearch ([Ljava/lang/Object;IILjava/lang/Object;Ljava/util/Comparator;)I 6 4 0 java/util/Arrays rangeCheck (III)V 6 13 0 java/util/Arrays binarySearch0 ([Ljava/lang/Object;IILjava/lang/Object;Ljava/util/Comparator;)I 7 48 0  @bci org/eclipse/jdt/internal/compiler/util/SortedCharArrays <clinit> ()V 0 <appendix> argL0 ; compare (Ljava/lang/Object;Ljava/lang/Object;)I 8 8 0 org/eclipse/jdt/internal/compiler/util/SortedCharArrays compareCharArray ([C[C)I 5 71 0 org/eclipse/jdt/internal/compiler/util/SortedCharArrays insertIntoArray ([Ljava/lang/Object;[Ljava/lang/Object;Ljava/lang/Object;II)[Ljava/lang/Object; 3 42 0 org/eclipse/jdt/internal/compiler/lookup/CompilationUnitScope recordSimpleReference ([C)V 4 13 0 org/eclipse/jdt/internal/compiler/lookup/SortedSimpleNameVector add ([C)Z 5 13 0 java/util/Arrays binarySearch ([Ljava/lang/Object;IILjava/lang/Object;Ljava/util/Comparator;)I 6 4 0 java/util/Arrays rangeCheck (III)V 6 13 0 java/util/Arrays binarySearch0 ([Ljava/lang/Object;IILjava/lang/Object;Ljava/util/Comparator;)I 7 48 0  @bci org/eclipse/jdt/internal/compiler/util/SortedCharArrays <clinit> ()V 0 <appendix> argL0 ; compare (Ljava/lang/Object;Ljava/lang/Object;)I 8 8 0 org/eclipse/jdt/internal/compiler/util/SortedCharArrays compareCharArray ([C[C)I 5 71 0 org/eclipse/jdt/internal/compiler/util/SortedCharArrays insertIntoArray ([Ljava/lang/Object;[Ljava/lang/Object;Ljava/lang/Object;II)[Ljava/lang/Object; 3 53 0 org/eclipse/jdt/internal/compiler/lookup/CompilationUnitScope recordSimpleReference ([C)V 4 13 0 org/eclipse/jdt/internal/compiler/lookup/SortedSimpleNameVector add ([C)Z 5 13 0 java/util/Arrays binarySearch ([Ljava/lang/Object;IILjava/lang/Object;Ljava/util/Comparator;)I 6 4 0 java/util/Arrays rangeCheck (III)V 6 13 0 java/util/Arrays binarySearch0 ([Ljava/lang/Object;IILjava/lang/Object;Ljava/util/Comparator;)I 7 48 0  @bci org/eclipse/jdt/internal/compiler/util/SortedCharArrays <clinit> ()V 0 <appendix> argL0 ; compare (Ljava/lang/Object;Ljava/lang/Object;)I 8 8 0 org/eclipse/jdt/internal/compiler/util/SortedCharArrays compareCharArray ([C[C)I 5 71 0 org/eclipse/jdt/internal/compiler/util/SortedCharArrays insertIntoArray ([Ljava/lang/Object;[Ljava/lang/Object;Ljava/lang/Object;II)[Ljava/lang/Object; 3 92 0 org/eclipse/jdt/internal/compiler/lookup/CompilationUnitScope recordRootReference ([C)V 4 13 0 org/eclipse/jdt/internal/compiler/lookup/SortedSimpleNameVector add ([C)Z 5 13 0 java/util/Arrays binarySearch ([Ljava/lang/Object;IILjava/lang/Object;Ljava/util/Comparator;)I 6 4 0 java/util/Arrays rangeCheck (III)V 6 13 0 java/util/Arrays binarySearch0 ([Ljava/lang/Object;IILjava/lang/Object;Ljava/util/Comparator;)I 7 48 0  @bci org/eclipse/jdt/internal/compiler/util/SortedCharArrays <clinit> ()V 0 <appendix> argL0 ; compare (Ljava/lang/Object;Ljava/lang/Object;)I 8 8 0 org/eclipse/jdt/internal/compiler/util/SortedCharArrays compareCharArray ([C[C)I 5 71 0 org/eclipse/jdt/internal/compiler/util/SortedCharArrays insertIntoArray ([Ljava/lang/Object;[Ljava/lang/Object;Ljava/lang/Object;II)[Ljava/lang/Object; 3 99 0 org/eclipse/jdt/internal/compiler/lookup/CompilationUnitScope recordSimpleReference ([C)V 4 13 0 org/eclipse/jdt/internal/compiler/lookup/SortedSimpleNameVector add ([C)Z 5 13 0 java/util/Arrays binarySearch ([Ljava/lang/Object;IILjava/lang/Object;Ljava/util/Comparator;)I 6 4 0 java/util/Arrays rangeCheck (III)V 6 13 0 java/util/Arrays binarySearch0 ([Ljava/lang/Object;IILjava/lang/Object;Ljava/util/Comparator;)I 7 48 0  @bci org/eclipse/jdt/internal/compiler/util/SortedCharArrays <clinit> ()V 0 <appendix> argL0 ; compare (Ljava/lang/Object;Ljava/lang/Object;)I 8 8 0 org/eclipse/jdt/internal/compiler/util/SortedCharArrays compareCharArray ([C[C)I 5 71 0 org/eclipse/jdt/internal/compiler/util/SortedCharArrays insertIntoArray ([Ljava/lang/Object;[Ljava/lang/Object;Ljava/lang/Object;II)[Ljava/lang/Object; 2 17 0 org/eclipse/jdt/internal/compiler/lookup/CompilationUnitScope recordSimpleReference ([C)V 3 13 0 org/eclipse/jdt/internal/compiler/lookup/SortedSimpleNameVector add ([C)Z 4 13 0 java/util/Arrays binarySearch ([Ljava/lang/Object;IILjava/lang/Object;Ljava/util/Comparator;)I 5 4 0 java/util/Arrays rangeCheck (III)V 5 13 0 java/util/Arrays binarySearch0 ([Ljava/lang/Object;IILjava/lang/Object;Ljava/util/Comparator;)I 6 48 0  @bci org/eclipse/jdt/internal/compiler/util/SortedCharArrays <clinit> ()V 0 <appendix> argL0 ; compare (Ljava/lang/Object;Ljava/lang/Object;)I 7 8 0 org/eclipse/jdt/internal/compiler/util/SortedCharArrays compareCharArray ([C[C)I 4 71 0 org/eclipse/jdt/internal/compiler/util/SortedCharArrays insertIntoArray ([Ljava/lang/Object;[Ljava/lang/Object;Ljava/lang/Object;II)[Ljava/lang/Object; 1 1281 0 org/eclipse/jdt/internal/compiler/lookup/ImportBinding getResolvedImport ()Lorg/eclipse/jdt/internal/compiler/lookup/Binding; 1 1331 0 org/eclipse/jdt/internal/compiler/lookup/Scope findType ([CLorg/eclipse/jdt/internal/compiler/lookup/PackageBinding;Lorg/eclipse/jdt/internal/compiler/lookup/PackageBinding;)Lorg/eclipse/jdt/internal/compiler/lookup/ReferenceBinding; 2 1 0 org/eclipse/jdt/internal/compiler/lookup/Scope compilationUnitScope ()Lorg/eclipse/jdt/internal/compiler/lookup/CompilationUnitScope; 2 67 0 org/eclipse/jdt/internal/compiler/lookup/ProblemReferenceBinding <init> ([[CLorg/eclipse/jdt/internal/compiler/lookup/ReferenceBinding;I)V 3 1 0 org/eclipse/jdt/internal/compiler/lookup/ReferenceBinding <init> ()V 4 1 0 org/eclipse/jdt/internal/compiler/lookup/TypeBinding <init> ()V 5 1 0 org/eclipse/jdt/internal/compiler/lookup/Binding <init> ()V 6 1 0 java/lang/Object <init> ()V 1 1348 0 org/eclipse/jdt/internal/compiler/lookup/Scope compilationUnitScope ()Lorg/eclipse/jdt/internal/compiler/lookup/CompilationUnitScope; 1 1382 0 org/eclipse/jdt/internal/compiler/lookup/Scope compilationUnitScope ()Lorg/eclipse/jdt/internal/compiler/lookup/CompilationUnitScope; 1 1400 0 org/eclipse/jdt/internal/compiler/lookup/TypeBinding notEquals (Lorg/eclipse/jdt/internal/compiler/lookup/TypeBinding;Lorg/eclipse/jdt/internal/compiler/lookup/TypeBinding;)Z 1 1413 0 org/eclipse/jdt/internal/compiler/lookup/Binding isValidBinding ()Z 1 1538 0 org/eclipse/jdt/internal/compiler/lookup/CompilationUnitScope recordSimpleReference ([C)V 2 13 0 org/eclipse/jdt/internal/compiler/lookup/SortedSimpleNameVector add ([C)Z 3 13 0 java/util/Arrays binarySearch ([Ljava/lang/Object;IILjava/lang/Object;Ljava/util/Comparator;)I 4 4 0 java/util/Arrays rangeCheck (III)V 4 13 0 java/util/Arrays binarySearch0 ([Ljava/lang/Object;IILjava/lang/Object;Ljava/util/Comparator;)I 5 48 0  @bci org/eclipse/jdt/internal/compiler/util/SortedCharArrays <clinit> ()V 0 <appendix> argL0 ; compare (Ljava/lang/Object;Ljava/lang/Object;)I 6 8 0 org/eclipse/jdt/internal/compiler/util/SortedCharArrays compareCharArray ([C[C)I 3 71 0 org/eclipse/jdt/internal/compiler/util/SortedCharArrays insertIntoArray ([Ljava/lang/Object;[Ljava/lang/Object;Ljava/lang/Object;II)[Ljava/lang/Object; 1 1625 0 org/eclipse/jdt/internal/compiler/lookup/Scope environment ()Lorg/eclipse/jdt/internal/compiler/lookup/LookupEnvironment; 1 1661 0 org/eclipse/jdt/internal/compiler/lookup/Binding isValidBinding ()Z 1 1672 0 org/eclipse/jdt/internal/compiler/lookup/Scope environment ()Lorg/eclipse/jdt/internal/compiler/lookup/LookupEnvironment; 1 1696 0 org/eclipse/jdt/internal/compiler/lookup/ProblemReferenceBinding <init> ([[CLorg/eclipse/jdt/internal/compiler/lookup/ReferenceBinding;I)V 2 1 0 org/eclipse/jdt/internal/compiler/lookup/ReferenceBinding <init> ()V 3 1 0 org/eclipse/jdt/internal/compiler/lookup/TypeBinding <init> ()V 4 1 0 org/eclipse/jdt/internal/compiler/lookup/Binding <init> ()V 5 1 0 java/lang/Object <init> ()V 1 351 0 org/eclipse/jdt/internal/compiler/lookup/ReferenceBinding getTypeVariable ([C)Lorg/eclipse/jdt/internal/compiler/lookup/TypeVariableBinding; 2 18 0 org/eclipse/jdt/core/compiler/CharOperation equals ([C[C)Z 1 370 0 org/eclipse/jdt/core/compiler/CharOperation equals ([C[C)Z 1 383 0 org/eclipse/jdt/internal/compiler/lookup/ReferenceBinding isStatic ()Z 1 446 0 org/eclipse/jdt/internal/compiler/lookup/Binding problemId ()I 1 491 0 org/eclipse/jdt/internal/compiler/lookup/Binding isValidBinding ()Z 2 1 0 org/eclipse/jdt/internal/compiler/lookup/Binding problemId ()I 1 501 0 org/eclipse/jdt/internal/compiler/lookup/NestedTypeBinding enclosingType ()Lorg/eclipse/jdt/internal/compiler/lookup/ReferenceBinding; 1 522 0 org/eclipse/jdt/internal/compiler/lookup/ReferenceBinding isStatic ()Z 1 645 0 org/eclipse/jdt/internal/compiler/lookup/ReferenceBinding getTypeVariable ([C)Lorg/eclipse/jdt/internal/compiler/lookup/TypeVariableBinding; 2 18 0 org/eclipse/jdt/core/compiler/CharOperation equals ([C[C)Z 1 687 0 org/eclipse/jdt/internal/compiler/lookup/ReferenceBinding isStatic ()Z 1 695 0 org/eclipse/jdt/internal/compiler/lookup/TypeBinding isAnonymousType ()Z 1 717 0 org/eclipse/jdt/core/compiler/CharOperation equals ([C[C)Z 1 97 0 org/eclipse/jdt/internal/compiler/lookup/MethodScope referenceMethod ()Lorg/eclipse/jdt/internal/compiler/ast/AbstractMethodDeclaration; 1 121 0 org/eclipse/jdt/internal/compiler/lookup/MethodBinding getTypeVariable ([C)Lorg/eclipse/jdt/internal/compiler/lookup/TypeVariableBinding; 2 19 0 org/eclipse/jdt/core/compiler/CharOperation equals ([C[C)Z 1 268 0 org/eclipse/jdt/internal/compiler/lookup/BlockScope findLocalType ([C)Lorg/eclipse/jdt/internal/compiler/lookup/ReferenceBinding; 2 1 0 org/eclipse/jdt/internal/compiler/lookup/Scope compilerOptions ()Lorg/eclipse/jdt/internal/compiler/impl/CompilerOptions; 3 1 0 org/eclipse/jdt/internal/compiler/lookup/Scope compilationUnitScope ()Lorg/eclipse/jdt/internal/compiler/lookup/CompilationUnitScope;
