#
# A fatal error has been detected by the Java Runtime Environment:
#
#  EXCEPTION_ACCESS_VIOLATION (0xc0000005) at pc=0x00007ffa0fcfe0a9, pid=24004, tid=30304
#
# JRE version: OpenJDK Runtime Environment Microsoft-8035246 (17.0.8+7) (build 17.0.8+7-LTS)
# Java VM: OpenJDK 64-Bit Server VM Microsoft-8035246 (17.0.8+7-LTS, mixed mode, sharing, tiered, compressed oops, compressed class ptrs, g1 gc, windows-amd64)
# Problematic frame:
# V  [jvm.dll+0x2be0a9]
#
# No core dump will be written. Minidumps are not enabled by default on client versions of Windows
#
# If you would like to submit a bug report, please visit:
#   https://github.com/microsoft/openjdk/issues
#

---------------  S U M M A R Y ------------

Command Line: -XX:MaxMetaspaceSize=512m --add-opens=java.base/java.util=ALL-UNNAMED --add-opens=java.base/java.lang=ALL-UNNAMED --add-opens=java.base/java.lang.invoke=ALL-UNNAMED --add-opens=java.prefs/java.util.prefs=ALL-UNNAMED --add-opens=java.base/java.nio.charset=ALL-UNNAMED --add-opens=java.base/java.net=ALL-UNNAMED --add-opens=java.base/java.util.concurrent.atomic=ALL-UNNAMED -Xmx2048m -Dfile.encoding=windows-1252 -Duser.country=IN -Duser.language=en -Duser.variant -javaagent:C:\Users\Admin\.gradle\wrapper\dists\gradle-8.3-all\6en3ugtfdg5xnpx44z4qbwgas\gradle-8.3\lib\agents\gradle-instrumentation-agent-8.3.jar org.gradle.launcher.daemon.bootstrap.GradleDaemon 8.3

Host: 11th Gen Intel(R) Core(TM) i5-1135G7 @ 2.40GHz, 8 cores, 15G,  Windows 11 , 64 bit Build 22621 (10.0.22621.3235)
Time: Tue Apr 16 16:51:57 2024 India Standard Time elapsed time: 127.810903 seconds (0d 0h 2m 7s)

---------------  T H R E A D  ---------------

Current thread (0x0000020f1f152720):  JavaThread "C2 CompilerThread0" daemon [_thread_in_native, id=30304, stack(0x0000007268e00000,0x0000007268f00000)]


Current CompileTask:
C2: 127811 17543   !   4       org.gradle.cache.internal.DefaultMultiProcessSafeIndexedCache::getIfPresent (25 bytes)

Stack: [0x0000007268e00000,0x0000007268f00000],  sp=0x0000007268efb5f0,  free space=1005k
Native frames: (J=compiled Java code, j=interpreted, Vv=VM code, C=native code)
V  [jvm.dll+0x2be0a9]
V  [jvm.dll+0x21ba8b]
V  [jvm.dll+0x21944b]
V  [jvm.dll+0x1a56b6]
V  [jvm.dll+0x2291ea]
V  [jvm.dll+0x22724c]
V  [jvm.dll+0x7efd0c]
V  [jvm.dll+0x7ea13a]
V  [jvm.dll+0x67ad85]
C  [ucrtbase.dll+0x29363]
C  [KERNEL32.DLL+0x1257d]
C  [ntdll.dll+0x5aa58]


siginfo: EXCEPTION_ACCESS_VIOLATION (0xc0000005), reading address 0x0000000000000028


Register to memory mapping:

RIP=0x00007ffa0fcfe0a9 jvm.dll
RAX=0x0000020f2d31ccc0 points into unknown readable memory: 0x0000000000000000 | 00 00 00 00 00 00 00 00
RBX=0x0000000000001cb6 is an unknown value
RCX=0x0 is NULL
RDX=0x0 is NULL
RSP=0x0000007268efb5f0 is pointing into the stack for thread: 0x0000020f1f152720
RBP=0x0000007268efb660 is pointing into the stack for thread: 0x0000020f1f152720
RSI=0x0 is NULL
RDI=0x0000000000000069 is an unknown value
R8 =0x000000000000ffe0 is an unknown value
R9 =0x0 is NULL
R10=0x00007ffa68d30000 VCRUNTIME140.dll
R11=0x0000020f2d31cce0 points into unknown readable memory: 0x0000000000000000 | 00 00 00 00 00 00 00 00
R12=0x0000000000000050 is an unknown value
R13=0x0 is NULL
R14=0x0 is NULL
R15=0x0000007268efe810 is pointing into the stack for thread: 0x0000020f1f152720


Registers:
RAX=0x0000020f2d31ccc0, RBX=0x0000000000001cb6, RCX=0x0000000000000000, RDX=0x0000000000000000
RSP=0x0000007268efb5f0, RBP=0x0000007268efb660, RSI=0x0000000000000000, RDI=0x0000000000000069
R8 =0x000000000000ffe0, R9 =0x0000000000000000, R10=0x00007ffa68d30000, R11=0x0000020f2d31cce0
R12=0x0000000000000050, R13=0x0000000000000000, R14=0x0000000000000000, R15=0x0000007268efe810
RIP=0x00007ffa0fcfe0a9, EFLAGS=0x0000000000010202

Top of Stack: (sp=0x0000007268efb5f0)
0x0000007268efb5f0:   0000000000001cb6 0000000000000000
0x0000007268efb600:   0000007268efe810 00007ffa0fc638d1
0x0000007268efb610:   0000020f1f147ed0 00007ffa00002000
0x0000007268efb620:   0000020f2d31ccc0 0000020f00000000
0x0000007268efb630:   0000000000000002 0000020f2b15f920
0x0000007268efb640:   0000000000000002 0000020f1f147ed0
0x0000007268efb650:   0000000000000000 0000000000000000
0x0000007268efb660:   0000020f64b02020 0000020f446b8610
0x0000007268efb670:   0000000000000069 00007ffa10384c08
0x0000007268efb680:   0000007268efb790 00007ffa0fc5ba8b
0x0000007268efb690:   0000007268efe810 00007ffa10384c08
0x0000007268efb6a0:   0000007268efe810 0000007268efb790
0x0000007268efb6b0:   0000020f00000000 00007ffa1005b7fb
0x0000007268efb6c0:   000000720000000f 0000007268efe810
0x0000007268efb6d0:   0000007268efb840 0000000000000000
0x0000007268efb6e0:   0000020f00000100 00007ffa10384c08 

Instructions: (pc=0x00007ffa0fcfe0a9)
0x00007ffa0fcfdfa9:   3b d0 75 0b ff c1 41 3b c9 7c dc 48 8b c2 c3 33
0x00007ffa0fcfdfb9:   c0 c3 cc cc cc cc cc 48 89 5c 24 18 55 56 57 41
0x00007ffa0fcfdfc9:   55 41 57 48 8b ec 48 83 ec 70 65 48 8b 04 25 58
0x00007ffa0fcfdfd9:   00 00 00 48 8b f2 44 8b 05 d2 8b 90 00 4c 8b f9
0x00007ffa0fcfdfe9:   4a 8b 1c c0 b8 50 00 00 00 80 3c 18 00 75 05 e8
0x00007ffa0fcfdff9:   8b 6f 5d 00 b8 20 00 00 00 48 8b 04 18 48 8b 98
0x00007ffa0fcfe009:   38 02 00 00 48 89 5d b0 c7 45 b8 04 00 00 00 48
0x00007ffa0fcfe019:   8b 43 18 48 83 f8 df 76 18 4c 8d 05 37 a9 65 00
0x00007ffa0fcfe029:   ba 20 00 00 00 48 8b cb e8 5a eb de ff 48 8b 43
0x00007ffa0fcfe039:   18 48 8d 48 20 48 3b 4b 20 76 11 45 33 c0 48 8b
0x00007ffa0fcfe049:   cb 41 8d 50 20 e8 fd e8 de ff eb 04 48 89 4b 18
0x00007ffa0fcfe059:   44 8b 45 b8 33 d2 49 c1 e0 03 48 8b c8 48 89 45
0x00007ffa0fcfe069:   c0 e8 e3 80 5d 00 45 33 ed 48 8d 4d d0 44 89 6d
0x00007ffa0fcfe079:   c8 e8 01 59 56 00 41 8b 9f 40 02 00 00 41 2b 9f
0x00007ffa0fcfe089:   68 02 00 00 44 89 6d f0 3b 5d b8 72 0b 8b d3 48
0x00007ffa0fcfe099:   8d 4d b0 e8 6f b3 39 00 48 8b 45 c0 4c 89 2c d8
0x00007ffa0fcfe0a9:   8b 7e 28 8b df c1 eb 05 3b 5d d0 72 0b 8b d3 48
0x00007ffa0fcfe0b9:   8d 4d d0 e8 1f 59 56 00 48 8b 45 d8 83 e7 1f 48
0x00007ffa0fcfe0c9:   8d 14 98 40 0f b6 cf 41 b8 01 00 00 00 41 d3 e0
0x00007ffa0fcfe0d9:   8b 0a 8b c1 41 0b c0 89 02 41 85 c8 75 21 8b 5d
0x00007ffa0fcfe0e9:   c8 8d 43 01 89 45 c8 3b 5d b8 72 0b 8b d3 48 8d
0x00007ffa0fcfe0f9:   4d b0 e8 10 b3 39 00 48 8b 45 c0 48 89 34 d8 44
0x00007ffa0fcfe109:   39 6d c8 0f 86 77 01 00 00 4c 89 a4 24 a0 00 00
0x00007ffa0fcfe119:   00 4c 89 b4 24 a8 00 00 00 48 8b 45 c0 41 8b cd
0x00007ffa0fcfe129:   48 8b 34 c8 8b 46 2c 25 ff 1f 00 00 3d 04 10 00
0x00007ffa0fcfe139:   00 0f 85 a7 00 00 00 bb 01 00 00 00 39 5e 18 76
0x00007ffa0fcfe149:   39 66 0f 1f 44 00 00 48 8b 46 08 8b cb 48 8b 14
0x00007ffa0fcfe159:   c8 48 85 d2 74 1d 48 83 7a 10 00 74 16 80 7a 2c
0x00007ffa0fcfe169:   84 74 10 e8 7f 7e ee ff 48 8b d0 49 8b cf e8 a4
0x00007ffa0fcfe179:   61 f6 ff ff c3 3b 5e 18 72 cd 48 8b 5e 10 8b 46
0x00007ffa0fcfe189:   20 4c 8d 34 c3 49 3b de 73 54 48 8b 3b 8b 47 2c
0x00007ffa0fcfe199:   83 e0 03 3c 03 75 2e 48 8b 07 48 8b cf ff 90 88 


Stack slot to memory mapping:
stack at sp + 0 slots: 0x0000000000001cb6 is an unknown value
stack at sp + 1 slots: 0x0 is NULL
stack at sp + 2 slots: 0x0000007268efe810 is pointing into the stack for thread: 0x0000020f1f152720
stack at sp + 3 slots: 0x00007ffa0fc638d1 jvm.dll
stack at sp + 4 slots: 0x0000020f1f147ed0 points into unknown readable memory: 0x0000020f00000006 | 06 00 00 00 0f 02 00 00
stack at sp + 5 slots: 0x00007ffa00002000 is an unknown value
stack at sp + 6 slots: 0x0000020f2d31ccc0 points into unknown readable memory: 0x0000000000000000 | 00 00 00 00 00 00 00 00
stack at sp + 7 slots: 0x0000020f00000000 is pointing into metadata


---------------  P R O C E S S  ---------------

Threads class SMR info:
_java_thread_list=0x0000020f23f8b040, length=153, elements={
0x0000020f446a24a0, 0x0000020f64aff540, 0x0000020f64b01020, 0x0000020f1f1429b0,
0x0000020f1f143380, 0x0000020f1f145c60, 0x0000020f1f14e570, 0x0000020f1f152720,
0x0000020f1f15b0f0, 0x0000020f1f161a20, 0x0000020f1f22a330, 0x0000020f1f3087c0,
0x0000020f214f2b80, 0x0000020f1fe5b000, 0x0000020f2178ef00, 0x0000020f20589d00,
0x0000020f203f0470, 0x0000020f20efd460, 0x0000020f20efcf50, 0x0000020f20eff2c0,
0x0000020f20efde80, 0x0000020f20efe390, 0x0000020f20eff7d0, 0x0000020f20efe8a0,
0x0000020f20efedb0, 0x0000020f20effce0, 0x0000020f20efc530, 0x0000020f20efca40,
0x0000020f2120fc70, 0x0000020f21214d70, 0x0000020f21210180, 0x0000020f21215790,
0x0000020f21214860, 0x0000020f2120e320, 0x0000020f212115c0, 0x0000020f21215ca0,
0x0000020f212110b0, 0x0000020f2120e830, 0x0000020f21212f10, 0x0000020f2120ed40,
0x0000020f21213420, 0x0000020f2120f760, 0x0000020f21211fe0, 0x0000020f21211ad0,
0x0000020f21214350, 0x0000020f2244f420, 0x0000020f224535f0, 0x0000020f22453b00,
0x0000020f2244ea00, 0x0000020f22450860, 0x0000020f2244c690, 0x0000020f2244dfe0,
0x0000020f22454010, 0x0000020f2244dad0, 0x0000020f2244ef10, 0x0000020f2244e4f0,
0x0000020f224521b0, 0x0000020f22451790, 0x0000020f2244d5c0, 0x0000020f2244f930,
0x0000020f2244fe40, 0x0000020f2244cba0, 0x0000020f22452bd0, 0x0000020f2409f320,
0x0000020f2409ee10, 0x0000020f240a0250, 0x0000020f240a2ad0, 0x0000020f240a1ba0,
0x0000020f240a20b0, 0x0000020f2409dee0, 0x0000020f2409cfb0, 0x0000020f2409d9d0,
0x0000020f240a1690, 0x0000020f240a2fe0, 0x0000020f240a25c0, 0x0000020f240a0c70,
0x0000020f2409d4c0, 0x0000020f240a1180, 0x0000020f2409fd40, 0x0000020f240a34f0,
0x0000020f240a3a00, 0x0000020f240a3f10, 0x0000020f240a0760, 0x0000020f2409e3f0,
0x0000020f240a4420, 0x0000020f240a4930, 0x0000020f2371b3f0, 0x0000020f23718150,
0x0000020f23719590, 0x0000020f23718b70, 0x0000020f2371d760, 0x0000020f23719aa0,
0x0000020f2371dc70, 0x0000020f2371e180, 0x0000020f23717c40, 0x0000020f2371f5c0,
0x0000020f23718660, 0x0000020f21210690, 0x0000020f2244d0b0, 0x0000020f2552b070,
0x0000020f255310a0, 0x0000020f25d32000, 0x0000020f2552b580, 0x0000020f255315b0,
0x0000020f2552c9c0, 0x0000020f25531ac0, 0x0000020f2552d3e0, 0x0000020f2552ba90,
0x0000020f2552e820, 0x0000020f2552d8f0, 0x0000020f2552ed30, 0x0000020f25530680,
0x0000020f255324e0, 0x0000020f2552bfa0, 0x0000020f2552f240, 0x0000020f25531fd0,
0x0000020f2552c4b0, 0x0000020f2552ced0, 0x0000020f2552de00, 0x0000020f2552e310,
0x0000020f2552f750, 0x0000020f25530b90, 0x0000020f2552fc60, 0x0000020f2cd02ae0,
0x0000020f2cd05870, 0x0000020f2ccfee20, 0x0000020f2ccff840, 0x0000020f2cd03a10,
0x0000020f2ccffd50, 0x0000020f2cd020c0, 0x0000020f2cd01190, 0x0000020f2cd025d0,
0x0000020f2cd016a0, 0x0000020f2cd05360, 0x0000020f2cd02ff0, 0x0000020f2cd04e50,
0x0000020f2cd00260, 0x0000020f25d2c060, 0x0000020f2cd03f20, 0x0000020f2cd04940,
0x0000020f2cd05d80, 0x0000020f2ccfe910, 0x0000020f2cd06290, 0x0000020f2ccff330,
0x0000020f21213e40, 0x0000020f20efd970, 0x0000020f22e4cec0, 0x0000020f22e4d3d0,
0x0000020f22e473a0, 0x0000020f22e4ab50, 0x0000020f22e4a640, 0x0000020f22e4d8e0,
0x0000020f22e478b0
}

Java Threads: ( => current thread )
  0x0000020f446a24a0 JavaThread "main" [_thread_blocked, id=15056, stack(0x0000007268100000,0x0000007268200000)]
  0x0000020f64aff540 JavaThread "Reference Handler" daemon [_thread_blocked, id=14060, stack(0x0000007268800000,0x0000007268900000)]
  0x0000020f64b01020 JavaThread "Finalizer" daemon [_thread_blocked, id=25184, stack(0x0000007268900000,0x0000007268a00000)]
  0x0000020f1f1429b0 JavaThread "Signal Dispatcher" daemon [_thread_blocked, id=20488, stack(0x0000007268a00000,0x0000007268b00000)]
  0x0000020f1f143380 JavaThread "Attach Listener" daemon [_thread_blocked, id=28940, stack(0x0000007268b00000,0x0000007268c00000)]
  0x0000020f1f145c60 JavaThread "Service Thread" daemon [_thread_blocked, id=29072, stack(0x0000007268c00000,0x0000007268d00000)]
  0x0000020f1f14e570 JavaThread "Monitor Deflation Thread" daemon [_thread_blocked, id=26352, stack(0x0000007268d00000,0x0000007268e00000)]
=>0x0000020f1f152720 JavaThread "C2 CompilerThread0" daemon [_thread_in_native, id=30304, stack(0x0000007268e00000,0x0000007268f00000)]
  0x0000020f1f15b0f0 JavaThread "C1 CompilerThread0" daemon [_thread_blocked, id=17508, stack(0x0000007268f00000,0x0000007269000000)]
  0x0000020f1f161a20 JavaThread "Sweeper thread" daemon [_thread_blocked, id=19348, stack(0x0000007269000000,0x0000007269100000)]
  0x0000020f1f22a330 JavaThread "Common-Cleaner" daemon [_thread_blocked, id=22188, stack(0x0000007269100000,0x0000007269200000)]
  0x0000020f1f3087c0 JavaThread "Notification Thread" daemon [_thread_blocked, id=10988, stack(0x0000007269200000,0x0000007269300000)]
  0x0000020f214f2b80 JavaThread "Daemon health stats" [_thread_blocked, id=10556, stack(0x0000007269a00000,0x0000007269b00000)]
  0x0000020f1fe5b000 JavaThread "Incoming local TCP Connector on port 65417" [_thread_in_native, id=16572, stack(0x0000007269400000,0x0000007269500000)]
  0x0000020f2178ef00 JavaThread "Daemon periodic checks" [_thread_blocked, id=29508, stack(0x0000007269c00000,0x0000007269d00000)]
  0x0000020f20589d00 JavaThread "Daemon" [_thread_blocked, id=21248, stack(0x0000007269d00000,0x0000007269e00000)]
  0x0000020f203f0470 JavaThread "Handler for socket connection from /127.0.0.1:65417 to /127.0.0.1:65418" [_thread_in_native, id=33304, stack(0x0000007269e00000,0x0000007269f00000)]
  0x0000020f20efd460 JavaThread "Cancel handler" [_thread_blocked, id=9844, stack(0x0000007269b00000,0x0000007269c00000)]
  0x0000020f20efcf50 JavaThread "Daemon worker" [_thread_blocked, id=21100, stack(0x0000007269f00000,0x000000726a000000)]
  0x0000020f20eff2c0 JavaThread "Asynchronous log dispatcher for DefaultDaemonConnection: socket connection from /127.0.0.1:65417 to /127.0.0.1:65418" [_thread_blocked, id=26408, stack(0x000000726a000000,0x000000726a100000)]
  0x0000020f20efde80 JavaThread "Stdin handler" [_thread_blocked, id=32752, stack(0x000000726a100000,0x000000726a200000)]
  0x0000020f20efe390 JavaThread "Daemon client event forwarder" [_thread_blocked, id=15700, stack(0x000000726a200000,0x000000726a300000)]
  0x0000020f20eff7d0 JavaThread "Cache worker for journal cache (C:\Users\Admin\.gradle\caches\journal-1)" [_thread_blocked, id=28700, stack(0x000000726a300000,0x000000726a400000)]
  0x0000020f20efe8a0 JavaThread "File lock request listener" [_thread_in_native, id=19424, stack(0x000000726a400000,0x000000726a500000)]
  0x0000020f20efedb0 JavaThread "Cache worker for file hash cache (C:\Users\Admin\.gradle\caches\8.3\fileHashes)" [_thread_blocked, id=20136, stack(0x000000726a600000,0x000000726a700000)]
  0x0000020f20effce0 JavaThread "File watcher server" daemon [_thread_in_native, id=17688, stack(0x000000726a700000,0x000000726a800000)]
  0x0000020f20efc530 JavaThread "File watcher consumer" daemon [_thread_blocked, id=31764, stack(0x000000726a800000,0x000000726a900000)]
  0x0000020f20efca40 JavaThread "Cache worker for checksums cache (D:\Main_Projects\React\patanjali_nutraceuticals_app\android\.gradle\8.3\checksums)" [_thread_blocked, id=27092, stack(0x000000726a900000,0x000000726aa00000)]
  0x0000020f2120fc70 JavaThread "Cache worker for file hash cache (D:\Main_Projects\React\patanjali_nutraceuticals_app\android\.gradle\8.3\fileHashes)" [_thread_blocked, id=13852, stack(0x000000726aa00000,0x000000726ab00000)]
  0x0000020f21214d70 JavaThread "Cache worker for cache directory md-supplier (C:\Users\Admin\.gradle\caches\8.3\md-supplier)" [_thread_blocked, id=20104, stack(0x000000726ab00000,0x000000726ac00000)]
  0x0000020f21210180 JavaThread "Cache worker for file content cache (C:\Users\Admin\.gradle\caches\8.3\fileContent)" [_thread_blocked, id=27588, stack(0x000000726a500000,0x000000726a600000)]
  0x0000020f21215790 JavaThread "Cache worker for cache directory md-rule (C:\Users\Admin\.gradle\caches\8.3\md-rule)" [_thread_blocked, id=13560, stack(0x000000726af00000,0x000000726b000000)]
  0x0000020f21214860 JavaThread "Cache worker for execution history cache (C:\Users\Admin\.gradle\caches\8.3\executionHistory)" [_thread_blocked, id=15368, stack(0x000000726b000000,0x000000726b100000)]
  0x0000020f2120e320 JavaThread "jar transforms" [_thread_blocked, id=26028, stack(0x000000726b300000,0x000000726b400000)]
  0x0000020f212115c0 JavaThread "jar transforms Thread 2" [_thread_blocked, id=8376, stack(0x000000726b400000,0x000000726b500000)]
  0x0000020f21215ca0 JavaThread "jar transforms Thread 3" [_thread_blocked, id=9880, stack(0x000000726b200000,0x000000726b300000)]
  0x0000020f212110b0 JavaThread "jar transforms Thread 4" [_thread_blocked, id=16884, stack(0x000000726b500000,0x000000726b600000)]
  0x0000020f2120e830 JavaThread "Cache worker for kotlin-dsl (C:\Users\Admin\.gradle\caches\8.3\kotlin-dsl)" [_thread_blocked, id=31828, stack(0x000000726b900000,0x000000726ba00000)]
  0x0000020f21212f10 JavaThread "jar transforms Thread 5" [_thread_blocked, id=12776, stack(0x000000726ba00000,0x000000726bb00000)]
  0x0000020f2120ed40 JavaThread "jar transforms Thread 6" [_thread_blocked, id=35796, stack(0x000000726bb00000,0x000000726bc00000)]
  0x0000020f21213420 JavaThread "Unconstrained build operations" [_thread_blocked, id=32824, stack(0x000000726b800000,0x000000726b900000)]
  0x0000020f2120f760 JavaThread "Unconstrained build operations Thread 2" [_thread_blocked, id=12152, stack(0x000000726bc00000,0x000000726bd00000)]
  0x0000020f21211fe0 JavaThread "jar transforms Thread 7" [_thread_blocked, id=34828, stack(0x000000726bd00000,0x000000726be00000)]
  0x0000020f21211ad0 JavaThread "jar transforms Thread 8" [_thread_blocked, id=7640, stack(0x000000726be00000,0x000000726bf00000)]
  0x0000020f21214350 JavaThread "Cache worker for dependencies-accessors (D:\Main_Projects\React\patanjali_nutraceuticals_app\android\.gradle\8.3\dependencies-accessors)" [_thread_blocked, id=27284, stack(0x000000726bf00000,0x000000726c000000)]
  0x0000020f2244f420 JavaThread "Cache worker for Build Output Cleanup Cache (D:\Main_Projects\React\patanjali_nutraceuticals_app\node_modules\@react-native\gradle-plugin\.gradle\buildOutputCleanup)" [_thread_blocked, id=24360, stack(0x000000726c000000,0x000000726c100000)]
  0x0000020f224535f0 JavaThread "Unconstrained build operations Thread 3" [_thread_blocked, id=34496, stack(0x000000726c200000,0x000000726c300000)]
  0x0000020f22453b00 JavaThread "Unconstrained build operations Thread 4" [_thread_blocked, id=29792, stack(0x000000726c300000,0x000000726c400000)]
  0x0000020f2244ea00 JavaThread "Unconstrained build operations Thread 5" [_thread_blocked, id=4496, stack(0x000000726c400000,0x000000726c500000)]
  0x0000020f22450860 JavaThread "Unconstrained build operations Thread 6" [_thread_blocked, id=31144, stack(0x000000726c500000,0x000000726c600000)]
  0x0000020f2244c690 JavaThread "Unconstrained build operations Thread 7" [_thread_blocked, id=21308, stack(0x000000726c600000,0x000000726c700000)]
  0x0000020f2244dfe0 JavaThread "Unconstrained build operations Thread 8" [_thread_blocked, id=3352, stack(0x000000726c700000,0x000000726c800000)]
  0x0000020f22454010 JavaThread "Unconstrained build operations Thread 9" [_thread_blocked, id=23416, stack(0x000000726c800000,0x000000726c900000)]
  0x0000020f2244dad0 JavaThread "Memory manager" [_thread_blocked, id=24120, stack(0x000000726c900000,0x000000726ca00000)]
  0x0000020f2244ef10 JavaThread "Cache worker for Build Output Cleanup Cache (D:\Main_Projects\React\patanjali_nutraceuticals_app\android\.gradle\buildOutputCleanup)" [_thread_blocked, id=5156, stack(0x0000007267f00000,0x0000007268000000)]
  0x0000020f2244e4f0 JavaThread "ForkJoinPool.commonPool-worker-1" daemon [_thread_blocked, id=34264, stack(0x000000726b700000,0x000000726b800000)]
  0x0000020f224521b0 JavaThread "ForkJoinPool.commonPool-worker-2" daemon [_thread_blocked, id=8320, stack(0x000000726c100000,0x000000726c200000)]
  0x0000020f22451790 JavaThread "ForkJoinPool.commonPool-worker-3" daemon [_thread_blocked, id=34612, stack(0x000000726ca00000,0x000000726cb00000)]
  0x0000020f2244d5c0 JavaThread "ForkJoinPool.commonPool-worker-4" daemon [_thread_blocked, id=15732, stack(0x000000726cb00000,0x000000726cc00000)]
  0x0000020f2244f930 JavaThread "ForkJoinPool.commonPool-worker-5" daemon [_thread_blocked, id=20148, stack(0x000000726cc00000,0x000000726cd00000)]
  0x0000020f2244fe40 JavaThread "ForkJoinPool.commonPool-worker-6" daemon [_thread_blocked, id=11128, stack(0x000000726cd00000,0x000000726ce00000)]
  0x0000020f2244cba0 JavaThread "ForkJoinPool.commonPool-worker-7" daemon [_thread_blocked, id=18292, stack(0x000000726ce00000,0x000000726cf00000)]
  0x0000020f22452bd0 JavaThread "included builds" [_thread_blocked, id=15316, stack(0x000000726d200000,0x000000726d300000)]
  0x0000020f2409f320 JavaThread "Execution worker" [_thread_blocked, id=11200, stack(0x000000726d400000,0x000000726d500000)]
  0x0000020f2409ee10 JavaThread "Execution worker Thread 2" [_thread_blocked, id=26776, stack(0x000000726d500000,0x000000726d600000)]
  0x0000020f240a0250 JavaThread "Execution worker Thread 3" [_thread_blocked, id=33488, stack(0x000000726d600000,0x000000726d700000)]
  0x0000020f240a2ad0 JavaThread "Execution worker Thread 4" [_thread_blocked, id=18564, stack(0x000000726d700000,0x000000726d800000)]
  0x0000020f240a1ba0 JavaThread "Execution worker Thread 5" [_thread_blocked, id=13408, stack(0x000000726d800000,0x000000726d900000)]
  0x0000020f240a20b0 JavaThread "Execution worker Thread 6" [_thread_blocked, id=29240, stack(0x000000726d900000,0x000000726da00000)]
  0x0000020f2409dee0 JavaThread "Execution worker Thread 7" [_thread_blocked, id=33076, stack(0x000000726da00000,0x000000726db00000)]
  0x0000020f2409cfb0 JavaThread "Cache worker for execution history cache (D:\Main_Projects\React\patanjali_nutraceuticals_app\node_modules\@react-native\gradle-plugin\.gradle\8.3\executionHistory)" [_thread_blocked, id=31048, stack(0x000000726db00000,0x000000726dc00000)]
  0x0000020f2409d9d0 JavaThread "Unconstrained build operations Thread 10" [_thread_blocked, id=19740, stack(0x000000726dc00000,0x000000726dd00000)]
  0x0000020f240a1690 JavaThread "Unconstrained build operations Thread 11" [_thread_blocked, id=32008, stack(0x000000726dd00000,0x000000726de00000)]
  0x0000020f240a2fe0 JavaThread "Unconstrained build operations Thread 12" [_thread_blocked, id=11500, stack(0x000000726de00000,0x000000726df00000)]
  0x0000020f240a25c0 JavaThread "Unconstrained build operations Thread 13" [_thread_blocked, id=9584, stack(0x000000726df00000,0x000000726e000000)]
  0x0000020f240a0c70 JavaThread "Unconstrained build operations Thread 14" [_thread_blocked, id=17136, stack(0x000000726e000000,0x000000726e100000)]
  0x0000020f2409d4c0 JavaThread "Unconstrained build operations Thread 15" [_thread_blocked, id=5076, stack(0x000000726e100000,0x000000726e200000)]
  0x0000020f240a1180 JavaThread "Unconstrained build operations Thread 16" [_thread_blocked, id=33128, stack(0x000000726e200000,0x000000726e300000)]
  0x0000020f2409fd40 JavaThread "Unconstrained build operations Thread 17" [_thread_blocked, id=8732, stack(0x000000726e300000,0x000000726e400000)]
  0x0000020f240a34f0 JavaThread "Unconstrained build operations Thread 18" [_thread_blocked, id=3128, stack(0x000000726e400000,0x000000726e500000)]
  0x0000020f240a3a00 JavaThread "Unconstrained build operations Thread 19" [_thread_blocked, id=5656, stack(0x000000726e500000,0x000000726e600000)]
  0x0000020f240a3f10 JavaThread "Unconstrained build operations Thread 20" [_thread_blocked, id=24432, stack(0x000000726e600000,0x000000726e700000)]
  0x0000020f240a0760 JavaThread "Unconstrained build operations Thread 21" [_thread_blocked, id=16784, stack(0x000000726e700000,0x000000726e800000)]
  0x0000020f2409e3f0 JavaThread "Unconstrained build operations Thread 22" [_thread_blocked, id=33468, stack(0x000000726e800000,0x000000726e900000)]
  0x0000020f240a4420 JavaThread "Unconstrained build operations Thread 23" [_thread_blocked, id=19572, stack(0x000000726e900000,0x000000726ea00000)]
  0x0000020f240a4930 JavaThread "Unconstrained build operations Thread 24" [_thread_blocked, id=31872, stack(0x000000726ea00000,0x000000726eb00000)]
  0x0000020f2371b3f0 JavaThread "Unconstrained build operations Thread 25" [_thread_blocked, id=5304, stack(0x000000726eb00000,0x000000726ec00000)]
  0x0000020f23718150 JavaThread "Unconstrained build operations Thread 26" [_thread_blocked, id=23740, stack(0x000000726ec00000,0x000000726ed00000)]
  0x0000020f23719590 JavaThread "Unconstrained build operations Thread 27" [_thread_blocked, id=18932, stack(0x000000726ed00000,0x000000726ee00000)]
  0x0000020f23718b70 JavaThread "Unconstrained build operations Thread 28" [_thread_blocked, id=5676, stack(0x000000726ee00000,0x000000726ef00000)]
  0x0000020f2371d760 JavaThread "Unconstrained build operations Thread 29" [_thread_blocked, id=15096, stack(0x000000726ef00000,0x000000726f000000)]
  0x0000020f23719aa0 JavaThread "Unconstrained build operations Thread 30" [_thread_blocked, id=21516, stack(0x000000726f000000,0x000000726f100000)]
  0x0000020f2371dc70 JavaThread "Unconstrained build operations Thread 31" [_thread_blocked, id=35064, stack(0x000000726f100000,0x000000726f200000)]
  0x0000020f2371e180 JavaThread "Unconstrained build operations Thread 32" [_thread_blocked, id=32816, stack(0x000000726f200000,0x000000726f300000)]
  0x0000020f23717c40 JavaThread "Unconstrained build operations Thread 33" [_thread_blocked, id=6644, stack(0x0000007268000000,0x0000007268100000)]
  0x0000020f2371f5c0 JavaThread "Unconstrained build operations Thread 34" [_thread_blocked, id=21944, stack(0x000000726f300000,0x000000726f400000)]
  0x0000020f23718660 JavaThread "Unconstrained build operations Thread 35" [_thread_blocked, id=3796, stack(0x000000726f400000,0x000000726f500000)]
  0x0000020f21210690 JavaThread "Unconstrained build operations Thread 36" [_thread_blocked, id=21584, stack(0x000000726f500000,0x000000726f600000)]
  0x0000020f2244d0b0 JavaThread "Unconstrained build operations Thread 37" [_thread_in_native, id=12228, stack(0x000000726f600000,0x000000726f700000)]
  0x0000020f2552b070 JavaThread "Unconstrained build operations Thread 38" [_thread_blocked, id=17612, stack(0x000000726f700000,0x000000726f800000)]
  0x0000020f255310a0 JavaThread "Unconstrained build operations Thread 39" [_thread_blocked, id=22564, stack(0x000000726f800000,0x000000726f900000)]
  0x0000020f25d32000 JavaThread "C2 CompilerThread1" daemon [_thread_in_native, id=15284, stack(0x0000007267e00000,0x0000007267f00000)]
  0x0000020f2552b580 JavaThread "Unconstrained build operations Thread 40" [_thread_blocked, id=29320, stack(0x000000726fa00000,0x000000726fb00000)]
  0x0000020f255315b0 JavaThread "Unconstrained build operations Thread 41" [_thread_blocked, id=35716, stack(0x000000726fb00000,0x000000726fc00000)]
  0x0000020f2552c9c0 JavaThread "Unconstrained build operations Thread 42" [_thread_blocked, id=19260, stack(0x000000726fc00000,0x000000726fd00000)]
  0x0000020f25531ac0 JavaThread "Unconstrained build operations Thread 43" [_thread_blocked, id=30932, stack(0x000000726fd00000,0x000000726fe00000)]
  0x0000020f2552d3e0 JavaThread "Unconstrained build operations Thread 44" [_thread_blocked, id=17152, stack(0x000000726fe00000,0x000000726ff00000)]
  0x0000020f2552ba90 JavaThread "Unconstrained build operations Thread 45" [_thread_blocked, id=33308, stack(0x000000726ff00000,0x0000007270000000)]
  0x0000020f2552e820 JavaThread "Unconstrained build operations Thread 46" [_thread_blocked, id=17148, stack(0x0000007270000000,0x0000007270100000)]
  0x0000020f2552d8f0 JavaThread "Unconstrained build operations Thread 47" [_thread_blocked, id=25840, stack(0x0000007270100000,0x0000007270200000)]
  0x0000020f2552ed30 JavaThread "Unconstrained build operations Thread 48" [_thread_blocked, id=31216, stack(0x0000007270200000,0x0000007270300000)]
  0x0000020f25530680 JavaThread "Unconstrained build operations Thread 49" [_thread_blocked, id=27256, stack(0x0000007270300000,0x0000007270400000)]
  0x0000020f255324e0 JavaThread "Unconstrained build operations Thread 50" [_thread_blocked, id=13060, stack(0x0000007270400000,0x0000007270500000)]
  0x0000020f2552bfa0 JavaThread "Unconstrained build operations Thread 51" [_thread_blocked, id=20684, stack(0x0000007270500000,0x0000007270600000)]
  0x0000020f2552f240 JavaThread "Unconstrained build operations Thread 52" [_thread_blocked, id=1968, stack(0x0000007270600000,0x0000007270700000)]
  0x0000020f25531fd0 JavaThread "Unconstrained build operations Thread 53" [_thread_blocked, id=12484, stack(0x0000007270700000,0x0000007270800000)]
  0x0000020f2552c4b0 JavaThread "Unconstrained build operations Thread 54" [_thread_blocked, id=9688, stack(0x0000007270800000,0x0000007270900000)]
  0x0000020f2552ced0 JavaThread "Unconstrained build operations Thread 55" [_thread_blocked, id=28152, stack(0x0000007270900000,0x0000007270a00000)]
  0x0000020f2552de00 JavaThread "Unconstrained build operations Thread 56" [_thread_blocked, id=32384, stack(0x0000007270a00000,0x0000007270b00000)]
  0x0000020f2552e310 JavaThread "Unconstrained build operations Thread 57" [_thread_blocked, id=26992, stack(0x0000007270b00000,0x0000007270c00000)]
  0x0000020f2552f750 JavaThread "Unconstrained build operations Thread 58" [_thread_blocked, id=31268, stack(0x0000007270c00000,0x0000007270d00000)]
  0x0000020f25530b90 JavaThread "Unconstrained build operations Thread 59" [_thread_blocked, id=12048, stack(0x0000007270d00000,0x0000007270e00000)]
  0x0000020f2552fc60 JavaThread "Unconstrained build operations Thread 60" [_thread_blocked, id=34564, stack(0x0000007270e00000,0x0000007270f00000)]
  0x0000020f2cd02ae0 JavaThread "Unconstrained build operations Thread 61" [_thread_blocked, id=29996, stack(0x0000007270f00000,0x0000007271000000)]
  0x0000020f2cd05870 JavaThread "Unconstrained build operations Thread 62" [_thread_blocked, id=2460, stack(0x0000007271000000,0x0000007271100000)]
  0x0000020f2ccfee20 JavaThread "Unconstrained build operations Thread 63" [_thread_blocked, id=9496, stack(0x0000007271100000,0x0000007271200000)]
  0x0000020f2ccff840 JavaThread "Unconstrained build operations Thread 64" [_thread_blocked, id=32864, stack(0x0000007271200000,0x0000007271300000)]
  0x0000020f2cd03a10 JavaThread "Unconstrained build operations Thread 65" [_thread_blocked, id=2424, stack(0x0000007271300000,0x0000007271400000)]
  0x0000020f2ccffd50 JavaThread "Unconstrained build operations Thread 66" [_thread_blocked, id=23472, stack(0x0000007271400000,0x0000007271500000)]
  0x0000020f2cd020c0 JavaThread "Unconstrained build operations Thread 67" [_thread_blocked, id=33176, stack(0x0000007271500000,0x0000007271600000)]
  0x0000020f2cd01190 JavaThread "Unconstrained build operations Thread 68" [_thread_blocked, id=24700, stack(0x0000007271600000,0x0000007271700000)]
  0x0000020f2cd025d0 JavaThread "Unconstrained build operations Thread 69" [_thread_blocked, id=17728, stack(0x0000007271700000,0x0000007271800000)]
  0x0000020f2cd016a0 JavaThread "Unconstrained build operations Thread 70" [_thread_blocked, id=27792, stack(0x0000007271800000,0x0000007271900000)]
  0x0000020f2cd05360 JavaThread "Unconstrained build operations Thread 71" [_thread_blocked, id=15068, stack(0x0000007271900000,0x0000007271a00000)]
  0x0000020f2cd02ff0 JavaThread "Unconstrained build operations Thread 72" [_thread_blocked, id=19696, stack(0x0000007271a00000,0x0000007271b00000)]
  0x0000020f2cd04e50 JavaThread "Unconstrained build operations Thread 73" [_thread_blocked, id=21808, stack(0x0000007271b00000,0x0000007271c00000)]
  0x0000020f2cd00260 JavaThread "Unconstrained build operations Thread 74" [_thread_blocked, id=32296, stack(0x0000007271c00000,0x0000007271d00000)]
  0x0000020f25d2c060 JavaThread "C2 CompilerThread2" daemon [_thread_in_native, id=10156, stack(0x000000726f900000,0x000000726fa00000)]
  0x0000020f2cd03f20 JavaThread "Unconstrained build operations Thread 75" [_thread_blocked, id=20324, stack(0x0000007272200000,0x0000007272300000)]
  0x0000020f2cd04940 JavaThread "Unconstrained build operations Thread 76" [_thread_blocked, id=18192, stack(0x0000007272300000,0x0000007272400000)]
  0x0000020f2cd05d80 JavaThread "Unconstrained build operations Thread 77" [_thread_blocked, id=2932, stack(0x0000007272400000,0x0000007272500000)]
  0x0000020f2ccfe910 JavaThread "Unconstrained build operations Thread 78" [_thread_blocked, id=26008, stack(0x0000007272500000,0x0000007272600000)]
  0x0000020f2cd06290 JavaThread "Unconstrained build operations Thread 79" [_thread_blocked, id=26436, stack(0x0000007272600000,0x0000007272700000)]
  0x0000020f2ccff330 JavaThread "Unconstrained build operations Thread 80" [_thread_blocked, id=28372, stack(0x0000007272700000,0x0000007272800000)]
  0x0000020f21213e40 JavaThread "Cache worker for execution history cache (D:\Main_Projects\React\patanjali_nutraceuticals_app\android\.gradle\8.3\executionHistory)" [_thread_blocked, id=31784, stack(0x0000007272800000,0x0000007272900000)]
  0x0000020f20efd970 JavaThread "WorkerExecutor Queue" [_thread_blocked, id=6804, stack(0x0000007272900000,0x0000007272a00000)]
  0x0000020f22e4cec0 JavaThread "WorkerExecutor Queue Thread 2" [_thread_blocked, id=5212, stack(0x0000007272a00000,0x0000007272b00000)]
  0x0000020f22e4d3d0 JavaThread "WorkerExecutor Queue Thread 3" [_thread_blocked, id=35216, stack(0x0000007272b00000,0x0000007272c00000)]
  0x0000020f22e473a0 JavaThread "WorkerExecutor Queue Thread 4" [_thread_blocked, id=24464, stack(0x0000007272c00000,0x0000007272d00000)]
  0x0000020f22e4ab50 JavaThread "WorkerExecutor Queue Thread 5" [_thread_blocked, id=28592, stack(0x0000007272d00000,0x0000007272e00000)]
  0x0000020f22e4a640 JavaThread "WorkerExecutor Queue Thread 6" [_thread_blocked, id=3848, stack(0x0000007272e00000,0x0000007272f00000)]
  0x0000020f22e4d8e0 JavaThread "WorkerExecutor Queue Thread 7" [_thread_blocked, id=27176, stack(0x0000007272f00000,0x0000007273000000)]
  0x0000020f22e478b0 JavaThread "WorkerExecutor Queue Thread 8" [_thread_blocked, id=33276, stack(0x0000007273000000,0x0000007273100000)]

Other Threads:
  0x0000020f64afe000 VMThread "VM Thread" [stack: 0x0000007268700000,0x0000007268800000] [id=31840]
  0x0000020f44730320 WatcherThread [stack: 0x0000007269300000,0x0000007269400000] [id=26380]
  0x0000020f446fd5d0 GCTaskThread "GC Thread#0" [stack: 0x0000007268200000,0x0000007268300000] [id=32460]
  0x0000020f1fcfa260 GCTaskThread "GC Thread#1" [stack: 0x0000007269500000,0x0000007269600000] [id=19504]
  0x0000020f1fe1f930 GCTaskThread "GC Thread#2" [stack: 0x0000007269600000,0x0000007269700000] [id=7264]
  0x0000020f1fead660 GCTaskThread "GC Thread#3" [stack: 0x0000007269700000,0x0000007269800000] [id=4060]
  0x0000020f1f656d00 GCTaskThread "GC Thread#4" [stack: 0x0000007269800000,0x0000007269900000] [id=8456]
  0x0000020f1f657390 GCTaskThread "GC Thread#5" [stack: 0x0000007269900000,0x0000007269a00000] [id=504]
  0x0000020f21aced20 GCTaskThread "GC Thread#6" [stack: 0x000000726ac00000,0x000000726ad00000] [id=19612]
  0x0000020f21acdca0 GCTaskThread "GC Thread#7" [stack: 0x000000726ad00000,0x000000726ae00000] [id=9892]
  0x0000020f4470f440 ConcurrentGCThread "G1 Main Marker" [stack: 0x0000007268300000,0x0000007268400000] [id=19720]
  0x0000020f44710500 ConcurrentGCThread "G1 Conc#0" [stack: 0x0000007268400000,0x0000007268500000] [id=32420]
  0x0000020f21acd460 ConcurrentGCThread "G1 Conc#1" [stack: 0x000000726ae00000,0x000000726af00000] [id=9016]
  0x0000020f4474df00 ConcurrentGCThread "G1 Refine#0" [stack: 0x0000007268500000,0x0000007268600000] [id=9232]
  0x0000020f26a1bb10 ConcurrentGCThread "G1 Refine#1" [stack: 0x0000007271d00000,0x0000007271e00000] [id=29744]
  0x0000020f26a19ac0 ConcurrentGCThread "G1 Refine#2" [stack: 0x0000007271e00000,0x0000007271f00000] [id=31684]
  0x0000020f26a1a680 ConcurrentGCThread "G1 Refine#3" [stack: 0x0000007271f00000,0x0000007272000000] [id=30096]
  0x0000020f26a1a970 ConcurrentGCThread "G1 Refine#4" [stack: 0x0000007272000000,0x0000007272100000] [id=23632]
  0x0000020f26a1af50 ConcurrentGCThread "G1 Refine#5" [stack: 0x0000007272100000,0x0000007272200000] [id=3860]
  0x0000020f4474e840 ConcurrentGCThread "G1 Service" [stack: 0x0000007268600000,0x0000007268700000] [id=22644]

Threads with active compile tasks:
C2 CompilerThread0   127971 17543   !   4       org.gradle.cache.internal.DefaultMultiProcessSafeIndexedCache::getIfPresent (25 bytes)
C2 CompilerThread1   127971 17560   !   4       java.nio.file.FileTreeWalker::next (144 bytes)
C2 CompilerThread2   127972 17572   !   4       com.google.common.cache.LocalCache$Segment::lockedGetOrLoad (447 bytes)

VM state: not at safepoint (normal execution)

VM Mutex/Monitor currently owned by a thread: None

Heap address: 0x0000000080000000, size: 2048 MB, Compressed Oops mode: 32-bit

CDS archive(s) mapped at: [0x0000020f00000000-0x0000020f00bd0000-0x0000020f00bd0000), size 12386304, SharedBaseAddress: 0x0000020f00000000, ArchiveRelocationMode: 1.
Compressed class space mapped at: 0x0000020f01000000-0x0000020f1b000000, reserved size: 436207616
Narrow klass base: 0x0000020f00000000, Narrow klass shift: 0, Narrow klass range: 0x100000000

GC Precious Log:
 CPUs: 8 total, 8 available
 Memory: 16064M
 Large Page Support: Disabled
 NUMA Support: Disabled
 Compressed Oops: Enabled (32-bit)
 Heap Region Size: 1M
 Heap Min Capacity: 8M
 Heap Initial Capacity: 252M
 Heap Max Capacity: 2G
 Pre-touch: Disabled
 Parallel Workers: 8
 Concurrent Workers: 2
 Concurrent Refinement Workers: 8
 Periodic GC: Disabled

Heap:
 garbage-first heap   total 645120K, used 440105K [0x0000000080000000, 0x0000000100000000)
  region size 1024K, 210 young (215040K), 20 survivors (20480K)
 Metaspace       used 106495K, committed 108224K, reserved 557056K
  class space    used 14810K, committed 15616K, reserved 425984K

Heap Regions: E=young(eden), S=young(survivor), O=old, HS=humongous(starts), HC=humongous(continues), CS=collection set, F=free, OA=open archive, CA=closed archive, TAMS=top-at-mark-start (previous, next)
|   0|0x0000000080000000, 0x0000000080100000, 0x0000000080100000|100%|HS|  |TAMS 0x0000000080100000, 0x0000000080000000| Complete 
|   1|0x0000000080100000, 0x0000000080200000, 0x0000000080200000|100%|HC|  |TAMS 0x0000000080200000, 0x0000000080100000| Complete 
|   2|0x0000000080200000, 0x0000000080300000, 0x0000000080300000|100%|HC|  |TAMS 0x0000000080300000, 0x0000000080200000| Complete 
|   3|0x0000000080300000, 0x0000000080400000, 0x0000000080400000|100%|HC|  |TAMS 0x0000000080400000, 0x0000000080300000| Complete 
|   4|0x0000000080400000, 0x0000000080500000, 0x0000000080500000|100%| O|  |TAMS 0x0000000080500000, 0x0000000080400000| Untracked 
|   5|0x0000000080500000, 0x0000000080600000, 0x0000000080600000|100%| O|  |TAMS 0x0000000080600000, 0x0000000080500000| Untracked 
|   6|0x0000000080600000, 0x0000000080700000, 0x0000000080700000|100%| O|  |TAMS 0x0000000080700000, 0x0000000080600000| Untracked 
|   7|0x0000000080700000, 0x0000000080800000, 0x0000000080800000|100%| O|  |TAMS 0x0000000080800000, 0x0000000080700000| Untracked 
|   8|0x0000000080800000, 0x0000000080900000, 0x0000000080900000|100%| O|  |TAMS 0x0000000080900000, 0x0000000080800000| Untracked 
|   9|0x0000000080900000, 0x0000000080a00000, 0x0000000080a00000|100%| O|  |TAMS 0x0000000080a00000, 0x0000000080900000| Untracked 
|  10|0x0000000080a00000, 0x0000000080b00000, 0x0000000080b00000|100%|HS|  |TAMS 0x0000000080b00000, 0x0000000080a00000| Complete 
|  11|0x0000000080b00000, 0x0000000080c00000, 0x0000000080c00000|100%| O|  |TAMS 0x0000000080c00000, 0x0000000080b00000| Untracked 
|  12|0x0000000080c00000, 0x0000000080d00000, 0x0000000080d00000|100%| O|  |TAMS 0x0000000080d00000, 0x0000000080c00000| Untracked 
|  13|0x0000000080d00000, 0x0000000080e00000, 0x0000000080e00000|100%| O|  |TAMS 0x0000000080e00000, 0x0000000080d00000| Untracked 
|  14|0x0000000080e00000, 0x0000000080f00000, 0x0000000080f00000|100%| O|  |TAMS 0x0000000080f00000, 0x0000000080e00000| Untracked 
|  15|0x0000000080f00000, 0x0000000081000000, 0x0000000081000000|100%| O|  |TAMS 0x0000000081000000, 0x0000000080f00000| Untracked 
|  16|0x0000000081000000, 0x0000000081100000, 0x0000000081100000|100%| O|  |TAMS 0x0000000081100000, 0x0000000081000000| Untracked 
|  17|0x0000000081100000, 0x0000000081200000, 0x0000000081200000|100%| O|  |TAMS 0x0000000081200000, 0x0000000081100000| Untracked 
|  18|0x0000000081200000, 0x0000000081300000, 0x0000000081300000|100%| O|  |TAMS 0x0000000081300000, 0x0000000081200000| Untracked 
|  19|0x0000000081300000, 0x0000000081400000, 0x0000000081400000|100%| O|  |TAMS 0x0000000081400000, 0x0000000081300000| Untracked 
|  20|0x0000000081400000, 0x0000000081500000, 0x0000000081500000|100%| O|  |TAMS 0x0000000081500000, 0x0000000081400000| Untracked 
|  21|0x0000000081500000, 0x0000000081600000, 0x0000000081600000|100%| O|  |TAMS 0x0000000081600000, 0x0000000081500000| Untracked 
|  22|0x0000000081600000, 0x0000000081700000, 0x0000000081700000|100%| O|  |TAMS 0x0000000081700000, 0x0000000081600000| Untracked 
|  23|0x0000000081700000, 0x0000000081800000, 0x0000000081800000|100%| O|  |TAMS 0x0000000081800000, 0x0000000081700000| Untracked 
|  24|0x0000000081800000, 0x0000000081900000, 0x0000000081900000|100%| O|  |TAMS 0x0000000081900000, 0x0000000081800000| Untracked 
|  25|0x0000000081900000, 0x0000000081a00000, 0x0000000081a00000|100%| O|  |TAMS 0x0000000081a00000, 0x0000000081900000| Untracked 
|  26|0x0000000081a00000, 0x0000000081b00000, 0x0000000081b00000|100%| O|  |TAMS 0x0000000081b00000, 0x0000000081a00000| Untracked 
|  27|0x0000000081b00000, 0x0000000081c00000, 0x0000000081c00000|100%| O|  |TAMS 0x0000000081c00000, 0x0000000081b00000| Untracked 
|  28|0x0000000081c00000, 0x0000000081d00000, 0x0000000081d00000|100%| O|  |TAMS 0x0000000081d00000, 0x0000000081c00000| Untracked 
|  29|0x0000000081d00000, 0x0000000081e00000, 0x0000000081e00000|100%| O|  |TAMS 0x0000000081e00000, 0x0000000081d00000| Untracked 
|  30|0x0000000081e00000, 0x0000000081f00000, 0x0000000081f00000|100%| O|  |TAMS 0x0000000081f00000, 0x0000000081e00000| Untracked 
|  31|0x0000000081f00000, 0x0000000082000000, 0x0000000082000000|100%| O|  |TAMS 0x0000000082000000, 0x0000000081f00000| Untracked 
|  32|0x0000000082000000, 0x0000000082100000, 0x0000000082100000|100%| O|  |TAMS 0x0000000082100000, 0x0000000082000000| Untracked 
|  33|0x0000000082100000, 0x0000000082200000, 0x0000000082200000|100%| O|  |TAMS 0x0000000082200000, 0x0000000082100000| Untracked 
|  34|0x0000000082200000, 0x0000000082300000, 0x0000000082300000|100%| O|  |TAMS 0x0000000082300000, 0x0000000082200000| Untracked 
|  35|0x0000000082300000, 0x0000000082400000, 0x0000000082400000|100%| O|  |TAMS 0x0000000082400000, 0x0000000082300000| Untracked 
|  36|0x0000000082400000, 0x0000000082500000, 0x0000000082500000|100%| O|  |TAMS 0x0000000082500000, 0x0000000082400000| Untracked 
|  37|0x0000000082500000, 0x0000000082600000, 0x0000000082600000|100%| O|  |TAMS 0x0000000082600000, 0x0000000082500000| Untracked 
|  38|0x0000000082600000, 0x0000000082700000, 0x0000000082700000|100%| O|  |TAMS 0x0000000082700000, 0x0000000082600000| Untracked 
|  39|0x0000000082700000, 0x0000000082800000, 0x0000000082800000|100%|HS|  |TAMS 0x0000000082800000, 0x0000000082700000| Complete 
|  40|0x0000000082800000, 0x0000000082900000, 0x0000000082900000|100%|HC|  |TAMS 0x0000000082900000, 0x0000000082800000| Complete 
|  41|0x0000000082900000, 0x0000000082a00000, 0x0000000082a00000|100%|HS|  |TAMS 0x0000000082a00000, 0x0000000082900000| Complete 
|  42|0x0000000082a00000, 0x0000000082b00000, 0x0000000082b00000|100%|HC|  |TAMS 0x0000000082b00000, 0x0000000082a00000| Complete 
|  43|0x0000000082b00000, 0x0000000082c00000, 0x0000000082c00000|100%|HS|  |TAMS 0x0000000082c00000, 0x0000000082b00000| Complete 
|  44|0x0000000082c00000, 0x0000000082d00000, 0x0000000082d00000|100%| O|  |TAMS 0x0000000082d00000, 0x0000000082c00000| Untracked 
|  45|0x0000000082d00000, 0x0000000082e00000, 0x0000000082e00000|100%| O|  |TAMS 0x0000000082e00000, 0x0000000082d00000| Untracked 
|  46|0x0000000082e00000, 0x0000000082f00000, 0x0000000082f00000|100%|HS|  |TAMS 0x0000000082f00000, 0x0000000082e00000| Complete 
|  47|0x0000000082f00000, 0x0000000083000000, 0x0000000083000000|100%|HC|  |TAMS 0x0000000083000000, 0x0000000082f00000| Complete 
|  48|0x0000000083000000, 0x0000000083100000, 0x0000000083100000|100%|HC|  |TAMS 0x0000000083100000, 0x0000000083000000| Complete 
|  49|0x0000000083100000, 0x0000000083200000, 0x0000000083200000|100%|HC|  |TAMS 0x0000000083200000, 0x0000000083100000| Complete 
|  50|0x0000000083200000, 0x0000000083300000, 0x0000000083300000|100%| O|  |TAMS 0x0000000083300000, 0x0000000083200000| Untracked 
|  51|0x0000000083300000, 0x0000000083400000, 0x0000000083400000|100%| O|  |TAMS 0x0000000083400000, 0x0000000083300000| Untracked 
|  52|0x0000000083400000, 0x00000000834ffff8, 0x0000000083500000| 99%| O|  |TAMS 0x00000000834ffff8, 0x0000000083400000| Untracked 
|  53|0x0000000083500000, 0x0000000083600000, 0x0000000083600000|100%|HS|  |TAMS 0x0000000083600000, 0x0000000083500000| Complete 
|  54|0x0000000083600000, 0x0000000083700000, 0x0000000083700000|100%|HC|  |TAMS 0x0000000083700000, 0x0000000083600000| Complete 
|  55|0x0000000083700000, 0x0000000083800000, 0x0000000083800000|100%|HC|  |TAMS 0x0000000083800000, 0x0000000083700000| Complete 
|  56|0x0000000083800000, 0x0000000083900000, 0x0000000083900000|100%|HC|  |TAMS 0x0000000083900000, 0x0000000083800000| Complete 
|  57|0x0000000083900000, 0x0000000083a00000, 0x0000000083a00000|100%| O|  |TAMS 0x0000000083a00000, 0x0000000083900000| Untracked 
|  58|0x0000000083a00000, 0x0000000083b00000, 0x0000000083b00000|100%| O|  |TAMS 0x0000000083b00000, 0x0000000083a00000| Untracked 
|  59|0x0000000083b00000, 0x0000000083c00000, 0x0000000083c00000|100%|HS|  |TAMS 0x0000000083c00000, 0x0000000083b00000| Complete 
|  60|0x0000000083c00000, 0x0000000083d00000, 0x0000000083d00000|100%| O|  |TAMS 0x0000000083d00000, 0x0000000083c00000| Untracked 
|  61|0x0000000083d00000, 0x0000000083e00000, 0x0000000083e00000|100%| O|  |TAMS 0x0000000083d00000, 0x0000000083d00000| Untracked 
|  62|0x0000000083e00000, 0x0000000083f00000, 0x0000000083f00000|100%| O|  |TAMS 0x0000000083f00000, 0x0000000083e00000| Untracked 
|  63|0x0000000083f00000, 0x0000000084000000, 0x0000000084000000|100%| O|  |TAMS 0x0000000084000000, 0x0000000083f00000| Untracked 
|  64|0x0000000084000000, 0x0000000084100000, 0x0000000084100000|100%| O|  |TAMS 0x0000000084100000, 0x0000000084000000| Untracked 
|  65|0x0000000084100000, 0x0000000084200000, 0x0000000084200000|100%| O|  |TAMS 0x0000000084200000, 0x0000000084100000| Untracked 
|  66|0x0000000084200000, 0x0000000084300000, 0x0000000084300000|100%| O|  |TAMS 0x0000000084300000, 0x0000000084200000| Untracked 
|  67|0x0000000084300000, 0x0000000084400000, 0x0000000084400000|100%|HS|  |TAMS 0x0000000084400000, 0x0000000084300000| Complete 
|  68|0x0000000084400000, 0x0000000084500000, 0x0000000084500000|100%|HS|  |TAMS 0x0000000084500000, 0x0000000084400000| Complete 
|  69|0x0000000084500000, 0x0000000084600000, 0x0000000084600000|100%| O|  |TAMS 0x0000000084600000, 0x0000000084500000| Untracked 
|  70|0x0000000084600000, 0x0000000084700000, 0x0000000084700000|100%|HS|  |TAMS 0x0000000084700000, 0x0000000084600000| Complete 
|  71|0x0000000084700000, 0x0000000084800000, 0x0000000084800000|100%| O|  |TAMS 0x0000000084800000, 0x0000000084700000| Untracked 
|  72|0x0000000084800000, 0x0000000084900000, 0x0000000084900000|100%| O|  |TAMS 0x0000000084900000, 0x0000000084800000| Untracked 
|  73|0x0000000084900000, 0x0000000084a00000, 0x0000000084a00000|100%| O|  |TAMS 0x0000000084a00000, 0x0000000084900000| Untracked 
|  74|0x0000000084a00000, 0x0000000084b00000, 0x0000000084b00000|100%| O|  |TAMS 0x0000000084b00000, 0x0000000084a00000| Untracked 
|  75|0x0000000084b00000, 0x0000000084c00000, 0x0000000084c00000|100%| O|  |TAMS 0x0000000084c00000, 0x0000000084b00000| Untracked 
|  76|0x0000000084c00000, 0x0000000084d00000, 0x0000000084d00000|100%| O|  |TAMS 0x0000000084d00000, 0x0000000084c00000| Untracked 
|  77|0x0000000084d00000, 0x0000000084e00000, 0x0000000084e00000|100%| O|  |TAMS 0x0000000084e00000, 0x0000000084d00000| Untracked 
|  78|0x0000000084e00000, 0x0000000084f00000, 0x0000000084f00000|100%| O|  |TAMS 0x0000000084f00000, 0x0000000084e00000| Untracked 
|  79|0x0000000084f00000, 0x0000000085000000, 0x0000000085000000|100%| O|  |TAMS 0x0000000085000000, 0x0000000084f00000| Untracked 
|  80|0x0000000085000000, 0x0000000085100000, 0x0000000085100000|100%| O|  |TAMS 0x0000000085100000, 0x0000000085000000| Untracked 
|  81|0x0000000085100000, 0x0000000085200000, 0x0000000085200000|100%| O|  |TAMS 0x0000000085200000, 0x0000000085100000| Untracked 
|  82|0x0000000085200000, 0x0000000085300000, 0x0000000085300000|100%| O|  |TAMS 0x0000000085300000, 0x0000000085200000| Untracked 
|  83|0x0000000085300000, 0x0000000085400000, 0x0000000085400000|100%| O|  |TAMS 0x0000000085400000, 0x0000000085300000| Untracked 
|  84|0x0000000085400000, 0x0000000085500000, 0x0000000085500000|100%| O|  |TAMS 0x0000000085500000, 0x0000000085400000| Untracked 
|  85|0x0000000085500000, 0x0000000085600000, 0x0000000085600000|100%|HS|  |TAMS 0x0000000085600000, 0x0000000085500000| Complete 
|  86|0x0000000085600000, 0x0000000085700000, 0x0000000085700000|100%| O|  |TAMS 0x0000000085700000, 0x0000000085600000| Untracked 
|  87|0x0000000085700000, 0x0000000085800000, 0x0000000085800000|100%| O|  |TAMS 0x0000000085800000, 0x0000000085700000| Untracked 
|  88|0x0000000085800000, 0x0000000085900000, 0x0000000085900000|100%| O|  |TAMS 0x0000000085900000, 0x0000000085800000| Untracked 
|  89|0x0000000085900000, 0x0000000085a00000, 0x0000000085a00000|100%| O|  |TAMS 0x0000000085a00000, 0x0000000085900000| Untracked 
|  90|0x0000000085a00000, 0x0000000085b00000, 0x0000000085b00000|100%| O|  |TAMS 0x0000000085b00000, 0x0000000085a00000| Untracked 
|  91|0x0000000085b00000, 0x0000000085c00000, 0x0000000085c00000|100%| O|  |TAMS 0x0000000085c00000, 0x0000000085b00000| Untracked 
|  92|0x0000000085c00000, 0x0000000085d00000, 0x0000000085d00000|100%| O|  |TAMS 0x0000000085d00000, 0x0000000085c00000| Untracked 
|  93|0x0000000085d00000, 0x0000000085e00000, 0x0000000085e00000|100%| O|  |TAMS 0x0000000085e00000, 0x0000000085d00000| Untracked 
|  94|0x0000000085e00000, 0x0000000085f00000, 0x0000000085f00000|100%| O|  |TAMS 0x0000000085f00000, 0x0000000085e00000| Untracked 
|  95|0x0000000085f00000, 0x0000000086000000, 0x0000000086000000|100%| O|  |TAMS 0x0000000086000000, 0x0000000085f00000| Untracked 
|  96|0x0000000086000000, 0x0000000086100000, 0x0000000086100000|100%| O|  |TAMS 0x0000000086100000, 0x0000000086000000| Untracked 
|  97|0x0000000086100000, 0x0000000086200000, 0x0000000086200000|100%| O|  |TAMS 0x0000000086200000, 0x0000000086100000| Untracked 
|  98|0x0000000086200000, 0x0000000086300000, 0x0000000086300000|100%| O|  |TAMS 0x0000000086300000, 0x0000000086200000| Untracked 
|  99|0x0000000086300000, 0x0000000086400000, 0x0000000086400000|100%| O|  |TAMS 0x0000000086400000, 0x0000000086300000| Untracked 
| 100|0x0000000086400000, 0x0000000086500000, 0x0000000086500000|100%| O|  |TAMS 0x0000000086500000, 0x0000000086400000| Untracked 
| 101|0x0000000086500000, 0x0000000086600000, 0x0000000086600000|100%| O|  |TAMS 0x0000000086600000, 0x0000000086500000| Untracked 
| 102|0x0000000086600000, 0x0000000086700000, 0x0000000086700000|100%| O|  |TAMS 0x0000000086700000, 0x0000000086600000| Untracked 
| 103|0x0000000086700000, 0x0000000086800000, 0x0000000086800000|100%| O|  |TAMS 0x0000000086800000, 0x0000000086700000| Untracked 
| 104|0x0000000086800000, 0x0000000086900000, 0x0000000086900000|100%| O|  |TAMS 0x0000000086900000, 0x0000000086800000| Untracked 
| 105|0x0000000086900000, 0x0000000086a00000, 0x0000000086a00000|100%| O|  |TAMS 0x0000000086a00000, 0x0000000086900000| Untracked 
| 106|0x0000000086a00000, 0x0000000086b00000, 0x0000000086b00000|100%| O|  |TAMS 0x0000000086b00000, 0x0000000086a00000| Untracked 
| 107|0x0000000086b00000, 0x0000000086c00000, 0x0000000086c00000|100%| O|  |TAMS 0x0000000086c00000, 0x0000000086b00000| Untracked 
| 108|0x0000000086c00000, 0x0000000086d00000, 0x0000000086d00000|100%| O|  |TAMS 0x0000000086d00000, 0x0000000086c00000| Untracked 
| 109|0x0000000086d00000, 0x0000000086e00000, 0x0000000086e00000|100%| O|  |TAMS 0x0000000086e00000, 0x0000000086d00000| Untracked 
| 110|0x0000000086e00000, 0x0000000086f00000, 0x0000000086f00000|100%| O|  |TAMS 0x0000000086f00000, 0x0000000086e00000| Untracked 
| 111|0x0000000086f00000, 0x0000000087000000, 0x0000000087000000|100%| O|  |TAMS 0x0000000087000000, 0x0000000086f00000| Untracked 
| 112|0x0000000087000000, 0x0000000087100000, 0x0000000087100000|100%| O|  |TAMS 0x0000000087100000, 0x0000000087000000| Untracked 
| 113|0x0000000087100000, 0x0000000087200000, 0x0000000087200000|100%| O|  |TAMS 0x0000000087200000, 0x0000000087100000| Untracked 
| 114|0x0000000087200000, 0x0000000087300000, 0x0000000087300000|100%| O|  |TAMS 0x0000000087300000, 0x0000000087200000| Untracked 
| 115|0x0000000087300000, 0x0000000087400000, 0x0000000087400000|100%| O|  |TAMS 0x0000000087400000, 0x0000000087300000| Untracked 
| 116|0x0000000087400000, 0x0000000087500000, 0x0000000087500000|100%| O|  |TAMS 0x0000000087500000, 0x0000000087400000| Untracked 
| 117|0x0000000087500000, 0x0000000087600000, 0x0000000087600000|100%| O|  |TAMS 0x0000000087600000, 0x0000000087500000| Untracked 
| 118|0x0000000087600000, 0x0000000087700000, 0x0000000087700000|100%| O|  |TAMS 0x0000000087700000, 0x0000000087600000| Untracked 
| 119|0x0000000087700000, 0x0000000087800000, 0x0000000087800000|100%| O|  |TAMS 0x0000000087800000, 0x0000000087700000| Untracked 
| 120|0x0000000087800000, 0x0000000087900000, 0x0000000087900000|100%|HS|  |TAMS 0x0000000087900000, 0x0000000087800000| Complete 
| 121|0x0000000087900000, 0x0000000087a00000, 0x0000000087a00000|100%|HS|  |TAMS 0x0000000087a00000, 0x0000000087900000| Complete 
| 122|0x0000000087a00000, 0x0000000087b00000, 0x0000000087b00000|100%|HC|  |TAMS 0x0000000087b00000, 0x0000000087a00000| Complete 
| 123|0x0000000087b00000, 0x0000000087c00000, 0x0000000087c00000|100%| O|  |TAMS 0x0000000087c00000, 0x0000000087b00000| Untracked 
| 124|0x0000000087c00000, 0x0000000087d00000, 0x0000000087d00000|100%| O|  |TAMS 0x0000000087d00000, 0x0000000087c00000| Untracked 
| 125|0x0000000087d00000, 0x0000000087e00000, 0x0000000087e00000|100%| O|  |TAMS 0x0000000087e00000, 0x0000000087d00000| Untracked 
| 126|0x0000000087e00000, 0x0000000087f00000, 0x0000000087f00000|100%| O|  |TAMS 0x0000000087f00000, 0x0000000087e00000| Untracked 
| 127|0x0000000087f00000, 0x0000000088000000, 0x0000000088000000|100%| O|  |TAMS 0x0000000088000000, 0x0000000087f00000| Untracked 
| 128|0x0000000088000000, 0x0000000088100000, 0x0000000088100000|100%| O|  |TAMS 0x0000000088100000, 0x0000000088000000| Untracked 
| 129|0x0000000088100000, 0x0000000088200000, 0x0000000088200000|100%| O|  |TAMS 0x0000000088100000, 0x0000000088100000| Untracked 
| 130|0x0000000088200000, 0x0000000088300000, 0x0000000088300000|100%| O|  |TAMS 0x0000000088300000, 0x0000000088200000| Untracked 
| 131|0x0000000088300000, 0x0000000088400000, 0x0000000088400000|100%| O|  |TAMS 0x0000000088400000, 0x0000000088300000| Untracked 
| 132|0x0000000088400000, 0x0000000088500000, 0x0000000088500000|100%| O|  |TAMS 0x0000000088500000, 0x0000000088400000| Untracked 
| 133|0x0000000088500000, 0x0000000088600000, 0x0000000088600000|100%| O|  |TAMS 0x0000000088600000, 0x0000000088500000| Untracked 
| 134|0x0000000088600000, 0x0000000088700000, 0x0000000088700000|100%| O|  |TAMS 0x0000000088700000, 0x0000000088600000| Untracked 
| 135|0x0000000088700000, 0x0000000088800000, 0x0000000088800000|100%| O|  |TAMS 0x0000000088800000, 0x0000000088700000| Untracked 
| 136|0x0000000088800000, 0x0000000088900000, 0x0000000088900000|100%| O|  |TAMS 0x0000000088900000, 0x0000000088800000| Untracked 
| 137|0x0000000088900000, 0x0000000088a00000, 0x0000000088a00000|100%| O|  |TAMS 0x0000000088a00000, 0x0000000088900000| Untracked 
| 138|0x0000000088a00000, 0x0000000088b00000, 0x0000000088b00000|100%| O|  |TAMS 0x0000000088b00000, 0x0000000088a00000| Untracked 
| 139|0x0000000088b00000, 0x0000000088c00000, 0x0000000088c00000|100%|HS|  |TAMS 0x0000000088c00000, 0x0000000088b00000| Complete 
| 140|0x0000000088c00000, 0x0000000088d00000, 0x0000000088d00000|100%|HC|  |TAMS 0x0000000088d00000, 0x0000000088c00000| Complete 
| 141|0x0000000088d00000, 0x0000000088e00000, 0x0000000088e00000|100%|HS|  |TAMS 0x0000000088e00000, 0x0000000088d00000| Complete 
| 142|0x0000000088e00000, 0x0000000088f00000, 0x0000000088f00000|100%| O|  |TAMS 0x0000000088f00000, 0x0000000088e00000| Untracked 
| 143|0x0000000088f00000, 0x0000000089000000, 0x0000000089000000|100%| O|  |TAMS 0x0000000089000000, 0x0000000088f00000| Untracked 
| 144|0x0000000089000000, 0x0000000089100000, 0x0000000089100000|100%| O|  |TAMS 0x0000000089100000, 0x0000000089000000| Untracked 
| 145|0x0000000089100000, 0x0000000089200000, 0x0000000089200000|100%| O|  |TAMS 0x0000000089200000, 0x0000000089100000| Untracked 
| 146|0x0000000089200000, 0x0000000089300000, 0x0000000089300000|100%| O|  |TAMS 0x0000000089300000, 0x0000000089200000| Untracked 
| 147|0x0000000089300000, 0x0000000089400000, 0x0000000089400000|100%| O|  |TAMS 0x0000000089400000, 0x0000000089300000| Untracked 
| 148|0x0000000089400000, 0x0000000089500000, 0x0000000089500000|100%| O|  |TAMS 0x0000000089500000, 0x0000000089400000| Untracked 
| 149|0x0000000089500000, 0x0000000089600000, 0x0000000089600000|100%| O|  |TAMS 0x0000000089500000, 0x0000000089500000| Untracked 
| 150|0x0000000089600000, 0x0000000089700000, 0x0000000089700000|100%| O|  |TAMS 0x0000000089700000, 0x0000000089600000| Untracked 
| 151|0x0000000089700000, 0x0000000089800000, 0x0000000089800000|100%| O|  |TAMS 0x0000000089800000, 0x0000000089700000| Untracked 
| 152|0x0000000089800000, 0x0000000089900000, 0x0000000089900000|100%| O|  |TAMS 0x0000000089900000, 0x0000000089800000| Untracked 
| 153|0x0000000089900000, 0x0000000089a00000, 0x0000000089a00000|100%| O|  |TAMS 0x0000000089a00000, 0x0000000089900000| Untracked 
| 154|0x0000000089a00000, 0x0000000089b00000, 0x0000000089b00000|100%| O|  |TAMS 0x0000000089b00000, 0x0000000089a00000| Untracked 
| 155|0x0000000089b00000, 0x0000000089c00000, 0x0000000089c00000|100%| O|  |TAMS 0x0000000089c00000, 0x0000000089b00000| Untracked 
| 156|0x0000000089c00000, 0x0000000089d00000, 0x0000000089d00000|100%| O|  |TAMS 0x0000000089d00000, 0x0000000089c00000| Untracked 
| 157|0x0000000089d00000, 0x0000000089e00000, 0x0000000089e00000|100%| O|  |TAMS 0x0000000089d00000, 0x0000000089d00000| Untracked 
| 158|0x0000000089e00000, 0x0000000089f00000, 0x0000000089f00000|100%|HS|  |TAMS 0x0000000089f00000, 0x0000000089e00000| Complete 
| 159|0x0000000089f00000, 0x000000008a000000, 0x000000008a000000|100%| O|  |TAMS 0x000000008a000000, 0x0000000089f00000| Untracked 
| 160|0x000000008a000000, 0x000000008a100000, 0x000000008a100000|100%| O|  |TAMS 0x000000008a100000, 0x000000008a000000| Untracked 
| 161|0x000000008a100000, 0x000000008a200000, 0x000000008a200000|100%| O|  |TAMS 0x000000008a200000, 0x000000008a100000| Untracked 
| 162|0x000000008a200000, 0x000000008a300000, 0x000000008a300000|100%| O|  |TAMS 0x000000008a300000, 0x000000008a200000| Untracked 
| 163|0x000000008a300000, 0x000000008a400000, 0x000000008a400000|100%| O|  |TAMS 0x000000008a400000, 0x000000008a300000| Untracked 
| 164|0x000000008a400000, 0x000000008a500000, 0x000000008a500000|100%| O|  |TAMS 0x000000008a500000, 0x000000008a400000| Untracked 
| 165|0x000000008a500000, 0x000000008a600000, 0x000000008a600000|100%| O|  |TAMS 0x000000008a600000, 0x000000008a500000| Untracked 
| 166|0x000000008a600000, 0x000000008a700000, 0x000000008a700000|100%| O|  |TAMS 0x000000008a600000, 0x000000008a600000| Untracked 
| 167|0x000000008a700000, 0x000000008a800000, 0x000000008a800000|100%| O|  |TAMS 0x000000008a700000, 0x000000008a700000| Untracked 
| 168|0x000000008a800000, 0x000000008a900000, 0x000000008a900000|100%| O|  |TAMS 0x000000008a800000, 0x000000008a800000| Untracked 
| 169|0x000000008a900000, 0x000000008aa00000, 0x000000008aa00000|100%| O|  |TAMS 0x000000008a900000, 0x000000008a900000| Untracked 
| 170|0x000000008aa00000, 0x000000008ab00000, 0x000000008ab00000|100%| O|  |TAMS 0x000000008aa00000, 0x000000008aa00000| Untracked 
| 171|0x000000008ab00000, 0x000000008ac00000, 0x000000008ac00000|100%| O|  |TAMS 0x000000008ab00000, 0x000000008ab00000| Untracked 
| 172|0x000000008ac00000, 0x000000008ad00000, 0x000000008ad00000|100%|HS|  |TAMS 0x000000008ac00000, 0x000000008ac00000| Complete 
| 173|0x000000008ad00000, 0x000000008ae00000, 0x000000008ae00000|100%|HS|  |TAMS 0x000000008ad00000, 0x000000008ad00000| Complete 
| 174|0x000000008ae00000, 0x000000008af00000, 0x000000008af00000|100%| O|  |TAMS 0x000000008ae00000, 0x000000008ae00000| Untracked 
| 175|0x000000008af00000, 0x000000008b000000, 0x000000008b000000|100%| O|  |TAMS 0x000000008af00000, 0x000000008af00000| Untracked 
| 176|0x000000008b000000, 0x000000008b100000, 0x000000008b100000|100%| O|  |TAMS 0x000000008b000000, 0x000000008b000000| Untracked 
| 177|0x000000008b100000, 0x000000008b200000, 0x000000008b200000|100%| O|  |TAMS 0x000000008b100000, 0x000000008b100000| Untracked 
| 178|0x000000008b200000, 0x000000008b300000, 0x000000008b300000|100%| O|  |TAMS 0x000000008b200000, 0x000000008b200000| Untracked 
| 179|0x000000008b300000, 0x000000008b400000, 0x000000008b400000|100%| O|  |TAMS 0x000000008b300000, 0x000000008b300000| Untracked 
| 180|0x000000008b400000, 0x000000008b500000, 0x000000008b500000|100%| O|  |TAMS 0x000000008b400000, 0x000000008b400000| Untracked 
| 181|0x000000008b500000, 0x000000008b600000, 0x000000008b600000|100%| O|  |TAMS 0x000000008b500000, 0x000000008b500000| Untracked 
| 182|0x000000008b600000, 0x000000008b700000, 0x000000008b700000|100%| O|  |TAMS 0x000000008b600000, 0x000000008b600000| Untracked 
| 183|0x000000008b700000, 0x000000008b800000, 0x000000008b800000|100%|HS|  |TAMS 0x000000008b700000, 0x000000008b700000| Complete 
| 184|0x000000008b800000, 0x000000008b900000, 0x000000008b900000|100%|HC|  |TAMS 0x000000008b800000, 0x000000008b800000| Complete 
| 185|0x000000008b900000, 0x000000008ba00000, 0x000000008ba00000|100%| O|  |TAMS 0x000000008b900000, 0x000000008b900000| Untracked 
| 186|0x000000008ba00000, 0x000000008bb00000, 0x000000008bb00000|100%| O|  |TAMS 0x000000008ba00000, 0x000000008ba00000| Untracked 
| 187|0x000000008bb00000, 0x000000008bc00000, 0x000000008bc00000|100%| O|  |TAMS 0x000000008bb00000, 0x000000008bb00000| Untracked 
| 188|0x000000008bc00000, 0x000000008bd00000, 0x000000008bd00000|100%| O|  |TAMS 0x000000008bc00000, 0x000000008bc00000| Untracked 
| 189|0x000000008bd00000, 0x000000008be00000, 0x000000008be00000|100%| O|  |TAMS 0x000000008bd00000, 0x000000008bd00000| Untracked 
| 190|0x000000008be00000, 0x000000008bf00000, 0x000000008bf00000|100%| O|  |TAMS 0x000000008be00000, 0x000000008be00000| Untracked 
| 191|0x000000008bf00000, 0x000000008c000000, 0x000000008c000000|100%| O|  |TAMS 0x000000008bf00000, 0x000000008bf00000| Untracked 
| 192|0x000000008c000000, 0x000000008c100000, 0x000000008c100000|100%| O|  |TAMS 0x000000008c000000, 0x000000008c000000| Untracked 
| 193|0x000000008c100000, 0x000000008c200000, 0x000000008c200000|100%| O|  |TAMS 0x000000008c100000, 0x000000008c100000| Untracked 
| 194|0x000000008c200000, 0x000000008c300000, 0x000000008c300000|100%| O|  |TAMS 0x000000008c200000, 0x000000008c200000| Untracked 
| 195|0x000000008c300000, 0x000000008c400000, 0x000000008c400000|100%| O|  |TAMS 0x000000008c300000, 0x000000008c300000| Untracked 
| 196|0x000000008c400000, 0x000000008c500000, 0x000000008c500000|100%| O|  |TAMS 0x000000008c400000, 0x000000008c400000| Untracked 
| 197|0x000000008c500000, 0x000000008c600000, 0x000000008c600000|100%| O|  |TAMS 0x000000008c500000, 0x000000008c500000| Untracked 
| 198|0x000000008c600000, 0x000000008c700000, 0x000000008c700000|100%| O|  |TAMS 0x000000008c600000, 0x000000008c600000| Untracked 
| 199|0x000000008c700000, 0x000000008c800000, 0x000000008c800000|100%| O|  |TAMS 0x000000008c700000, 0x000000008c700000| Untracked 
| 200|0x000000008c800000, 0x000000008c900000, 0x000000008c900000|100%| O|  |TAMS 0x000000008c800000, 0x000000008c800000| Untracked 
| 201|0x000000008c900000, 0x000000008ca00000, 0x000000008ca00000|100%| O|  |TAMS 0x000000008c900000, 0x000000008c900000| Untracked 
| 202|0x000000008ca00000, 0x000000008cb00000, 0x000000008cb00000|100%| O|  |TAMS 0x000000008ca00000, 0x000000008ca00000| Untracked 
| 203|0x000000008cb00000, 0x000000008cc00000, 0x000000008cc00000|100%| O|  |TAMS 0x000000008cb00000, 0x000000008cb00000| Untracked 
| 204|0x000000008cc00000, 0x000000008cd00000, 0x000000008cd00000|100%| O|  |TAMS 0x000000008cc00000, 0x000000008cc00000| Untracked 
| 205|0x000000008cd00000, 0x000000008ce00000, 0x000000008ce00000|100%| O|  |TAMS 0x000000008cd00000, 0x000000008cd00000| Untracked 
| 206|0x000000008ce00000, 0x000000008cf00000, 0x000000008cf00000|100%| O|  |TAMS 0x000000008ce00000, 0x000000008ce00000| Untracked 
| 207|0x000000008cf00000, 0x000000008d000000, 0x000000008d000000|100%| O|  |TAMS 0x000000008cf00000, 0x000000008cf00000| Untracked 
| 208|0x000000008d000000, 0x000000008d100000, 0x000000008d100000|100%| O|  |TAMS 0x000000008d000000, 0x000000008d000000| Untracked 
| 209|0x000000008d100000, 0x000000008d200000, 0x000000008d200000|100%| O|  |TAMS 0x000000008d100000, 0x000000008d100000| Untracked 
| 210|0x000000008d200000, 0x000000008d300000, 0x000000008d300000|100%| O|  |TAMS 0x000000008d200000, 0x000000008d200000| Untracked 
| 211|0x000000008d300000, 0x000000008d400000, 0x000000008d400000|100%| O|  |TAMS 0x000000008d300000, 0x000000008d300000| Untracked 
| 212|0x000000008d400000, 0x000000008d500000, 0x000000008d500000|100%| O|  |TAMS 0x000000008d400000, 0x000000008d400000| Untracked 
| 213|0x000000008d500000, 0x000000008d600000, 0x000000008d600000|100%| O|  |TAMS 0x000000008d500000, 0x000000008d500000| Untracked 
| 214|0x000000008d600000, 0x000000008d700000, 0x000000008d700000|100%| O|  |TAMS 0x000000008d600000, 0x000000008d600000| Untracked 
| 215|0x000000008d700000, 0x000000008d800000, 0x000000008d800000|100%| O|  |TAMS 0x000000008d700000, 0x000000008d700000| Untracked 
| 216|0x000000008d800000, 0x000000008d8ef000, 0x000000008d900000| 93%| O|  |TAMS 0x000000008d800000, 0x000000008d800000| Untracked 
| 217|0x000000008d900000, 0x000000008da00000, 0x000000008da00000|100%|HS|  |TAMS 0x000000008d900000, 0x000000008d900000| Complete 
| 218|0x000000008da00000, 0x000000008db00000, 0x000000008db00000|100%|HS|  |TAMS 0x000000008da00000, 0x000000008da00000| Complete 
| 219|0x000000008db00000, 0x000000008dc00000, 0x000000008dc00000|100%|HS|  |TAMS 0x000000008db00000, 0x000000008db00000| Complete 
| 220|0x000000008dc00000, 0x000000008dd00000, 0x000000008dd00000|100%|HS|  |TAMS 0x000000008dc00000, 0x000000008dc00000| Complete 
| 221|0x000000008dd00000, 0x000000008de00000, 0x000000008de00000|100%|HS|  |TAMS 0x000000008dd00000, 0x000000008dd00000| Complete 
| 222|0x000000008de00000, 0x000000008de00000, 0x000000008df00000|  0%| F|  |TAMS 0x000000008de00000, 0x000000008de00000| Untracked 
| 223|0x000000008df00000, 0x000000008df00000, 0x000000008e000000|  0%| F|  |TAMS 0x000000008df00000, 0x000000008df00000| Untracked 
| 224|0x000000008e000000, 0x000000008e000000, 0x000000008e100000|  0%| F|  |TAMS 0x000000008e000000, 0x000000008e000000| Untracked 
| 225|0x000000008e100000, 0x000000008e100000, 0x000000008e200000|  0%| F|  |TAMS 0x000000008e100000, 0x000000008e100000| Untracked 
| 226|0x000000008e200000, 0x000000008e200000, 0x000000008e300000|  0%| F|  |TAMS 0x000000008e200000, 0x000000008e200000| Untracked 
| 227|0x000000008e300000, 0x000000008e300000, 0x000000008e400000|  0%| F|  |TAMS 0x000000008e300000, 0x000000008e300000| Untracked 
| 228|0x000000008e400000, 0x000000008e400000, 0x000000008e500000|  0%| F|  |TAMS 0x000000008e400000, 0x000000008e400000| Untracked 
| 229|0x000000008e500000, 0x000000008e500000, 0x000000008e600000|  0%| F|  |TAMS 0x000000008e500000, 0x000000008e500000| Untracked 
| 230|0x000000008e600000, 0x000000008e600000, 0x000000008e700000|  0%| F|  |TAMS 0x000000008e600000, 0x000000008e600000| Untracked 
| 231|0x000000008e700000, 0x000000008e700000, 0x000000008e800000|  0%| F|  |TAMS 0x000000008e700000, 0x000000008e700000| Untracked 
| 232|0x000000008e800000, 0x000000008e800000, 0x000000008e900000|  0%| F|  |TAMS 0x000000008e800000, 0x000000008e800000| Untracked 
| 233|0x000000008e900000, 0x000000008e900000, 0x000000008ea00000|  0%| F|  |TAMS 0x000000008e900000, 0x000000008e900000| Untracked 
| 234|0x000000008ea00000, 0x000000008ea00000, 0x000000008eb00000|  0%| F|  |TAMS 0x000000008ea00000, 0x000000008ea00000| Untracked 
| 235|0x000000008eb00000, 0x000000008eb00000, 0x000000008ec00000|  0%| F|  |TAMS 0x000000008eb00000, 0x000000008eb00000| Untracked 
| 236|0x000000008ec00000, 0x000000008ec00000, 0x000000008ed00000|  0%| F|  |TAMS 0x000000008ec00000, 0x000000008ec00000| Untracked 
| 237|0x000000008ed00000, 0x000000008ed00000, 0x000000008ee00000|  0%| F|  |TAMS 0x000000008ed00000, 0x000000008ed00000| Untracked 
| 238|0x000000008ee00000, 0x000000008ee00000, 0x000000008ef00000|  0%| F|  |TAMS 0x000000008ee00000, 0x000000008ee00000| Untracked 
| 239|0x000000008ef00000, 0x000000008ef00000, 0x000000008f000000|  0%| F|  |TAMS 0x000000008ef00000, 0x000000008ef00000| Untracked 
| 240|0x000000008f000000, 0x000000008f000000, 0x000000008f100000|  0%| F|  |TAMS 0x000000008f000000, 0x000000008f000000| Untracked 
| 241|0x000000008f100000, 0x000000008f100000, 0x000000008f200000|  0%| F|  |TAMS 0x000000008f100000, 0x000000008f100000| Untracked 
| 242|0x000000008f200000, 0x000000008f200000, 0x000000008f300000|  0%| F|  |TAMS 0x000000008f200000, 0x000000008f200000| Untracked 
| 243|0x000000008f300000, 0x000000008f300000, 0x000000008f400000|  0%| F|  |TAMS 0x000000008f300000, 0x000000008f300000| Untracked 
| 244|0x000000008f400000, 0x000000008f400000, 0x000000008f500000|  0%| F|  |TAMS 0x000000008f400000, 0x000000008f400000| Untracked 
| 245|0x000000008f500000, 0x000000008f500000, 0x000000008f600000|  0%| F|  |TAMS 0x000000008f500000, 0x000000008f500000| Untracked 
| 246|0x000000008f600000, 0x000000008f600000, 0x000000008f700000|  0%| F|  |TAMS 0x000000008f600000, 0x000000008f600000| Untracked 
| 247|0x000000008f700000, 0x000000008f700000, 0x000000008f800000|  0%| F|  |TAMS 0x000000008f700000, 0x000000008f700000| Untracked 
| 248|0x000000008f800000, 0x000000008f800000, 0x000000008f900000|  0%| F|  |TAMS 0x000000008f800000, 0x000000008f800000| Untracked 
| 249|0x000000008f900000, 0x000000008f900000, 0x000000008fa00000|  0%| F|  |TAMS 0x000000008f900000, 0x000000008f900000| Untracked 
| 250|0x000000008fa00000, 0x000000008fa00000, 0x000000008fb00000|  0%| F|  |TAMS 0x000000008fa00000, 0x000000008fa00000| Untracked 
| 251|0x000000008fb00000, 0x000000008fb00000, 0x000000008fc00000|  0%| F|  |TAMS 0x000000008fb00000, 0x000000008fb00000| Untracked 
| 252|0x000000008fc00000, 0x000000008fc00000, 0x000000008fd00000|  0%| F|  |TAMS 0x000000008fc00000, 0x000000008fc00000| Untracked 
| 253|0x000000008fd00000, 0x000000008fd00000, 0x000000008fe00000|  0%| F|  |TAMS 0x000000008fd00000, 0x000000008fd00000| Untracked 
| 254|0x000000008fe00000, 0x000000008fe00000, 0x000000008ff00000|  0%| F|  |TAMS 0x000000008fe00000, 0x000000008fe00000| Untracked 
| 255|0x000000008ff00000, 0x000000008ff00000, 0x0000000090000000|  0%| F|  |TAMS 0x000000008ff00000, 0x000000008ff00000| Untracked 
| 256|0x0000000090000000, 0x0000000090000000, 0x0000000090100000|  0%| F|  |TAMS 0x0000000090000000, 0x0000000090000000| Untracked 
| 257|0x0000000090100000, 0x0000000090100000, 0x0000000090200000|  0%| F|  |TAMS 0x0000000090100000, 0x0000000090100000| Untracked 
| 258|0x0000000090200000, 0x0000000090200000, 0x0000000090300000|  0%| F|  |TAMS 0x0000000090200000, 0x0000000090200000| Untracked 
| 259|0x0000000090300000, 0x0000000090300000, 0x0000000090400000|  0%| F|  |TAMS 0x0000000090300000, 0x0000000090300000| Untracked 
| 260|0x0000000090400000, 0x0000000090400000, 0x0000000090500000|  0%| F|  |TAMS 0x0000000090400000, 0x0000000090400000| Untracked 
| 261|0x0000000090500000, 0x0000000090500000, 0x0000000090600000|  0%| F|  |TAMS 0x0000000090500000, 0x0000000090500000| Untracked 
| 262|0x0000000090600000, 0x0000000090600000, 0x0000000090700000|  0%| F|  |TAMS 0x0000000090600000, 0x0000000090600000| Untracked 
| 263|0x0000000090700000, 0x0000000090700000, 0x0000000090800000|  0%| F|  |TAMS 0x0000000090700000, 0x0000000090700000| Untracked 
| 264|0x0000000090800000, 0x0000000090800000, 0x0000000090900000|  0%| F|  |TAMS 0x0000000090800000, 0x0000000090800000| Untracked 
| 265|0x0000000090900000, 0x0000000090900000, 0x0000000090a00000|  0%| F|  |TAMS 0x0000000090900000, 0x0000000090900000| Untracked 
| 266|0x0000000090a00000, 0x0000000090a00000, 0x0000000090b00000|  0%| F|  |TAMS 0x0000000090a00000, 0x0000000090a00000| Untracked 
| 267|0x0000000090b00000, 0x0000000090b00000, 0x0000000090c00000|  0%| F|  |TAMS 0x0000000090b00000, 0x0000000090b00000| Untracked 
| 268|0x0000000090c00000, 0x0000000090c00000, 0x0000000090d00000|  0%| F|  |TAMS 0x0000000090c00000, 0x0000000090c00000| Untracked 
| 269|0x0000000090d00000, 0x0000000090d00000, 0x0000000090e00000|  0%| F|  |TAMS 0x0000000090d00000, 0x0000000090d00000| Untracked 
| 270|0x0000000090e00000, 0x0000000090e00000, 0x0000000090f00000|  0%| F|  |TAMS 0x0000000090e00000, 0x0000000090e00000| Untracked 
| 271|0x0000000090f00000, 0x0000000090f00000, 0x0000000091000000|  0%| F|  |TAMS 0x0000000090f00000, 0x0000000090f00000| Untracked 
| 272|0x0000000091000000, 0x0000000091000000, 0x0000000091100000|  0%| F|  |TAMS 0x0000000091000000, 0x0000000091000000| Untracked 
| 273|0x0000000091100000, 0x0000000091100000, 0x0000000091200000|  0%| F|  |TAMS 0x0000000091100000, 0x0000000091100000| Untracked 
| 274|0x0000000091200000, 0x0000000091200000, 0x0000000091300000|  0%| F|  |TAMS 0x0000000091200000, 0x0000000091200000| Untracked 
| 275|0x0000000091300000, 0x0000000091300000, 0x0000000091400000|  0%| F|  |TAMS 0x0000000091300000, 0x0000000091300000| Untracked 
| 276|0x0000000091400000, 0x0000000091400000, 0x0000000091500000|  0%| F|  |TAMS 0x0000000091400000, 0x0000000091400000| Untracked 
| 277|0x0000000091500000, 0x0000000091500000, 0x0000000091600000|  0%| F|  |TAMS 0x0000000091500000, 0x0000000091500000| Untracked 
| 278|0x0000000091600000, 0x0000000091600000, 0x0000000091700000|  0%| F|  |TAMS 0x0000000091600000, 0x0000000091600000| Untracked 
| 279|0x0000000091700000, 0x0000000091700000, 0x0000000091800000|  0%| F|  |TAMS 0x0000000091700000, 0x0000000091700000| Untracked 
| 280|0x0000000091800000, 0x0000000091800000, 0x0000000091900000|  0%| F|  |TAMS 0x0000000091800000, 0x0000000091800000| Untracked 
| 281|0x0000000091900000, 0x0000000091900000, 0x0000000091a00000|  0%| F|  |TAMS 0x0000000091900000, 0x0000000091900000| Untracked 
| 282|0x0000000091a00000, 0x0000000091a00000, 0x0000000091b00000|  0%| F|  |TAMS 0x0000000091a00000, 0x0000000091a00000| Untracked 
| 283|0x0000000091b00000, 0x0000000091b00000, 0x0000000091c00000|  0%| F|  |TAMS 0x0000000091b00000, 0x0000000091b00000| Untracked 
| 284|0x0000000091c00000, 0x0000000091c00000, 0x0000000091d00000|  0%| F|  |TAMS 0x0000000091c00000, 0x0000000091c00000| Untracked 
| 285|0x0000000091d00000, 0x0000000091d00000, 0x0000000091e00000|  0%| F|  |TAMS 0x0000000091d00000, 0x0000000091d00000| Untracked 
| 286|0x0000000091e00000, 0x0000000091e00000, 0x0000000091f00000|  0%| F|  |TAMS 0x0000000091e00000, 0x0000000091e00000| Untracked 
| 287|0x0000000091f00000, 0x0000000091f00000, 0x0000000092000000|  0%| F|  |TAMS 0x0000000091f00000, 0x0000000091f00000| Untracked 
| 288|0x0000000092000000, 0x0000000092000000, 0x0000000092100000|  0%| F|  |TAMS 0x0000000092000000, 0x0000000092000000| Untracked 
| 289|0x0000000092100000, 0x0000000092100000, 0x0000000092200000|  0%| F|  |TAMS 0x0000000092100000, 0x0000000092100000| Untracked 
| 290|0x0000000092200000, 0x0000000092200000, 0x0000000092300000|  0%| F|  |TAMS 0x0000000092200000, 0x0000000092200000| Untracked 
| 291|0x0000000092300000, 0x0000000092300000, 0x0000000092400000|  0%| F|  |TAMS 0x0000000092300000, 0x0000000092300000| Untracked 
| 292|0x0000000092400000, 0x0000000092400000, 0x0000000092500000|  0%| F|  |TAMS 0x0000000092400000, 0x0000000092400000| Untracked 
| 293|0x0000000092500000, 0x0000000092500000, 0x0000000092600000|  0%| F|  |TAMS 0x0000000092500000, 0x0000000092500000| Untracked 
| 294|0x0000000092600000, 0x0000000092600000, 0x0000000092700000|  0%| F|  |TAMS 0x0000000092600000, 0x0000000092600000| Untracked 
| 295|0x0000000092700000, 0x0000000092700000, 0x0000000092800000|  0%| F|  |TAMS 0x0000000092700000, 0x0000000092700000| Untracked 
| 296|0x0000000092800000, 0x0000000092800000, 0x0000000092900000|  0%| F|  |TAMS 0x0000000092800000, 0x0000000092800000| Untracked 
| 297|0x0000000092900000, 0x0000000092900000, 0x0000000092a00000|  0%| F|  |TAMS 0x0000000092900000, 0x0000000092900000| Untracked 
| 298|0x0000000092a00000, 0x0000000092a00000, 0x0000000092b00000|  0%| F|  |TAMS 0x0000000092a00000, 0x0000000092a00000| Untracked 
| 299|0x0000000092b00000, 0x0000000092b00000, 0x0000000092c00000|  0%| F|  |TAMS 0x0000000092b00000, 0x0000000092b00000| Untracked 
| 300|0x0000000092c00000, 0x0000000092c00000, 0x0000000092d00000|  0%| F|  |TAMS 0x0000000092c00000, 0x0000000092c00000| Untracked 
| 301|0x0000000092d00000, 0x0000000092d00000, 0x0000000092e00000|  0%| F|  |TAMS 0x0000000092d00000, 0x0000000092d00000| Untracked 
| 302|0x0000000092e00000, 0x0000000092e00000, 0x0000000092f00000|  0%| F|  |TAMS 0x0000000092e00000, 0x0000000092e00000| Untracked 
| 303|0x0000000092f00000, 0x0000000092f00000, 0x0000000093000000|  0%| F|  |TAMS 0x0000000092f00000, 0x0000000092f00000| Untracked 
| 304|0x0000000093000000, 0x0000000093000000, 0x0000000093100000|  0%| F|  |TAMS 0x0000000093000000, 0x0000000093000000| Untracked 
| 305|0x0000000093100000, 0x0000000093100000, 0x0000000093200000|  0%| F|  |TAMS 0x0000000093100000, 0x0000000093100000| Untracked 
| 306|0x0000000093200000, 0x0000000093200000, 0x0000000093300000|  0%| F|  |TAMS 0x0000000093200000, 0x0000000093200000| Untracked 
| 307|0x0000000093300000, 0x0000000093300000, 0x0000000093400000|  0%| F|  |TAMS 0x0000000093300000, 0x0000000093300000| Untracked 
| 308|0x0000000093400000, 0x0000000093400000, 0x0000000093500000|  0%| F|  |TAMS 0x0000000093400000, 0x0000000093400000| Untracked 
| 309|0x0000000093500000, 0x0000000093500000, 0x0000000093600000|  0%| F|  |TAMS 0x0000000093500000, 0x0000000093500000| Untracked 
| 310|0x0000000093600000, 0x0000000093600000, 0x0000000093700000|  0%| F|  |TAMS 0x0000000093600000, 0x0000000093600000| Untracked 
| 311|0x0000000093700000, 0x0000000093700000, 0x0000000093800000|  0%| F|  |TAMS 0x0000000093700000, 0x0000000093700000| Untracked 
| 312|0x0000000093800000, 0x0000000093800000, 0x0000000093900000|  0%| F|  |TAMS 0x0000000093800000, 0x0000000093800000| Untracked 
| 313|0x0000000093900000, 0x0000000093900000, 0x0000000093a00000|  0%| F|  |TAMS 0x0000000093900000, 0x0000000093900000| Untracked 
| 314|0x0000000093a00000, 0x0000000093a00000, 0x0000000093b00000|  0%| F|  |TAMS 0x0000000093a00000, 0x0000000093a00000| Untracked 
| 315|0x0000000093b00000, 0x0000000093b00000, 0x0000000093c00000|  0%| F|  |TAMS 0x0000000093b00000, 0x0000000093b00000| Untracked 
| 316|0x0000000093c00000, 0x0000000093c00000, 0x0000000093d00000|  0%| F|  |TAMS 0x0000000093c00000, 0x0000000093c00000| Untracked 
| 317|0x0000000093d00000, 0x0000000093d00000, 0x0000000093e00000|  0%| F|  |TAMS 0x0000000093d00000, 0x0000000093d00000| Untracked 
| 318|0x0000000093e00000, 0x0000000093e00000, 0x0000000093f00000|  0%| F|  |TAMS 0x0000000093e00000, 0x0000000093e00000| Untracked 
| 319|0x0000000093f00000, 0x0000000093f00000, 0x0000000094000000|  0%| F|  |TAMS 0x0000000093f00000, 0x0000000093f00000| Untracked 
| 320|0x0000000094000000, 0x0000000094000000, 0x0000000094100000|  0%| F|  |TAMS 0x0000000094000000, 0x0000000094000000| Untracked 
| 321|0x0000000094100000, 0x0000000094100000, 0x0000000094200000|  0%| F|  |TAMS 0x0000000094100000, 0x0000000094100000| Untracked 
| 322|0x0000000094200000, 0x0000000094200000, 0x0000000094300000|  0%| F|  |TAMS 0x0000000094200000, 0x0000000094200000| Untracked 
| 323|0x0000000094300000, 0x0000000094300000, 0x0000000094400000|  0%| F|  |TAMS 0x0000000094300000, 0x0000000094300000| Untracked 
| 324|0x0000000094400000, 0x0000000094400000, 0x0000000094500000|  0%| F|  |TAMS 0x0000000094400000, 0x0000000094400000| Untracked 
| 325|0x0000000094500000, 0x0000000094500000, 0x0000000094600000|  0%| F|  |TAMS 0x0000000094500000, 0x0000000094500000| Untracked 
| 326|0x0000000094600000, 0x0000000094600000, 0x0000000094700000|  0%| F|  |TAMS 0x0000000094600000, 0x0000000094600000| Untracked 
| 327|0x0000000094700000, 0x0000000094700000, 0x0000000094800000|  0%| F|  |TAMS 0x0000000094700000, 0x0000000094700000| Untracked 
| 328|0x0000000094800000, 0x0000000094800000, 0x0000000094900000|  0%| F|  |TAMS 0x0000000094800000, 0x0000000094800000| Untracked 
| 329|0x0000000094900000, 0x0000000094900000, 0x0000000094a00000|  0%| F|  |TAMS 0x0000000094900000, 0x0000000094900000| Untracked 
| 330|0x0000000094a00000, 0x0000000094a00000, 0x0000000094b00000|  0%| F|  |TAMS 0x0000000094a00000, 0x0000000094a00000| Untracked 
| 331|0x0000000094b00000, 0x0000000094b00000, 0x0000000094c00000|  0%| F|  |TAMS 0x0000000094b00000, 0x0000000094b00000| Untracked 
| 332|0x0000000094c00000, 0x0000000094c00000, 0x0000000094d00000|  0%| F|  |TAMS 0x0000000094c00000, 0x0000000094c00000| Untracked 
| 333|0x0000000094d00000, 0x0000000094d00000, 0x0000000094e00000|  0%| F|  |TAMS 0x0000000094d00000, 0x0000000094d00000| Untracked 
| 334|0x0000000094e00000, 0x0000000094e00000, 0x0000000094f00000|  0%| F|  |TAMS 0x0000000094e00000, 0x0000000094e00000| Untracked 
| 335|0x0000000094f00000, 0x0000000094f00000, 0x0000000095000000|  0%| F|  |TAMS 0x0000000094f00000, 0x0000000094f00000| Untracked 
| 336|0x0000000095000000, 0x0000000095000000, 0x0000000095100000|  0%| F|  |TAMS 0x0000000095000000, 0x0000000095000000| Untracked 
| 337|0x0000000095100000, 0x0000000095100000, 0x0000000095200000|  0%| F|  |TAMS 0x0000000095100000, 0x0000000095100000| Untracked 
| 338|0x0000000095200000, 0x0000000095200000, 0x0000000095300000|  0%| F|  |TAMS 0x0000000095200000, 0x0000000095200000| Untracked 
| 339|0x0000000095300000, 0x0000000095300000, 0x0000000095400000|  0%| F|  |TAMS 0x0000000095300000, 0x0000000095300000| Untracked 
| 340|0x0000000095400000, 0x0000000095400000, 0x0000000095500000|  0%| F|  |TAMS 0x0000000095400000, 0x0000000095400000| Untracked 
| 341|0x0000000095500000, 0x0000000095500000, 0x0000000095600000|  0%| F|  |TAMS 0x0000000095500000, 0x0000000095500000| Untracked 
| 342|0x0000000095600000, 0x0000000095600000, 0x0000000095700000|  0%| F|  |TAMS 0x0000000095600000, 0x0000000095600000| Untracked 
| 343|0x0000000095700000, 0x0000000095700000, 0x0000000095800000|  0%| F|  |TAMS 0x0000000095700000, 0x0000000095700000| Untracked 
| 344|0x0000000095800000, 0x0000000095800000, 0x0000000095900000|  0%| F|  |TAMS 0x0000000095800000, 0x0000000095800000| Untracked 
| 345|0x0000000095900000, 0x0000000095900000, 0x0000000095a00000|  0%| F|  |TAMS 0x0000000095900000, 0x0000000095900000| Untracked 
| 346|0x0000000095a00000, 0x0000000095a00000, 0x0000000095b00000|  0%| F|  |TAMS 0x0000000095a00000, 0x0000000095a00000| Untracked 
| 347|0x0000000095b00000, 0x0000000095b00000, 0x0000000095c00000|  0%| F|  |TAMS 0x0000000095b00000, 0x0000000095b00000| Untracked 
| 348|0x0000000095c00000, 0x0000000095c00000, 0x0000000095d00000|  0%| F|  |TAMS 0x0000000095c00000, 0x0000000095c00000| Untracked 
| 349|0x0000000095d00000, 0x0000000095d00000, 0x0000000095e00000|  0%| F|  |TAMS 0x0000000095d00000, 0x0000000095d00000| Untracked 
| 350|0x0000000095e00000, 0x0000000095e00000, 0x0000000095f00000|  0%| F|  |TAMS 0x0000000095e00000, 0x0000000095e00000| Untracked 
| 351|0x0000000095f00000, 0x0000000095f00000, 0x0000000096000000|  0%| F|  |TAMS 0x0000000095f00000, 0x0000000095f00000| Untracked 
| 352|0x0000000096000000, 0x0000000096000000, 0x0000000096100000|  0%| F|  |TAMS 0x0000000096000000, 0x0000000096000000| Untracked 
| 353|0x0000000096100000, 0x0000000096100000, 0x0000000096200000|  0%| F|  |TAMS 0x0000000096100000, 0x0000000096100000| Untracked 
| 354|0x0000000096200000, 0x0000000096200000, 0x0000000096300000|  0%| F|  |TAMS 0x0000000096200000, 0x0000000096200000| Untracked 
| 355|0x0000000096300000, 0x0000000096300000, 0x0000000096400000|  0%| F|  |TAMS 0x0000000096300000, 0x0000000096300000| Untracked 
| 356|0x0000000096400000, 0x0000000096400000, 0x0000000096500000|  0%| F|  |TAMS 0x0000000096400000, 0x0000000096400000| Untracked 
| 357|0x0000000096500000, 0x0000000096500000, 0x0000000096600000|  0%| F|  |TAMS 0x0000000096500000, 0x0000000096500000| Untracked 
| 358|0x0000000096600000, 0x0000000096600000, 0x0000000096700000|  0%| F|  |TAMS 0x0000000096600000, 0x0000000096600000| Untracked 
| 359|0x0000000096700000, 0x0000000096700000, 0x0000000096800000|  0%| F|  |TAMS 0x0000000096700000, 0x0000000096700000| Untracked 
| 360|0x0000000096800000, 0x0000000096800000, 0x0000000096900000|  0%| F|  |TAMS 0x0000000096800000, 0x0000000096800000| Untracked 
| 361|0x0000000096900000, 0x0000000096900000, 0x0000000096a00000|  0%| F|  |TAMS 0x0000000096900000, 0x0000000096900000| Untracked 
| 362|0x0000000096a00000, 0x0000000096a00000, 0x0000000096b00000|  0%| F|  |TAMS 0x0000000096a00000, 0x0000000096a00000| Untracked 
| 363|0x0000000096b00000, 0x0000000096b00000, 0x0000000096c00000|  0%| F|  |TAMS 0x0000000096b00000, 0x0000000096b00000| Untracked 
| 364|0x0000000096c00000, 0x0000000096c00000, 0x0000000096d00000|  0%| F|  |TAMS 0x0000000096c00000, 0x0000000096c00000| Untracked 
| 365|0x0000000096d00000, 0x0000000096d00000, 0x0000000096e00000|  0%| F|  |TAMS 0x0000000096d00000, 0x0000000096d00000| Untracked 
| 366|0x0000000096e00000, 0x0000000096e00000, 0x0000000096f00000|  0%| F|  |TAMS 0x0000000096e00000, 0x0000000096e00000| Untracked 
| 367|0x0000000096f00000, 0x0000000096f00000, 0x0000000097000000|  0%| F|  |TAMS 0x0000000096f00000, 0x0000000096f00000| Untracked 
| 368|0x0000000097000000, 0x0000000097000000, 0x0000000097100000|  0%| F|  |TAMS 0x0000000097000000, 0x0000000097000000| Untracked 
| 369|0x0000000097100000, 0x0000000097100000, 0x0000000097200000|  0%| F|  |TAMS 0x0000000097100000, 0x0000000097100000| Untracked 
| 370|0x0000000097200000, 0x0000000097200000, 0x0000000097300000|  0%| F|  |TAMS 0x0000000097200000, 0x0000000097200000| Untracked 
| 371|0x0000000097300000, 0x0000000097300000, 0x0000000097400000|  0%| F|  |TAMS 0x0000000097300000, 0x0000000097300000| Untracked 
| 372|0x0000000097400000, 0x0000000097400000, 0x0000000097500000|  0%| F|  |TAMS 0x0000000097400000, 0x0000000097400000| Untracked 
| 373|0x0000000097500000, 0x0000000097500000, 0x0000000097600000|  0%| F|  |TAMS 0x0000000097500000, 0x0000000097500000| Untracked 
| 374|0x0000000097600000, 0x0000000097600000, 0x0000000097700000|  0%| F|  |TAMS 0x0000000097600000, 0x0000000097600000| Untracked 
| 375|0x0000000097700000, 0x00000000977db7e0, 0x0000000097800000| 85%| S|CS|TAMS 0x0000000097700000, 0x0000000097700000| Complete 
| 376|0x0000000097800000, 0x0000000097900000, 0x0000000097900000|100%| S|CS|TAMS 0x0000000097800000, 0x0000000097800000| Complete 
| 377|0x0000000097900000, 0x0000000097a00000, 0x0000000097a00000|100%| S|CS|TAMS 0x0000000097900000, 0x0000000097900000| Complete 
| 378|0x0000000097a00000, 0x0000000097b00000, 0x0000000097b00000|100%| S|CS|TAMS 0x0000000097a00000, 0x0000000097a00000| Complete 
| 379|0x0000000097b00000, 0x0000000097c00000, 0x0000000097c00000|100%| S|CS|TAMS 0x0000000097b00000, 0x0000000097b00000| Complete 
| 380|0x0000000097c00000, 0x0000000097d00000, 0x0000000097d00000|100%| S|CS|TAMS 0x0000000097c00000, 0x0000000097c00000| Complete 
| 381|0x0000000097d00000, 0x0000000097e00000, 0x0000000097e00000|100%| S|CS|TAMS 0x0000000097d00000, 0x0000000097d00000| Complete 
| 382|0x0000000097e00000, 0x0000000097f00000, 0x0000000097f00000|100%| S|CS|TAMS 0x0000000097e00000, 0x0000000097e00000| Complete 
| 383|0x0000000097f00000, 0x0000000098000000, 0x0000000098000000|100%| S|CS|TAMS 0x0000000097f00000, 0x0000000097f00000| Complete 
| 384|0x0000000098000000, 0x0000000098100000, 0x0000000098100000|100%| S|CS|TAMS 0x0000000098000000, 0x0000000098000000| Complete 
| 385|0x0000000098100000, 0x0000000098200000, 0x0000000098200000|100%| S|CS|TAMS 0x0000000098100000, 0x0000000098100000| Complete 
| 386|0x0000000098200000, 0x0000000098300000, 0x0000000098300000|100%| S|CS|TAMS 0x0000000098200000, 0x0000000098200000| Complete 
| 387|0x0000000098300000, 0x0000000098400000, 0x0000000098400000|100%| S|CS|TAMS 0x0000000098300000, 0x0000000098300000| Complete 
| 388|0x0000000098400000, 0x0000000098500000, 0x0000000098500000|100%| S|CS|TAMS 0x0000000098400000, 0x0000000098400000| Complete 
| 389|0x0000000098500000, 0x0000000098600000, 0x0000000098600000|100%| S|CS|TAMS 0x0000000098500000, 0x0000000098500000| Complete 
| 390|0x0000000098600000, 0x0000000098700000, 0x0000000098700000|100%| S|CS|TAMS 0x0000000098600000, 0x0000000098600000| Complete 
| 391|0x0000000098700000, 0x0000000098800000, 0x0000000098800000|100%| S|CS|TAMS 0x0000000098700000, 0x0000000098700000| Complete 
| 392|0x0000000098800000, 0x0000000098900000, 0x0000000098900000|100%| S|CS|TAMS 0x0000000098800000, 0x0000000098800000| Complete 
| 393|0x0000000098900000, 0x0000000098a00000, 0x0000000098a00000|100%| S|CS|TAMS 0x0000000098900000, 0x0000000098900000| Complete 
| 394|0x0000000098a00000, 0x0000000098b00000, 0x0000000098b00000|100%| S|CS|TAMS 0x0000000098a00000, 0x0000000098a00000| Complete 
| 395|0x0000000098b00000, 0x0000000098b00000, 0x0000000098c00000|  0%| F|  |TAMS 0x0000000098b00000, 0x0000000098b00000| Untracked 
| 396|0x0000000098c00000, 0x0000000098c00000, 0x0000000098d00000|  0%| F|  |TAMS 0x0000000098c00000, 0x0000000098c00000| Untracked 
| 397|0x0000000098d00000, 0x0000000098d00000, 0x0000000098e00000|  0%| F|  |TAMS 0x0000000098d00000, 0x0000000098d00000| Untracked 
| 398|0x0000000098e00000, 0x0000000098e00000, 0x0000000098f00000|  0%| F|  |TAMS 0x0000000098e00000, 0x0000000098e00000| Untracked 
| 399|0x0000000098f00000, 0x0000000098f00000, 0x0000000099000000|  0%| F|  |TAMS 0x0000000098f00000, 0x0000000098f00000| Untracked 
| 400|0x0000000099000000, 0x0000000099000000, 0x0000000099100000|  0%| F|  |TAMS 0x0000000099000000, 0x0000000099000000| Untracked 
| 401|0x0000000099100000, 0x0000000099100000, 0x0000000099200000|  0%| F|  |TAMS 0x0000000099100000, 0x0000000099100000| Untracked 
| 402|0x0000000099200000, 0x0000000099200000, 0x0000000099300000|  0%| F|  |TAMS 0x0000000099200000, 0x0000000099200000| Untracked 
| 403|0x0000000099300000, 0x0000000099300000, 0x0000000099400000|  0%| F|  |TAMS 0x0000000099300000, 0x0000000099300000| Untracked 
| 404|0x0000000099400000, 0x0000000099400000, 0x0000000099500000|  0%| F|  |TAMS 0x0000000099400000, 0x0000000099400000| Untracked 
| 405|0x0000000099500000, 0x0000000099500000, 0x0000000099600000|  0%| F|  |TAMS 0x0000000099500000, 0x0000000099500000| Untracked 
| 406|0x0000000099600000, 0x0000000099600000, 0x0000000099700000|  0%| F|  |TAMS 0x0000000099600000, 0x0000000099600000| Untracked 
| 407|0x0000000099700000, 0x0000000099700000, 0x0000000099800000|  0%| F|  |TAMS 0x0000000099700000, 0x0000000099700000| Untracked 
| 408|0x0000000099800000, 0x0000000099800000, 0x0000000099900000|  0%| F|  |TAMS 0x0000000099800000, 0x0000000099800000| Untracked 
| 409|0x0000000099900000, 0x0000000099900000, 0x0000000099a00000|  0%| F|  |TAMS 0x0000000099900000, 0x0000000099900000| Untracked 
| 410|0x0000000099a00000, 0x0000000099a00000, 0x0000000099b00000|  0%| F|  |TAMS 0x0000000099a00000, 0x0000000099a00000| Untracked 
| 411|0x0000000099b00000, 0x0000000099b00000, 0x0000000099c00000|  0%| F|  |TAMS 0x0000000099b00000, 0x0000000099b00000| Untracked 
| 412|0x0000000099c00000, 0x0000000099c00000, 0x0000000099d00000|  0%| F|  |TAMS 0x0000000099c00000, 0x0000000099c00000| Untracked 
| 413|0x0000000099d00000, 0x0000000099d00000, 0x0000000099e00000|  0%| F|  |TAMS 0x0000000099d00000, 0x0000000099d00000| Untracked 
| 414|0x0000000099e00000, 0x0000000099e00000, 0x0000000099f00000|  0%| F|  |TAMS 0x0000000099e00000, 0x0000000099e00000| Untracked 
| 415|0x0000000099f00000, 0x0000000099f00000, 0x000000009a000000|  0%| F|  |TAMS 0x0000000099f00000, 0x0000000099f00000| Untracked 
| 416|0x000000009a000000, 0x000000009a000000, 0x000000009a100000|  0%| F|  |TAMS 0x000000009a000000, 0x000000009a000000| Untracked 
| 417|0x000000009a100000, 0x000000009a100000, 0x000000009a200000|  0%| F|  |TAMS 0x000000009a100000, 0x000000009a100000| Untracked 
| 418|0x000000009a200000, 0x000000009a200000, 0x000000009a300000|  0%| F|  |TAMS 0x000000009a200000, 0x000000009a200000| Untracked 
| 419|0x000000009a300000, 0x000000009a300000, 0x000000009a400000|  0%| F|  |TAMS 0x000000009a300000, 0x000000009a300000| Untracked 
| 420|0x000000009a400000, 0x000000009a400000, 0x000000009a500000|  0%| F|  |TAMS 0x000000009a400000, 0x000000009a400000| Untracked 
| 421|0x000000009a500000, 0x000000009a500000, 0x000000009a600000|  0%| F|  |TAMS 0x000000009a500000, 0x000000009a500000| Untracked 
| 422|0x000000009a600000, 0x000000009a600000, 0x000000009a700000|  0%| F|  |TAMS 0x000000009a600000, 0x000000009a600000| Untracked 
| 423|0x000000009a700000, 0x000000009a700000, 0x000000009a800000|  0%| F|  |TAMS 0x000000009a700000, 0x000000009a700000| Untracked 
| 424|0x000000009a800000, 0x000000009a800000, 0x000000009a900000|  0%| F|  |TAMS 0x000000009a800000, 0x000000009a800000| Untracked 
| 425|0x000000009a900000, 0x000000009a900000, 0x000000009aa00000|  0%| F|  |TAMS 0x000000009a900000, 0x000000009a900000| Untracked 
| 426|0x000000009aa00000, 0x000000009aa00000, 0x000000009ab00000|  0%| F|  |TAMS 0x000000009aa00000, 0x000000009aa00000| Untracked 
| 427|0x000000009ab00000, 0x000000009ab00000, 0x000000009ac00000|  0%| F|  |TAMS 0x000000009ab00000, 0x000000009ab00000| Untracked 
| 428|0x000000009ac00000, 0x000000009ac00000, 0x000000009ad00000|  0%| F|  |TAMS 0x000000009ac00000, 0x000000009ac00000| Untracked 
| 429|0x000000009ad00000, 0x000000009ad00000, 0x000000009ae00000|  0%| F|  |TAMS 0x000000009ad00000, 0x000000009ad00000| Untracked 
| 430|0x000000009ae00000, 0x000000009ae00000, 0x000000009af00000|  0%| F|  |TAMS 0x000000009ae00000, 0x000000009ae00000| Untracked 
| 431|0x000000009af00000, 0x000000009af00000, 0x000000009b000000|  0%| F|  |TAMS 0x000000009af00000, 0x000000009af00000| Untracked 
| 432|0x000000009b000000, 0x000000009b000000, 0x000000009b100000|  0%| F|  |TAMS 0x000000009b000000, 0x000000009b000000| Untracked 
| 433|0x000000009b100000, 0x000000009b100000, 0x000000009b200000|  0%| F|  |TAMS 0x000000009b100000, 0x000000009b100000| Untracked 
| 434|0x000000009b200000, 0x000000009b200000, 0x000000009b300000|  0%| F|  |TAMS 0x000000009b200000, 0x000000009b200000| Untracked 
| 435|0x000000009b300000, 0x000000009b300000, 0x000000009b400000|  0%| F|  |TAMS 0x000000009b300000, 0x000000009b300000| Untracked 
| 436|0x000000009b400000, 0x000000009b400000, 0x000000009b500000|  0%| F|  |TAMS 0x000000009b400000, 0x000000009b400000| Untracked 
| 437|0x000000009b500000, 0x000000009b500000, 0x000000009b600000|  0%| F|  |TAMS 0x000000009b500000, 0x000000009b500000| Untracked 
| 438|0x000000009b600000, 0x000000009b600000, 0x000000009b700000|  0%| F|  |TAMS 0x000000009b600000, 0x000000009b600000| Untracked 
| 439|0x000000009b700000, 0x000000009b790730, 0x000000009b800000| 56%| E|  |TAMS 0x000000009b700000, 0x000000009b700000| Complete 
| 440|0x000000009b800000, 0x000000009b900000, 0x000000009b900000|100%| E|CS|TAMS 0x000000009b800000, 0x000000009b800000| Complete 
| 441|0x000000009b900000, 0x000000009ba00000, 0x000000009ba00000|100%| E|CS|TAMS 0x000000009b900000, 0x000000009b900000| Complete 
| 442|0x000000009ba00000, 0x000000009bb00000, 0x000000009bb00000|100%| E|CS|TAMS 0x000000009ba00000, 0x000000009ba00000| Complete 
| 443|0x000000009bb00000, 0x000000009bc00000, 0x000000009bc00000|100%| E|CS|TAMS 0x000000009bb00000, 0x000000009bb00000| Complete 
| 444|0x000000009bc00000, 0x000000009bd00000, 0x000000009bd00000|100%| E|CS|TAMS 0x000000009bc00000, 0x000000009bc00000| Complete 
| 445|0x000000009bd00000, 0x000000009be00000, 0x000000009be00000|100%| E|CS|TAMS 0x000000009bd00000, 0x000000009bd00000| Complete 
| 446|0x000000009be00000, 0x000000009bf00000, 0x000000009bf00000|100%| E|CS|TAMS 0x000000009be00000, 0x000000009be00000| Complete 
| 447|0x000000009bf00000, 0x000000009c000000, 0x000000009c000000|100%| E|CS|TAMS 0x000000009bf00000, 0x000000009bf00000| Complete 
| 448|0x000000009c000000, 0x000000009c100000, 0x000000009c100000|100%| E|CS|TAMS 0x000000009c000000, 0x000000009c000000| Complete 
| 449|0x000000009c100000, 0x000000009c200000, 0x000000009c200000|100%| E|CS|TAMS 0x000000009c100000, 0x000000009c100000| Complete 
| 450|0x000000009c200000, 0x000000009c300000, 0x000000009c300000|100%| E|CS|TAMS 0x000000009c200000, 0x000000009c200000| Complete 
| 451|0x000000009c300000, 0x000000009c400000, 0x000000009c400000|100%| E|CS|TAMS 0x000000009c300000, 0x000000009c300000| Complete 
| 452|0x000000009c400000, 0x000000009c500000, 0x000000009c500000|100%| E|CS|TAMS 0x000000009c400000, 0x000000009c400000| Complete 
| 453|0x000000009c500000, 0x000000009c600000, 0x000000009c600000|100%| E|CS|TAMS 0x000000009c500000, 0x000000009c500000| Complete 
| 454|0x000000009c600000, 0x000000009c700000, 0x000000009c700000|100%| E|CS|TAMS 0x000000009c600000, 0x000000009c600000| Complete 
| 455|0x000000009c700000, 0x000000009c800000, 0x000000009c800000|100%| E|CS|TAMS 0x000000009c700000, 0x000000009c700000| Complete 
| 456|0x000000009c800000, 0x000000009c900000, 0x000000009c900000|100%| E|CS|TAMS 0x000000009c800000, 0x000000009c800000| Complete 
| 457|0x000000009c900000, 0x000000009ca00000, 0x000000009ca00000|100%| E|CS|TAMS 0x000000009c900000, 0x000000009c900000| Complete 
| 458|0x000000009ca00000, 0x000000009cb00000, 0x000000009cb00000|100%| E|CS|TAMS 0x000000009ca00000, 0x000000009ca00000| Complete 
| 459|0x000000009cb00000, 0x000000009cc00000, 0x000000009cc00000|100%| E|CS|TAMS 0x000000009cb00000, 0x000000009cb00000| Complete 
| 460|0x000000009cc00000, 0x000000009cd00000, 0x000000009cd00000|100%| E|CS|TAMS 0x000000009cc00000, 0x000000009cc00000| Complete 
| 461|0x000000009cd00000, 0x000000009ce00000, 0x000000009ce00000|100%| E|CS|TAMS 0x000000009cd00000, 0x000000009cd00000| Complete 
| 462|0x000000009ce00000, 0x000000009cf00000, 0x000000009cf00000|100%| E|CS|TAMS 0x000000009ce00000, 0x000000009ce00000| Complete 
| 463|0x000000009cf00000, 0x000000009d000000, 0x000000009d000000|100%| E|CS|TAMS 0x000000009cf00000, 0x000000009cf00000| Complete 
| 464|0x000000009d000000, 0x000000009d100000, 0x000000009d100000|100%| E|CS|TAMS 0x000000009d000000, 0x000000009d000000| Complete 
| 465|0x000000009d100000, 0x000000009d200000, 0x000000009d200000|100%| E|CS|TAMS 0x000000009d100000, 0x000000009d100000| Complete 
| 466|0x000000009d200000, 0x000000009d300000, 0x000000009d300000|100%| E|CS|TAMS 0x000000009d200000, 0x000000009d200000| Complete 
| 467|0x000000009d300000, 0x000000009d400000, 0x000000009d400000|100%| E|CS|TAMS 0x000000009d300000, 0x000000009d300000| Complete 
| 468|0x000000009d400000, 0x000000009d500000, 0x000000009d500000|100%| E|CS|TAMS 0x000000009d400000, 0x000000009d400000| Complete 
| 469|0x000000009d500000, 0x000000009d600000, 0x000000009d600000|100%| E|CS|TAMS 0x000000009d500000, 0x000000009d500000| Complete 
| 470|0x000000009d600000, 0x000000009d700000, 0x000000009d700000|100%| E|CS|TAMS 0x000000009d600000, 0x000000009d600000| Complete 
| 471|0x000000009d700000, 0x000000009d800000, 0x000000009d800000|100%| E|CS|TAMS 0x000000009d700000, 0x000000009d700000| Complete 
| 472|0x000000009d800000, 0x000000009d900000, 0x000000009d900000|100%| E|CS|TAMS 0x000000009d800000, 0x000000009d800000| Complete 
| 473|0x000000009d900000, 0x000000009da00000, 0x000000009da00000|100%| E|CS|TAMS 0x000000009d900000, 0x000000009d900000| Complete 
| 474|0x000000009da00000, 0x000000009db00000, 0x000000009db00000|100%| E|CS|TAMS 0x000000009da00000, 0x000000009da00000| Complete 
| 475|0x000000009db00000, 0x000000009dc00000, 0x000000009dc00000|100%| E|CS|TAMS 0x000000009db00000, 0x000000009db00000| Complete 
| 476|0x000000009dc00000, 0x000000009dd00000, 0x000000009dd00000|100%| E|CS|TAMS 0x000000009dc00000, 0x000000009dc00000| Complete 
| 477|0x000000009dd00000, 0x000000009de00000, 0x000000009de00000|100%| E|CS|TAMS 0x000000009dd00000, 0x000000009dd00000| Complete 
| 478|0x000000009de00000, 0x000000009df00000, 0x000000009df00000|100%| E|CS|TAMS 0x000000009de00000, 0x000000009de00000| Complete 
| 479|0x000000009df00000, 0x000000009e000000, 0x000000009e000000|100%| E|CS|TAMS 0x000000009df00000, 0x000000009df00000| Complete 
| 480|0x000000009e000000, 0x000000009e100000, 0x000000009e100000|100%| E|CS|TAMS 0x000000009e000000, 0x000000009e000000| Complete 
| 481|0x000000009e100000, 0x000000009e200000, 0x000000009e200000|100%| E|CS|TAMS 0x000000009e100000, 0x000000009e100000| Complete 
| 482|0x000000009e200000, 0x000000009e300000, 0x000000009e300000|100%| E|CS|TAMS 0x000000009e200000, 0x000000009e200000| Complete 
| 483|0x000000009e300000, 0x000000009e400000, 0x000000009e400000|100%| E|CS|TAMS 0x000000009e300000, 0x000000009e300000| Complete 
| 484|0x000000009e400000, 0x000000009e500000, 0x000000009e500000|100%| E|CS|TAMS 0x000000009e400000, 0x000000009e400000| Complete 
| 485|0x000000009e500000, 0x000000009e600000, 0x000000009e600000|100%| E|CS|TAMS 0x000000009e500000, 0x000000009e500000| Complete 
| 486|0x000000009e600000, 0x000000009e700000, 0x000000009e700000|100%| E|CS|TAMS 0x000000009e600000, 0x000000009e600000| Complete 
| 487|0x000000009e700000, 0x000000009e800000, 0x000000009e800000|100%| E|CS|TAMS 0x000000009e700000, 0x000000009e700000| Complete 
| 488|0x000000009e800000, 0x000000009e900000, 0x000000009e900000|100%| E|CS|TAMS 0x000000009e800000, 0x000000009e800000| Complete 
| 489|0x000000009e900000, 0x000000009ea00000, 0x000000009ea00000|100%| E|CS|TAMS 0x000000009e900000, 0x000000009e900000| Complete 
| 490|0x000000009ea00000, 0x000000009eb00000, 0x000000009eb00000|100%| E|CS|TAMS 0x000000009ea00000, 0x000000009ea00000| Complete 
| 491|0x000000009eb00000, 0x000000009ec00000, 0x000000009ec00000|100%| E|CS|TAMS 0x000000009eb00000, 0x000000009eb00000| Complete 
| 492|0x000000009ec00000, 0x000000009ed00000, 0x000000009ed00000|100%| E|CS|TAMS 0x000000009ec00000, 0x000000009ec00000| Complete 
| 493|0x000000009ed00000, 0x000000009ee00000, 0x000000009ee00000|100%| E|CS|TAMS 0x000000009ed00000, 0x000000009ed00000| Complete 
| 494|0x000000009ee00000, 0x000000009ef00000, 0x000000009ef00000|100%| E|CS|TAMS 0x000000009ee00000, 0x000000009ee00000| Complete 
| 495|0x000000009ef00000, 0x000000009f000000, 0x000000009f000000|100%| E|CS|TAMS 0x000000009ef00000, 0x000000009ef00000| Complete 
| 496|0x000000009f000000, 0x000000009f100000, 0x000000009f100000|100%| E|CS|TAMS 0x000000009f000000, 0x000000009f000000| Complete 
| 497|0x000000009f100000, 0x000000009f200000, 0x000000009f200000|100%| E|CS|TAMS 0x000000009f100000, 0x000000009f100000| Complete 
| 498|0x000000009f200000, 0x000000009f300000, 0x000000009f300000|100%| E|CS|TAMS 0x000000009f200000, 0x000000009f200000| Complete 
| 499|0x000000009f300000, 0x000000009f400000, 0x000000009f400000|100%| E|CS|TAMS 0x000000009f300000, 0x000000009f300000| Complete 
| 500|0x000000009f400000, 0x000000009f500000, 0x000000009f500000|100%| E|CS|TAMS 0x000000009f400000, 0x000000009f400000| Complete 
| 501|0x000000009f500000, 0x000000009f600000, 0x000000009f600000|100%| E|CS|TAMS 0x000000009f500000, 0x000000009f500000| Complete 
| 502|0x000000009f600000, 0x000000009f700000, 0x000000009f700000|100%| E|CS|TAMS 0x000000009f600000, 0x000000009f600000| Complete 
| 503|0x000000009f700000, 0x000000009f800000, 0x000000009f800000|100%| E|CS|TAMS 0x000000009f700000, 0x000000009f700000| Complete 
| 504|0x000000009f800000, 0x000000009f900000, 0x000000009f900000|100%| E|CS|TAMS 0x000000009f800000, 0x000000009f800000| Complete 
| 505|0x000000009f900000, 0x000000009fa00000, 0x000000009fa00000|100%| E|CS|TAMS 0x000000009f900000, 0x000000009f900000| Complete 
| 506|0x000000009fa00000, 0x000000009fb00000, 0x000000009fb00000|100%| E|CS|TAMS 0x000000009fa00000, 0x000000009fa00000| Complete 
| 507|0x000000009fb00000, 0x000000009fc00000, 0x000000009fc00000|100%| E|CS|TAMS 0x000000009fb00000, 0x000000009fb00000| Complete 
| 508|0x000000009fc00000, 0x000000009fd00000, 0x000000009fd00000|100%| E|CS|TAMS 0x000000009fc00000, 0x000000009fc00000| Complete 
| 509|0x000000009fd00000, 0x000000009fe00000, 0x000000009fe00000|100%| E|CS|TAMS 0x000000009fd00000, 0x000000009fd00000| Complete 
| 510|0x000000009fe00000, 0x000000009ff00000, 0x000000009ff00000|100%| E|CS|TAMS 0x000000009fe00000, 0x000000009fe00000| Complete 
| 511|0x000000009ff00000, 0x00000000a0000000, 0x00000000a0000000|100%| E|CS|TAMS 0x000000009ff00000, 0x000000009ff00000| Complete 
| 512|0x00000000a0000000, 0x00000000a0100000, 0x00000000a0100000|100%| E|CS|TAMS 0x00000000a0000000, 0x00000000a0000000| Complete 
| 513|0x00000000a0100000, 0x00000000a0200000, 0x00000000a0200000|100%| E|CS|TAMS 0x00000000a0100000, 0x00000000a0100000| Complete 
| 514|0x00000000a0200000, 0x00000000a0300000, 0x00000000a0300000|100%| E|CS|TAMS 0x00000000a0200000, 0x00000000a0200000| Complete 
| 515|0x00000000a0300000, 0x00000000a0400000, 0x00000000a0400000|100%| E|CS|TAMS 0x00000000a0300000, 0x00000000a0300000| Complete 
| 516|0x00000000a0400000, 0x00000000a0500000, 0x00000000a0500000|100%| E|CS|TAMS 0x00000000a0400000, 0x00000000a0400000| Complete 
| 517|0x00000000a0500000, 0x00000000a0600000, 0x00000000a0600000|100%| E|CS|TAMS 0x00000000a0500000, 0x00000000a0500000| Complete 
| 518|0x00000000a0600000, 0x00000000a0700000, 0x00000000a0700000|100%| E|CS|TAMS 0x00000000a0600000, 0x00000000a0600000| Complete 
| 519|0x00000000a0700000, 0x00000000a0800000, 0x00000000a0800000|100%| E|CS|TAMS 0x00000000a0700000, 0x00000000a0700000| Complete 
| 520|0x00000000a0800000, 0x00000000a0900000, 0x00000000a0900000|100%| E|CS|TAMS 0x00000000a0800000, 0x00000000a0800000| Complete 
| 521|0x00000000a0900000, 0x00000000a0a00000, 0x00000000a0a00000|100%| E|CS|TAMS 0x00000000a0900000, 0x00000000a0900000| Complete 
| 522|0x00000000a0a00000, 0x00000000a0b00000, 0x00000000a0b00000|100%| E|CS|TAMS 0x00000000a0a00000, 0x00000000a0a00000| Complete 
| 523|0x00000000a0b00000, 0x00000000a0c00000, 0x00000000a0c00000|100%| E|CS|TAMS 0x00000000a0b00000, 0x00000000a0b00000| Complete 
| 524|0x00000000a0c00000, 0x00000000a0d00000, 0x00000000a0d00000|100%| E|CS|TAMS 0x00000000a0c00000, 0x00000000a0c00000| Complete 
| 525|0x00000000a0d00000, 0x00000000a0e00000, 0x00000000a0e00000|100%| E|CS|TAMS 0x00000000a0d00000, 0x00000000a0d00000| Complete 
| 526|0x00000000a0e00000, 0x00000000a0f00000, 0x00000000a0f00000|100%| E|CS|TAMS 0x00000000a0e00000, 0x00000000a0e00000| Complete 
| 527|0x00000000a0f00000, 0x00000000a1000000, 0x00000000a1000000|100%| E|CS|TAMS 0x00000000a0f00000, 0x00000000a0f00000| Complete 
| 528|0x00000000a1000000, 0x00000000a1100000, 0x00000000a1100000|100%| E|CS|TAMS 0x00000000a1000000, 0x00000000a1000000| Complete 
| 529|0x00000000a1100000, 0x00000000a1200000, 0x00000000a1200000|100%| E|CS|TAMS 0x00000000a1100000, 0x00000000a1100000| Complete 
| 530|0x00000000a1200000, 0x00000000a1300000, 0x00000000a1300000|100%| E|CS|TAMS 0x00000000a1200000, 0x00000000a1200000| Complete 
| 531|0x00000000a1300000, 0x00000000a1400000, 0x00000000a1400000|100%| E|CS|TAMS 0x00000000a1300000, 0x00000000a1300000| Complete 
| 532|0x00000000a1400000, 0x00000000a1500000, 0x00000000a1500000|100%| E|CS|TAMS 0x00000000a1400000, 0x00000000a1400000| Complete 
| 533|0x00000000a1500000, 0x00000000a1600000, 0x00000000a1600000|100%| E|CS|TAMS 0x00000000a1500000, 0x00000000a1500000| Complete 
| 534|0x00000000a1600000, 0x00000000a1700000, 0x00000000a1700000|100%| E|CS|TAMS 0x00000000a1600000, 0x00000000a1600000| Complete 
| 535|0x00000000a1700000, 0x00000000a1800000, 0x00000000a1800000|100%| E|CS|TAMS 0x00000000a1700000, 0x00000000a1700000| Complete 
| 536|0x00000000a1800000, 0x00000000a1900000, 0x00000000a1900000|100%| E|CS|TAMS 0x00000000a1800000, 0x00000000a1800000| Complete 
| 537|0x00000000a1900000, 0x00000000a1a00000, 0x00000000a1a00000|100%| E|CS|TAMS 0x00000000a1900000, 0x00000000a1900000| Complete 
| 538|0x00000000a1a00000, 0x00000000a1b00000, 0x00000000a1b00000|100%| E|CS|TAMS 0x00000000a1a00000, 0x00000000a1a00000| Complete 
| 539|0x00000000a1b00000, 0x00000000a1c00000, 0x00000000a1c00000|100%| E|CS|TAMS 0x00000000a1b00000, 0x00000000a1b00000| Complete 
| 540|0x00000000a1c00000, 0x00000000a1d00000, 0x00000000a1d00000|100%| E|CS|TAMS 0x00000000a1c00000, 0x00000000a1c00000| Complete 
| 541|0x00000000a1d00000, 0x00000000a1e00000, 0x00000000a1e00000|100%| E|CS|TAMS 0x00000000a1d00000, 0x00000000a1d00000| Complete 
| 542|0x00000000a1e00000, 0x00000000a1f00000, 0x00000000a1f00000|100%| E|CS|TAMS 0x00000000a1e00000, 0x00000000a1e00000| Complete 
| 543|0x00000000a1f00000, 0x00000000a2000000, 0x00000000a2000000|100%| E|CS|TAMS 0x00000000a1f00000, 0x00000000a1f00000| Complete 
| 544|0x00000000a2000000, 0x00000000a2100000, 0x00000000a2100000|100%| E|CS|TAMS 0x00000000a2000000, 0x00000000a2000000| Complete 
| 545|0x00000000a2100000, 0x00000000a2200000, 0x00000000a2200000|100%| E|CS|TAMS 0x00000000a2100000, 0x00000000a2100000| Complete 
| 546|0x00000000a2200000, 0x00000000a2300000, 0x00000000a2300000|100%| E|CS|TAMS 0x00000000a2200000, 0x00000000a2200000| Complete 
| 547|0x00000000a2300000, 0x00000000a2400000, 0x00000000a2400000|100%| E|CS|TAMS 0x00000000a2300000, 0x00000000a2300000| Complete 
| 548|0x00000000a2400000, 0x00000000a2500000, 0x00000000a2500000|100%| E|CS|TAMS 0x00000000a2400000, 0x00000000a2400000| Complete 
| 549|0x00000000a2500000, 0x00000000a2600000, 0x00000000a2600000|100%| E|CS|TAMS 0x00000000a2500000, 0x00000000a2500000| Complete 
| 550|0x00000000a2600000, 0x00000000a2700000, 0x00000000a2700000|100%| E|CS|TAMS 0x00000000a2600000, 0x00000000a2600000| Complete 
| 551|0x00000000a2700000, 0x00000000a2800000, 0x00000000a2800000|100%| E|CS|TAMS 0x00000000a2700000, 0x00000000a2700000| Complete 
| 552|0x00000000a2800000, 0x00000000a2900000, 0x00000000a2900000|100%| E|CS|TAMS 0x00000000a2800000, 0x00000000a2800000| Complete 
| 553|0x00000000a2900000, 0x00000000a2a00000, 0x00000000a2a00000|100%| E|CS|TAMS 0x00000000a2900000, 0x00000000a2900000| Complete 
| 554|0x00000000a2a00000, 0x00000000a2b00000, 0x00000000a2b00000|100%| E|CS|TAMS 0x00000000a2a00000, 0x00000000a2a00000| Complete 
| 555|0x00000000a2b00000, 0x00000000a2c00000, 0x00000000a2c00000|100%| E|CS|TAMS 0x00000000a2b00000, 0x00000000a2b00000| Complete 
| 556|0x00000000a2c00000, 0x00000000a2d00000, 0x00000000a2d00000|100%| E|CS|TAMS 0x00000000a2c00000, 0x00000000a2c00000| Complete 
| 557|0x00000000a2d00000, 0x00000000a2e00000, 0x00000000a2e00000|100%| E|CS|TAMS 0x00000000a2d00000, 0x00000000a2d00000| Complete 
| 558|0x00000000a2e00000, 0x00000000a2f00000, 0x00000000a2f00000|100%| E|CS|TAMS 0x00000000a2e00000, 0x00000000a2e00000| Complete 
| 559|0x00000000a2f00000, 0x00000000a3000000, 0x00000000a3000000|100%| E|CS|TAMS 0x00000000a2f00000, 0x00000000a2f00000| Complete 
| 560|0x00000000a3000000, 0x00000000a3100000, 0x00000000a3100000|100%| E|CS|TAMS 0x00000000a3000000, 0x00000000a3000000| Complete 
| 561|0x00000000a3100000, 0x00000000a3200000, 0x00000000a3200000|100%| E|CS|TAMS 0x00000000a3100000, 0x00000000a3100000| Complete 
| 562|0x00000000a3200000, 0x00000000a3300000, 0x00000000a3300000|100%| E|CS|TAMS 0x00000000a3200000, 0x00000000a3200000| Complete 
| 563|0x00000000a3300000, 0x00000000a3400000, 0x00000000a3400000|100%| E|CS|TAMS 0x00000000a3300000, 0x00000000a3300000| Complete 
| 564|0x00000000a3400000, 0x00000000a3500000, 0x00000000a3500000|100%| E|CS|TAMS 0x00000000a3400000, 0x00000000a3400000| Complete 
| 565|0x00000000a3500000, 0x00000000a3600000, 0x00000000a3600000|100%| E|CS|TAMS 0x00000000a3500000, 0x00000000a3500000| Complete 
| 566|0x00000000a3600000, 0x00000000a3700000, 0x00000000a3700000|100%| E|CS|TAMS 0x00000000a3600000, 0x00000000a3600000| Complete 
| 567|0x00000000a3700000, 0x00000000a3800000, 0x00000000a3800000|100%| E|CS|TAMS 0x00000000a3700000, 0x00000000a3700000| Complete 
| 568|0x00000000a3800000, 0x00000000a3900000, 0x00000000a3900000|100%| E|CS|TAMS 0x00000000a3800000, 0x00000000a3800000| Complete 
| 569|0x00000000a3900000, 0x00000000a3a00000, 0x00000000a3a00000|100%| E|CS|TAMS 0x00000000a3900000, 0x00000000a3900000| Complete 
| 570|0x00000000a3a00000, 0x00000000a3b00000, 0x00000000a3b00000|100%| E|CS|TAMS 0x00000000a3a00000, 0x00000000a3a00000| Complete 
| 571|0x00000000a3b00000, 0x00000000a3c00000, 0x00000000a3c00000|100%| E|CS|TAMS 0x00000000a3b00000, 0x00000000a3b00000| Complete 
| 572|0x00000000a3c00000, 0x00000000a3d00000, 0x00000000a3d00000|100%| E|CS|TAMS 0x00000000a3c00000, 0x00000000a3c00000| Complete 
| 573|0x00000000a3d00000, 0x00000000a3e00000, 0x00000000a3e00000|100%| E|CS|TAMS 0x00000000a3d00000, 0x00000000a3d00000| Complete 
| 574|0x00000000a3e00000, 0x00000000a3f00000, 0x00000000a3f00000|100%| E|CS|TAMS 0x00000000a3e00000, 0x00000000a3e00000| Complete 
| 575|0x00000000a3f00000, 0x00000000a4000000, 0x00000000a4000000|100%| E|CS|TAMS 0x00000000a3f00000, 0x00000000a3f00000| Complete 
| 576|0x00000000a4000000, 0x00000000a4100000, 0x00000000a4100000|100%| E|CS|TAMS 0x00000000a4000000, 0x00000000a4000000| Complete 
| 577|0x00000000a4100000, 0x00000000a4200000, 0x00000000a4200000|100%| E|CS|TAMS 0x00000000a4100000, 0x00000000a4100000| Complete 
| 578|0x00000000a4200000, 0x00000000a4300000, 0x00000000a4300000|100%| E|CS|TAMS 0x00000000a4200000, 0x00000000a4200000| Complete 
| 579|0x00000000a4300000, 0x00000000a4400000, 0x00000000a4400000|100%| E|CS|TAMS 0x00000000a4300000, 0x00000000a4300000| Complete 
| 580|0x00000000a4400000, 0x00000000a4500000, 0x00000000a4500000|100%| E|CS|TAMS 0x00000000a4400000, 0x00000000a4400000| Complete 
| 581|0x00000000a4500000, 0x00000000a4600000, 0x00000000a4600000|100%| E|  |TAMS 0x00000000a4500000, 0x00000000a4500000| Complete 
| 582|0x00000000a4600000, 0x00000000a4700000, 0x00000000a4700000|100%| E|CS|TAMS 0x00000000a4600000, 0x00000000a4600000| Complete 
| 583|0x00000000a4700000, 0x00000000a4800000, 0x00000000a4800000|100%| E|CS|TAMS 0x00000000a4700000, 0x00000000a4700000| Complete 
| 584|0x00000000a4800000, 0x00000000a4900000, 0x00000000a4900000|100%| E|CS|TAMS 0x00000000a4800000, 0x00000000a4800000| Complete 
| 585|0x00000000a4900000, 0x00000000a4a00000, 0x00000000a4a00000|100%| E|CS|TAMS 0x00000000a4900000, 0x00000000a4900000| Complete 
| 586|0x00000000a4a00000, 0x00000000a4b00000, 0x00000000a4b00000|100%| E|CS|TAMS 0x00000000a4a00000, 0x00000000a4a00000| Complete 
| 587|0x00000000a4b00000, 0x00000000a4c00000, 0x00000000a4c00000|100%| E|CS|TAMS 0x00000000a4b00000, 0x00000000a4b00000| Complete 
| 588|0x00000000a4c00000, 0x00000000a4d00000, 0x00000000a4d00000|100%| E|CS|TAMS 0x00000000a4c00000, 0x00000000a4c00000| Complete 
| 589|0x00000000a4d00000, 0x00000000a4e00000, 0x00000000a4e00000|100%| E|CS|TAMS 0x00000000a4d00000, 0x00000000a4d00000| Complete 
| 590|0x00000000a4e00000, 0x00000000a4f00000, 0x00000000a4f00000|100%| E|CS|TAMS 0x00000000a4e00000, 0x00000000a4e00000| Complete 
| 591|0x00000000a4f00000, 0x00000000a5000000, 0x00000000a5000000|100%| E|CS|TAMS 0x00000000a4f00000, 0x00000000a4f00000| Complete 
| 592|0x00000000a5000000, 0x00000000a5100000, 0x00000000a5100000|100%| E|CS|TAMS 0x00000000a5000000, 0x00000000a5000000| Complete 
| 593|0x00000000a5100000, 0x00000000a5200000, 0x00000000a5200000|100%| E|CS|TAMS 0x00000000a5100000, 0x00000000a5100000| Complete 
| 594|0x00000000a5200000, 0x00000000a5300000, 0x00000000a5300000|100%| E|CS|TAMS 0x00000000a5200000, 0x00000000a5200000| Complete 
| 595|0x00000000a5300000, 0x00000000a5400000, 0x00000000a5400000|100%| E|CS|TAMS 0x00000000a5300000, 0x00000000a5300000| Complete 
| 596|0x00000000a5400000, 0x00000000a5500000, 0x00000000a5500000|100%| E|CS|TAMS 0x00000000a5400000, 0x00000000a5400000| Complete 
| 597|0x00000000a5500000, 0x00000000a5600000, 0x00000000a5600000|100%| E|CS|TAMS 0x00000000a5500000, 0x00000000a5500000| Complete 
| 598|0x00000000a5600000, 0x00000000a5700000, 0x00000000a5700000|100%| E|CS|TAMS 0x00000000a5600000, 0x00000000a5600000| Complete 
| 599|0x00000000a5700000, 0x00000000a5800000, 0x00000000a5800000|100%| E|CS|TAMS 0x00000000a5700000, 0x00000000a5700000| Complete 
| 600|0x00000000a5800000, 0x00000000a5900000, 0x00000000a5900000|100%| E|CS|TAMS 0x00000000a5800000, 0x00000000a5800000| Complete 
| 601|0x00000000a5900000, 0x00000000a5a00000, 0x00000000a5a00000|100%| E|CS|TAMS 0x00000000a5900000, 0x00000000a5900000| Complete 
| 602|0x00000000a5a00000, 0x00000000a5b00000, 0x00000000a5b00000|100%| E|CS|TAMS 0x00000000a5a00000, 0x00000000a5a00000| Complete 
| 603|0x00000000a5b00000, 0x00000000a5c00000, 0x00000000a5c00000|100%| E|CS|TAMS 0x00000000a5b00000, 0x00000000a5b00000| Complete 
| 604|0x00000000a5c00000, 0x00000000a5d00000, 0x00000000a5d00000|100%| E|CS|TAMS 0x00000000a5c00000, 0x00000000a5c00000| Complete 
| 605|0x00000000a5d00000, 0x00000000a5e00000, 0x00000000a5e00000|100%| E|CS|TAMS 0x00000000a5d00000, 0x00000000a5d00000| Complete 
| 606|0x00000000a5e00000, 0x00000000a5f00000, 0x00000000a5f00000|100%| E|CS|TAMS 0x00000000a5e00000, 0x00000000a5e00000| Complete 
| 607|0x00000000a5f00000, 0x00000000a6000000, 0x00000000a6000000|100%| E|CS|TAMS 0x00000000a5f00000, 0x00000000a5f00000| Complete 
| 608|0x00000000a6000000, 0x00000000a6100000, 0x00000000a6100000|100%| E|CS|TAMS 0x00000000a6000000, 0x00000000a6000000| Complete 
| 609|0x00000000a6100000, 0x00000000a6200000, 0x00000000a6200000|100%| E|CS|TAMS 0x00000000a6100000, 0x00000000a6100000| Complete 
| 610|0x00000000a6200000, 0x00000000a6300000, 0x00000000a6300000|100%| E|CS|TAMS 0x00000000a6200000, 0x00000000a6200000| Complete 
| 611|0x00000000a6300000, 0x00000000a6400000, 0x00000000a6400000|100%| E|CS|TAMS 0x00000000a6300000, 0x00000000a6300000| Complete 
| 612|0x00000000a6400000, 0x00000000a6500000, 0x00000000a6500000|100%| E|CS|TAMS 0x00000000a6400000, 0x00000000a6400000| Complete 
| 613|0x00000000a6500000, 0x00000000a6600000, 0x00000000a6600000|100%| E|CS|TAMS 0x00000000a6500000, 0x00000000a6500000| Complete 
| 614|0x00000000a6600000, 0x00000000a6700000, 0x00000000a6700000|100%| E|CS|TAMS 0x00000000a6600000, 0x00000000a6600000| Complete 
| 615|0x00000000a6700000, 0x00000000a6800000, 0x00000000a6800000|100%| E|CS|TAMS 0x00000000a6700000, 0x00000000a6700000| Complete 
| 616|0x00000000a6800000, 0x00000000a6900000, 0x00000000a6900000|100%| E|CS|TAMS 0x00000000a6800000, 0x00000000a6800000| Complete 
| 617|0x00000000a6900000, 0x00000000a6a00000, 0x00000000a6a00000|100%| E|CS|TAMS 0x00000000a6900000, 0x00000000a6900000| Complete 
| 618|0x00000000a6a00000, 0x00000000a6b00000, 0x00000000a6b00000|100%| E|CS|TAMS 0x00000000a6a00000, 0x00000000a6a00000| Complete 
| 619|0x00000000a6b00000, 0x00000000a6c00000, 0x00000000a6c00000|100%| E|CS|TAMS 0x00000000a6b00000, 0x00000000a6b00000| Complete 
| 620|0x00000000a6c00000, 0x00000000a6d00000, 0x00000000a6d00000|100%| E|CS|TAMS 0x00000000a6c00000, 0x00000000a6c00000| Complete 
| 621|0x00000000a6d00000, 0x00000000a6e00000, 0x00000000a6e00000|100%| E|CS|TAMS 0x00000000a6d00000, 0x00000000a6d00000| Complete 
| 622|0x00000000a6e00000, 0x00000000a6f00000, 0x00000000a6f00000|100%| E|CS|TAMS 0x00000000a6e00000, 0x00000000a6e00000| Complete 
| 623|0x00000000a6f00000, 0x00000000a7000000, 0x00000000a7000000|100%| E|CS|TAMS 0x00000000a6f00000, 0x00000000a6f00000| Complete 
| 624|0x00000000a7000000, 0x00000000a7100000, 0x00000000a7100000|100%| E|CS|TAMS 0x00000000a7000000, 0x00000000a7000000| Complete 
| 625|0x00000000a7100000, 0x00000000a7200000, 0x00000000a7200000|100%| E|CS|TAMS 0x00000000a7100000, 0x00000000a7100000| Complete 
| 626|0x00000000a7200000, 0x00000000a7300000, 0x00000000a7300000|100%| E|CS|TAMS 0x00000000a7200000, 0x00000000a7200000| Complete 
| 627|0x00000000a7300000, 0x00000000a7400000, 0x00000000a7400000|100%| E|CS|TAMS 0x00000000a7300000, 0x00000000a7300000| Complete 
| 628|0x00000000a7400000, 0x00000000a7500000, 0x00000000a7500000|100%| E|CS|TAMS 0x00000000a7400000, 0x00000000a7400000| Complete 
| 629|0x00000000a7500000, 0x00000000a7600000, 0x00000000a7600000|100%| E|CS|TAMS 0x00000000a7500000, 0x00000000a7500000| Complete 

Card table byte_map: [0x0000020f5d7f0000,0x0000020f5dbf0000] _byte_map_base: 0x0000020f5d3f0000

Marking Bits (Prev, Next): (CMBitMap*) 0x0000020f446fdb00, (CMBitMap*) 0x0000020f446fdb40
 Prev Bits: [0x0000020f5dff0000, 0x0000020f5fff0000)
 Next Bits: [0x0000020f5fff0000, 0x0000020f61ff0000)

Polling page: 0x0000020f44750000

Metaspace:

Usage:
  Non-class:     89.55 MB used.
      Class:     14.46 MB used.
       Both:    104.02 MB used.

Virtual space:
  Non-class space:      128.00 MB reserved,      90.44 MB ( 71%) committed,  2 nodes.
      Class space:      416.00 MB reserved,      15.25 MB (  4%) committed,  1 nodes.
             Both:      544.00 MB reserved,     105.69 MB ( 19%) committed. 

Chunk freelists:
   Non-Class:  4.66 MB
       Class:  614.00 KB
        Both:  5.26 MB

MaxMetaspaceSize: 512.00 MB
CompressedClassSpaceSize: 416.00 MB
Initial GC threshold: 21.00 MB
Current GC threshold: 155.25 MB
CDS: on
MetaspaceReclaimPolicy: balanced
 - commit_granule_bytes: 65536.
 - commit_granule_words: 8192.
 - virtual_space_node_default_size: 8388608.
 - enlarge_chunks_in_place: 1.
 - new_chunks_are_fully_committed: 0.
 - uncommit_free_chunks: 1.
 - use_allocation_guard: 0.
 - handle_deallocations: 1.


Internal statistics:

num_allocs_failed_limit: 6.
num_arena_births: 2368.
num_arena_deaths: 0.
num_vsnodes_births: 3.
num_vsnodes_deaths: 0.
num_space_committed: 1690.
num_space_uncommitted: 0.
num_chunks_returned_to_freelist: 6.
num_chunks_taken_from_freelist: 7400.
num_chunk_merges: 6.
num_chunk_splits: 4557.
num_chunks_enlarged: 2548.
num_inconsistent_stats: 0.

CodeHeap 'non-profiled nmethods': size=120000Kb used=10983Kb max_used=10983Kb free=109016Kb
 bounds [0x0000020f55440000, 0x0000020f55f00000, 0x0000020f5c970000]
CodeHeap 'profiled nmethods': size=120000Kb used=29981Kb max_used=29981Kb free=90018Kb
 bounds [0x0000020f4d970000, 0x0000020f4f6c0000, 0x0000020f54ea0000]
CodeHeap 'non-nmethods': size=5760Kb used=2434Kb max_used=2547Kb free=3325Kb
 bounds [0x0000020f54ea0000, 0x0000020f55130000, 0x0000020f55440000]
 total_blobs=16205 nmethods=15248 adapters=868
 compilation: enabled
              stopped_count=0, restarted_count=0
 full_count=0

Compilation events (20 events):
Event: 127.613 Thread 0x0000020f1f152720 nmethod 17542 0x0000020f55ed8410 code [0x0000020f55ed85a0, 0x0000020f55ed8698]
Event: 127.613 Thread 0x0000020f1f152720 17551       4       java.lang.String::encodeUTF8 (141 bytes)
Event: 127.615 Thread 0x0000020f25d32000 nmethod 17559 0x0000020f55ed8790 code [0x0000020f55ed8940, 0x0000020f55ed8f18]
Event: 127.615 Thread 0x0000020f25d32000 17560   !   4       java.nio.file.FileTreeWalker::next (144 bytes)
Event: 127.617 Thread 0x0000020f1f152720 nmethod 17551 0x0000020f55ed9090 code [0x0000020f55ed9220, 0x0000020f55ed9468]
Event: 127.617 Thread 0x0000020f1f152720 17564       4       java.nio.file.attribute.FileTime::from (18 bytes)
Event: 127.619 Thread 0x0000020f1f152720 nmethod 17564 0x0000020f55ed9610 code [0x0000020f55ed97a0, 0x0000020f55ed9878]
Event: 127.619 Thread 0x0000020f1f152720 17540       4       org.gradle.cache.internal.DefaultFileLockManager$DefaultFileLock::assertOpenAndIntegral (41 bytes)
Event: 127.621 Thread 0x0000020f1f152720 nmethod 17540 0x0000020f55ed9990 code [0x0000020f55ed9b20, 0x0000020f55ed9c38]
Event: 127.621 Thread 0x0000020f1f152720 17543   !   4       org.gradle.cache.internal.DefaultMultiProcessSafeIndexedCache::getIfPresent (25 bytes)
Event: 127.683 Thread 0x0000020f25d2c060 nmethod 17342 0x0000020f55ed9d90 code [0x0000020f55eda500, 0x0000020f55ee5620]
Event: 127.685 Thread 0x0000020f25d2c060 17567       4       com.google.common.cache.LocalCache$LocalManualCache::get (23 bytes)
Event: 127.761 Thread 0x0000020f25d2c060 nmethod 17567 0x0000020f55eeb310 code [0x0000020f55eeb5e0, 0x0000020f55eecaa0]
Event: 127.762 Thread 0x0000020f25d2c060 17569       4       sun.nio.fs.WindowsFileAttributes::<init> (57 bytes)
Event: 127.763 Thread 0x0000020f25d2c060 nmethod 17569 0x0000020f55eee010 code [0x0000020f55eee180, 0x0000020f55eee238]
Event: 127.763 Thread 0x0000020f25d2c060 17541       4       java.util.concurrent.TimeUnit::convert (77 bytes)
Event: 127.767 Thread 0x0000020f25d2c060 nmethod 17541 0x0000020f55eee310 code [0x0000020f55eee4a0, 0x0000020f55eee6f8]
Event: 127.767 Thread 0x0000020f25d2c060 17566       4       org.gradle.cache.internal.CrossProcessSynchronizingIndexedCache$$Lambda$510/0x0000020f0143cc90::create (12 bytes)
Event: 127.773 Thread 0x0000020f25d2c060 nmethod 17566 0x0000020f55eee910 code [0x0000020f55eeeae0, 0x0000020f55eeecf8]
Event: 127.773 Thread 0x0000020f25d2c060 17568   !   4       org.gradle.cache.internal.InMemoryDecoratedCache::get (44 bytes)

GC Heap History (20 events):
Event: 110.303 GC heap before
{Heap before GC invocations=49 (full 0):
 garbage-first heap   total 233472K, used 176342K [0x0000000080000000, 0x0000000100000000)
  region size 1024K, 43 young (44032K), 8 survivors (8192K)
 Metaspace       used 92302K, committed 93440K, reserved 557056K
  class space    used 12947K, committed 13440K, reserved 425984K
}
Event: 110.319 GC heap after
{Heap after GC invocations=50 (full 0):
 garbage-first heap   total 233472K, used 147346K [0x0000000080000000, 0x0000000100000000)
  region size 1024K, 6 young (6144K), 6 survivors (6144K)
 Metaspace       used 92302K, committed 93440K, reserved 557056K
  class space    used 12947K, committed 13440K, reserved 425984K
}
Event: 111.610 GC heap before
{Heap before GC invocations=51 (full 0):
 garbage-first heap   total 261120K, used 189330K [0x0000000080000000, 0x0000000100000000)
  region size 1024K, 45 young (46080K), 6 survivors (6144K)
 Metaspace       used 92752K, committed 93888K, reserved 557056K
  class space    used 12990K, committed 13504K, reserved 425984K
}
Event: 111.624 GC heap after
{Heap after GC invocations=52 (full 0):
 garbage-first heap   total 261120K, used 159892K [0x0000000080000000, 0x0000000100000000)
  region size 1024K, 6 young (6144K), 6 survivors (6144K)
 Metaspace       used 92752K, committed 93888K, reserved 557056K
  class space    used 12990K, committed 13504K, reserved 425984K
}
Event: 111.746 GC heap before
{Heap before GC invocations=52 (full 0):
 garbage-first heap   total 261120K, used 165012K [0x0000000080000000, 0x0000000100000000)
  region size 1024K, 12 young (12288K), 6 survivors (6144K)
 Metaspace       used 92777K, committed 93952K, reserved 557056K
  class space    used 12992K, committed 13504K, reserved 425984K
}
Event: 111.763 GC heap after
{Heap after GC invocations=53 (full 0):
 garbage-first heap   total 261120K, used 159429K [0x0000000080000000, 0x0000000100000000)
  region size 1024K, 1 young (1024K), 1 survivors (1024K)
 Metaspace       used 92777K, committed 93952K, reserved 557056K
  class space    used 12992K, committed 13504K, reserved 425984K
}
Event: 113.065 GC heap before
{Heap before GC invocations=53 (full 0):
 garbage-first heap   total 261120K, used 207557K [0x0000000080000000, 0x0000000100000000)
  region size 1024K, 45 young (46080K), 1 survivors (1024K)
 Metaspace       used 93577K, committed 94848K, reserved 557056K
  class space    used 13124K, committed 13696K, reserved 425984K
}
Event: 113.081 GC heap after
{Heap after GC invocations=54 (full 0):
 garbage-first heap   total 261120K, used 176050K [0x0000000080000000, 0x0000000100000000)
  region size 1024K, 6 young (6144K), 6 survivors (6144K)
 Metaspace       used 93577K, committed 94848K, reserved 557056K
  class space    used 13124K, committed 13696K, reserved 425984K
}
Event: 113.858 GC heap before
{Heap before GC invocations=54 (full 0):
 garbage-first heap   total 261120K, used 200626K [0x0000000080000000, 0x0000000100000000)
  region size 1024K, 32 young (32768K), 6 survivors (6144K)
 Metaspace       used 93910K, committed 95232K, reserved 557056K
  class space    used 13169K, committed 13760K, reserved 425984K
}
Event: 113.872 GC heap after
{Heap after GC invocations=55 (full 0):
 garbage-first heap   total 261120K, used 182271K [0x0000000080000000, 0x0000000100000000)
  region size 1024K, 6 young (6144K), 6 survivors (6144K)
 Metaspace       used 93910K, committed 95232K, reserved 557056K
  class space    used 13169K, committed 13760K, reserved 425984K
}
Event: 114.702 GC heap before
{Heap before GC invocations=56 (full 0):
 garbage-first heap   total 322560K, used 210943K [0x0000000080000000, 0x0000000100000000)
  region size 1024K, 33 young (33792K), 6 survivors (6144K)
 Metaspace       used 94116K, committed 95488K, reserved 557056K
  class space    used 13198K, committed 13824K, reserved 425984K
}
Event: 114.719 GC heap after
{Heap after GC invocations=57 (full 0):
 garbage-first heap   total 322560K, used 192489K [0x0000000080000000, 0x0000000100000000)
  region size 1024K, 5 young (5120K), 5 survivors (5120K)
 Metaspace       used 94116K, committed 95488K, reserved 557056K
  class space    used 13198K, committed 13824K, reserved 425984K
}
Event: 114.955 GC heap before
{Heap before GC invocations=57 (full 0):
 garbage-first heap   total 322560K, used 203753K [0x0000000080000000, 0x0000000100000000)
  region size 1024K, 15 young (15360K), 5 survivors (5120K)
 Metaspace       used 94243K, committed 95616K, reserved 557056K
  class space    used 13215K, committed 13824K, reserved 425984K
}
Event: 114.970 GC heap after
{Heap after GC invocations=58 (full 0):
 garbage-first heap   total 322560K, used 196607K [0x0000000080000000, 0x0000000100000000)
  region size 1024K, 2 young (2048K), 2 survivors (2048K)
 Metaspace       used 94243K, committed 95616K, reserved 557056K
  class space    used 13215K, committed 13824K, reserved 425984K
}
Event: 115.803 GC heap before
{Heap before GC invocations=58 (full 0):
 garbage-first heap   total 322560K, used 242687K [0x0000000080000000, 0x0000000100000000)
  region size 1024K, 47 young (48128K), 2 survivors (2048K)
 Metaspace       used 95495K, committed 96896K, reserved 557056K
  class space    used 13373K, committed 14016K, reserved 425984K
}
Event: 115.826 GC heap after
{Heap after GC invocations=59 (full 0):
 garbage-first heap   total 645120K, used 202082K [0x0000000080000000, 0x0000000100000000)
  region size 1024K, 6 young (6144K), 6 survivors (6144K)
 Metaspace       used 95495K, committed 96896K, reserved 557056K
  class space    used 13373K, committed 14016K, reserved 425984K
}
Event: 120.244 GC heap before
{Heap before GC invocations=59 (full 0):
 garbage-first heap   total 645120K, used 377186K [0x0000000080000000, 0x0000000100000000)
  region size 1024K, 177 young (181248K), 6 survivors (6144K)
 Metaspace       used 101646K, committed 103168K, reserved 557056K
  class space    used 14219K, committed 14912K, reserved 425984K
}
Event: 120.293 GC heap after
{Heap after GC invocations=60 (full 0):
 garbage-first heap   total 645120K, used 222207K [0x0000000080000000, 0x0000000100000000)
  region size 1024K, 23 young (23552K), 23 survivors (23552K)
 Metaspace       used 101646K, committed 103168K, reserved 557056K
  class space    used 14219K, committed 14912K, reserved 425984K
}
Event: 123.768 GC heap before
{Heap before GC invocations=60 (full 0):
 garbage-first heap   total 645120K, used 438271K [0x0000000080000000, 0x0000000100000000)
  region size 1024K, 235 young (240640K), 23 survivors (23552K)
 Metaspace       used 103427K, committed 105088K, reserved 557056K
  class space    used 14458K, committed 15232K, reserved 425984K
}
Event: 123.831 GC heap after
{Heap after GC invocations=61 (full 0):
 garbage-first heap   total 645120K, used 242473K [0x0000000080000000, 0x0000000100000000)
  region size 1024K, 20 young (20480K), 20 survivors (20480K)
 Metaspace       used 103427K, committed 105088K, reserved 557056K
  class space    used 14458K, committed 15232K, reserved 425984K
}

Dll operation events (14 events):
Event: 0.027 Loaded shared library C:\Program Files\Microsoft\jdk-17.0.8.7-hotspot\bin\java.dll
Event: 0.062 Loaded shared library C:\Program Files\Microsoft\jdk-17.0.8.7-hotspot\bin\jsvml.dll
Event: 0.167 Loaded shared library C:\Program Files\Microsoft\jdk-17.0.8.7-hotspot\bin\zip.dll
Event: 0.176 Loaded shared library C:\Program Files\Microsoft\jdk-17.0.8.7-hotspot\bin\instrument.dll
Event: 0.185 Loaded shared library C:\Program Files\Microsoft\jdk-17.0.8.7-hotspot\bin\net.dll
Event: 0.190 Loaded shared library C:\Program Files\Microsoft\jdk-17.0.8.7-hotspot\bin\nio.dll
Event: 0.199 Loaded shared library C:\Program Files\Microsoft\jdk-17.0.8.7-hotspot\bin\zip.dll
Event: 0.679 Loaded shared library C:\Program Files\Microsoft\jdk-17.0.8.7-hotspot\bin\jimage.dll
Event: 0.866 Loaded shared library C:\Program Files\Microsoft\jdk-17.0.8.7-hotspot\bin\verify.dll
Event: 1.202 Loaded shared library C:\Users\Admin\.gradle\native\68d5fa5c4cc2d200863cafc0d521ce42e7d3e7ee720ec0a83991735586a16f82\windows-amd64\native-platform.dll
Event: 1.235 Loaded shared library C:\Users\Admin\.gradle\native\e376f236ea51e6404a007f0833ffe2c6e607c4080706a723a18a27aeea778392\windows-amd64\native-platform-file-events.dll
Event: 3.288 Loaded shared library C:\Program Files\Microsoft\jdk-17.0.8.7-hotspot\bin\management.dll
Event: 3.296 Loaded shared library C:\Program Files\Microsoft\jdk-17.0.8.7-hotspot\bin\management_ext.dll
Event: 4.355 Loaded shared library C:\Program Files\Microsoft\jdk-17.0.8.7-hotspot\bin\sunmscapi.dll

Deoptimization events (20 events):
Event: 125.449 Thread 0x0000020f21214860 Uncommon trap: trap_request=0xffffff45 fr.pc=0x0000020f5586efcc relative=0x000000000000018c
Event: 125.449 Thread 0x0000020f21214860 Uncommon trap: reason=unstable_if action=reinterpret pc=0x0000020f5586efcc method=com.google.common.collect.MapMakerInternalMap$Segment.getEntry(Ljava/lang/Object;I)Lcom/google/common/collect/MapMakerInternalMap$InternalEntry; @ 63 c2
Event: 125.449 Thread 0x0000020f21214860 DEOPT PACKING pc=0x0000020f5586efcc sp=0x000000726b0fe5a0
Event: 125.449 Thread 0x0000020f21214860 DEOPT UNPACKING pc=0x0000020f54efa1a3 sp=0x000000726b0fe568 mode 2
Event: 125.449 Thread 0x0000020f21214860 Uncommon trap: trap_request=0xffffff45 fr.pc=0x0000020f55782b9c relative=0x0000000000000b3c
Event: 125.450 Thread 0x0000020f21214860 Uncommon trap: reason=unstable_if action=reinterpret pc=0x0000020f55782b9c method=com.google.common.collect.MapMakerInternalMap$Segment.put(Ljava/lang/Object;ILjava/lang/Object;Z)Ljava/lang/Object; @ 92 c2
Event: 125.450 Thread 0x0000020f21214860 DEOPT PACKING pc=0x0000020f55782b9c sp=0x000000726b0fe580
Event: 125.450 Thread 0x0000020f21214860 DEOPT UNPACKING pc=0x0000020f54efa1a3 sp=0x000000726b0fe4a0 mode 2
Event: 126.024 Thread 0x0000020f20efedb0 Uncommon trap: trap_request=0xffffff45 fr.pc=0x0000020f55bedf24 relative=0x0000000000001084
Event: 126.024 Thread 0x0000020f20efedb0 Uncommon trap: reason=unstable_if action=reinterpret pc=0x0000020f55bedf24 method=java.math.BigInteger.makePositive([BII)[I @ 40 c2
Event: 126.024 Thread 0x0000020f20efedb0 DEOPT PACKING pc=0x0000020f55bedf24 sp=0x000000726a6feb70
Event: 126.024 Thread 0x0000020f20efedb0 DEOPT UNPACKING pc=0x0000020f54efa1a3 sp=0x000000726a6fe9c0 mode 2
Event: 126.953 Thread 0x0000020f2244d0b0 Uncommon trap: trap_request=0xffffff45 fr.pc=0x0000020f55a27050 relative=0x00000000000009d0
Event: 126.953 Thread 0x0000020f2244d0b0 Uncommon trap: reason=unstable_if action=reinterpret pc=0x0000020f55a27050 method=com.google.common.cache.LocalCache$Segment.getEntry(Ljava/lang/Object;I)Lcom/google/common/cache/ReferenceEntry; @ 56 c2
Event: 126.953 Thread 0x0000020f2244d0b0 DEOPT PACKING pc=0x0000020f55a27050 sp=0x000000726f6fb060
Event: 126.953 Thread 0x0000020f2244d0b0 DEOPT UNPACKING pc=0x0000020f54efa1a3 sp=0x000000726f6faf98 mode 2
Event: 127.255 Thread 0x0000020f20efedb0 Uncommon trap: trap_request=0xffffff45 fr.pc=0x0000020f55a7fac0 relative=0x0000000000000620
Event: 127.255 Thread 0x0000020f20efedb0 Uncommon trap: reason=unstable_if action=reinterpret pc=0x0000020f55a7fac0 method=java.math.BigInteger.makePositive([BII)[I @ 40 c2
Event: 127.255 Thread 0x0000020f20efedb0 DEOPT PACKING pc=0x0000020f55a7fac0 sp=0x000000726a6fea80
Event: 127.255 Thread 0x0000020f20efedb0 DEOPT UNPACKING pc=0x0000020f54efa1a3 sp=0x000000726a6fe9e8 mode 2

Classes unloaded (0 events):
No events

Classes redefined (0 events):
No events

Internal exceptions (20 events):
Event: 124.955 Thread 0x0000020f240a0250 Exception <a 'sun/nio/fs/WindowsException'{0x00000000a4b81de0}> (0x00000000a4b81de0) 
thrown [s\src\hotspot\share\prims\jni.cpp, line 516]
Event: 124.956 Thread 0x0000020f240a0250 Exception <a 'sun/nio/fs/WindowsException'{0x00000000a4b822a8}> (0x00000000a4b822a8) 
thrown [s\src\hotspot\share\prims\jni.cpp, line 516]
Event: 124.969 Thread 0x0000020f2409ee10 Exception <a 'sun/nio/fs/WindowsException'{0x00000000a4bfe898}> (0x00000000a4bfe898) 
thrown [s\src\hotspot\share\prims\jni.cpp, line 516]
Event: 124.969 Thread 0x0000020f2409ee10 Exception <a 'sun/nio/fs/WindowsException'{0x00000000a4bff798}> (0x00000000a4bff798) 
thrown [s\src\hotspot\share\prims\jni.cpp, line 516]
Event: 124.969 Thread 0x0000020f2409ee10 Exception <a 'sun/nio/fs/WindowsException'{0x00000000a4bff828}> (0x00000000a4bff828) 
thrown [s\src\hotspot\share\prims\jni.cpp, line 516]
Event: 124.969 Thread 0x0000020f2409ee10 Exception <a 'sun/nio/fs/WindowsException'{0x00000000a4bffd28}> (0x00000000a4bffd28) 
thrown [s\src\hotspot\share\prims\jni.cpp, line 516]
Event: 124.988 Thread 0x0000020f240a2ad0 Exception <a 'sun/nio/fs/WindowsException'{0x00000000a4a8d368}> (0x00000000a4a8d368) 
thrown [s\src\hotspot\share\prims\jni.cpp, line 516]
Event: 124.989 Thread 0x0000020f240a2ad0 Exception <a 'sun/nio/fs/WindowsException'{0x00000000a4a8e4a8}> (0x00000000a4a8e4a8) 
thrown [s\src\hotspot\share\prims\jni.cpp, line 516]
Event: 124.989 Thread 0x0000020f240a2ad0 Exception <a 'sun/nio/fs/WindowsException'{0x00000000a4a8e538}> (0x00000000a4a8e538) 
thrown [s\src\hotspot\share\prims\jni.cpp, line 516]
Event: 124.989 Thread 0x0000020f240a2ad0 Exception <a 'sun/nio/fs/WindowsException'{0x00000000a4a8e8e0}> (0x00000000a4a8e8e0) 
thrown [s\src\hotspot\share\prims\jni.cpp, line 516]
Event: 125.005 Thread 0x0000020f22452bd0 Exception <a 'sun/nio/fs/WindowsException'{0x00000000a4a9acc0}> (0x00000000a4a9acc0) 
thrown [s\src\hotspot\share\prims\jni.cpp, line 516]
Event: 125.005 Thread 0x0000020f22452bd0 Exception <a 'sun/nio/fs/WindowsException'{0x00000000a4a9be68}> (0x00000000a4a9be68) 
thrown [s\src\hotspot\share\prims\jni.cpp, line 516]
Event: 125.006 Thread 0x0000020f22452bd0 Exception <a 'sun/nio/fs/WindowsException'{0x00000000a4a9bef8}> (0x00000000a4a9bef8) 
thrown [s\src\hotspot\share\prims\jni.cpp, line 516]
Event: 125.006 Thread 0x0000020f22452bd0 Exception <a 'sun/nio/fs/WindowsException'{0x00000000a4a9c400}> (0x00000000a4a9c400) 
thrown [s\src\hotspot\share\prims\jni.cpp, line 516]
Event: 125.021 Thread 0x0000020f2409ee10 Exception <a 'sun/nio/fs/WindowsException'{0x00000000a4ae3c68}> (0x00000000a4ae3c68) 
thrown [s\src\hotspot\share\prims\jni.cpp, line 516]
Event: 125.021 Thread 0x0000020f2409ee10 Exception <a 'sun/nio/fs/WindowsException'{0x00000000a4ae4b50}> (0x00000000a4ae4b50) 
thrown [s\src\hotspot\share\prims\jni.cpp, line 516]
Event: 125.022 Thread 0x0000020f2409ee10 Exception <a 'sun/nio/fs/WindowsException'{0x00000000a4ae4be0}> (0x00000000a4ae4be0) 
thrown [s\src\hotspot\share\prims\jni.cpp, line 516]
Event: 125.022 Thread 0x0000020f2409ee10 Exception <a 'sun/nio/fs/WindowsException'{0x00000000a4ae5090}> (0x00000000a4ae5090) 
thrown [s\src\hotspot\share\prims\jni.cpp, line 516]
Event: 125.032 Thread 0x0000020f240a0250 Exception <a 'java/lang/NoSuchMethodError'{0x00000000a4af8448}: static Lcom/android/build/api/variant/impl/ResValueKeyImpl;.<clinit>()V> (0x00000000a4af8448) 
thrown [s\src\hotspot\share\prims\jni.cpp, line 1107]
Event: 125.035 Thread 0x0000020f240a0250 Exception <a 'java/lang/NoSuchMethodError'{0x00000000a49073f0}: static Lcom/android/build/api/variant/ResValue;.<clinit>()V> (0x00000000a49073f0) 
thrown [s\src\hotspot\share\prims\jni.cpp, line 1107]

VM Operations (20 events):
Event: 124.306 Executing VM operation: HandshakeAllThreads
Event: 124.307 Executing VM operation: HandshakeAllThreads done
Event: 124.538 Executing VM operation: HandshakeAllThreads
Event: 124.538 Executing VM operation: HandshakeAllThreads done
Event: 124.540 Executing VM operation: HandshakeAllThreads
Event: 124.540 Executing VM operation: HandshakeAllThreads done
Event: 124.546 Executing VM operation: HandshakeAllThreads
Event: 124.547 Executing VM operation: HandshakeAllThreads done
Event: 124.833 Executing VM operation: ICBufferFull
Event: 124.834 Executing VM operation: ICBufferFull done
Event: 125.413 Executing VM operation: HandshakeAllThreads
Event: 125.413 Executing VM operation: HandshakeAllThreads done
Event: 125.632 Executing VM operation: ICBufferFull
Event: 125.633 Executing VM operation: ICBufferFull done
Event: 125.633 Executing VM operation: ICBufferFull
Event: 125.634 Executing VM operation: ICBufferFull done
Event: 126.636 Executing VM operation: Cleanup
Event: 126.636 Executing VM operation: Cleanup done
Event: 127.649 Executing VM operation: Cleanup
Event: 127.650 Executing VM operation: Cleanup done

Events (20 events):
Event: 125.330 loading class org/w3c/dom/Notation
Event: 125.330 loading class org/w3c/dom/Notation done
Event: 125.330 loading class org/w3c/dom/Entity
Event: 125.330 loading class org/w3c/dom/Entity done
Event: 125.331 loading class org/w3c/dom/events/Event
Event: 125.331 loading class org/w3c/dom/events/Event done
Event: 125.331 loading class org/w3c/dom/events/MutationEvent
Event: 125.331 loading class org/w3c/dom/events/MutationEvent done
Event: 125.332 loading class org/w3c/dom/traversal/TreeWalker
Event: 125.332 loading class org/w3c/dom/traversal/TreeWalker done
Event: 125.332 loading class org/w3c/dom/traversal/NodeIterator
Event: 125.332 loading class org/w3c/dom/traversal/NodeIterator done
Event: 125.332 loading class org/w3c/dom/ranges/Range
Event: 125.332 loading class org/w3c/dom/ranges/Range done
Event: 125.332 loading class org/w3c/dom/events/EventException
Event: 125.333 loading class org/w3c/dom/events/EventException done
Event: 126.449 Thread 0x0000020f22451280 Thread exited: 0x0000020f22451280
Event: 126.449 Thread 0x0000020f224526c0 Thread exited: 0x0000020f224526c0
Event: 126.457 Thread 0x0000020f22450d70 Thread exited: 0x0000020f22450d70
Event: 126.751 Thread 0x0000020f2409e900 Thread exited: 0x0000020f2409e900


Dynamic libraries:
0x00007ff6d5630000 - 0x00007ff6d563e000 	C:\Program Files\Microsoft\jdk-17.0.8.7-hotspot\bin\java.exe
0x00007ffa70eb0000 - 0x00007ffa710c6000 	C:\windows\SYSTEM32\ntdll.dll
0x00007ffa6f7e0000 - 0x00007ffa6f8a4000 	C:\windows\System32\KERNEL32.DLL
0x00007ffa6e3a0000 - 0x00007ffa6e746000 	C:\windows\System32\KERNELBASE.dll
0x00007ffa6e1c0000 - 0x00007ffa6e2d1000 	C:\windows\System32\ucrtbase.dll
0x00007ffa69020000 - 0x00007ffa69037000 	C:\Program Files\Microsoft\jdk-17.0.8.7-hotspot\bin\jli.dll
0x00007ffa68d30000 - 0x00007ffa68d4b000 	C:\Program Files\Microsoft\jdk-17.0.8.7-hotspot\bin\VCRUNTIME140.dll
0x00007ffa70170000 - 0x00007ffa7031d000 	C:\windows\System32\USER32.dll
0x00007ffa6e750000 - 0x00007ffa6e776000 	C:\windows\System32\win32u.dll
0x00007ffa4f7c0000 - 0x00007ffa4fa53000 	C:\windows\WinSxS\amd64_microsoft.windows.common-controls_6595b64144ccf1df_6.0.22621.3235_none_270f74e173860f98\COMCTL32.dll
0x00007ffa70020000 - 0x00007ffa70049000 	C:\windows\System32\GDI32.dll
0x00007ffa6f730000 - 0x00007ffa6f7d7000 	C:\windows\System32\msvcrt.dll
0x00007ffa6e960000 - 0x00007ffa6ea78000 	C:\windows\System32\gdi32full.dll
0x00007ffa6ea80000 - 0x00007ffa6eb1a000 	C:\windows\System32\msvcp_win.dll
0x00007ffa6f8b0000 - 0x00007ffa6f8e1000 	C:\windows\System32\IMM32.DLL
0x00007ffa6a600000 - 0x00007ffa6a60c000 	C:\Program Files\Microsoft\jdk-17.0.8.7-hotspot\bin\vcruntime140_1.dll
0x00007ffa29650000 - 0x00007ffa296dd000 	C:\Program Files\Microsoft\jdk-17.0.8.7-hotspot\bin\msvcp140.dll
0x00007ffa0fa40000 - 0x00007ffa106a5000 	C:\Program Files\Microsoft\jdk-17.0.8.7-hotspot\bin\server\jvm.dll
0x00007ffa6f950000 - 0x00007ffa6fa02000 	C:\windows\System32\ADVAPI32.dll
0x00007ffa70d90000 - 0x00007ffa70e38000 	C:\windows\System32\sechost.dll
0x00007ffa6eb20000 - 0x00007ffa6eb48000 	C:\windows\System32\bcrypt.dll
0x00007ffa70050000 - 0x00007ffa70165000 	C:\windows\System32\RPCRT4.dll
0x00007ffa6e090000 - 0x00007ffa6e0dd000 	C:\windows\SYSTEM32\POWRPROF.dll
0x00007ffa5eea0000 - 0x00007ffa5eeaa000 	C:\windows\SYSTEM32\VERSION.dll
0x00007ffa68fb0000 - 0x00007ffa68fb9000 	C:\windows\SYSTEM32\WSOCK32.dll
0x00007ffa638c0000 - 0x00007ffa638f4000 	C:\windows\SYSTEM32\WINMM.dll
0x00007ffa6f6a0000 - 0x00007ffa6f711000 	C:\windows\System32\WS2_32.dll
0x00007ffa6dfc0000 - 0x00007ffa6dfd3000 	C:\windows\SYSTEM32\UMPDC.dll
0x00007ffa6d1c0000 - 0x00007ffa6d1d8000 	C:\windows\SYSTEM32\kernel.appcore.dll
0x00007ffa62570000 - 0x00007ffa6257a000 	C:\Program Files\Microsoft\jdk-17.0.8.7-hotspot\bin\jimage.dll
0x00007ffa6b9d0000 - 0x00007ffa6bc03000 	C:\windows\SYSTEM32\DBGHELP.DLL
0x00007ffa6ed80000 - 0x00007ffa6f108000 	C:\windows\System32\combase.dll
0x00007ffa70c80000 - 0x00007ffa70d57000 	C:\windows\System32\OLEAUT32.dll
0x00007ffa52520000 - 0x00007ffa52552000 	C:\windows\SYSTEM32\dbgcore.DLL
0x00007ffa6eb50000 - 0x00007ffa6ebca000 	C:\windows\System32\bcryptPrimitives.dll
0x00007ffa4c120000 - 0x00007ffa4c12e000 	C:\Program Files\Microsoft\jdk-17.0.8.7-hotspot\bin\instrument.dll
0x00007ffa47b90000 - 0x00007ffa47bb5000 	C:\Program Files\Microsoft\jdk-17.0.8.7-hotspot\bin\java.dll
0x00007ffa227a0000 - 0x00007ffa22877000 	C:\Program Files\Microsoft\jdk-17.0.8.7-hotspot\bin\jsvml.dll
0x00007ffa70420000 - 0x00007ffa70c7d000 	C:\windows\System32\SHELL32.dll
0x00007ffa6c0d0000 - 0x00007ffa6c9c8000 	C:\windows\SYSTEM32\windows.storage.dll
0x00007ffa6bf90000 - 0x00007ffa6c0ce000 	C:\windows\SYSTEM32\wintypes.dll
0x00007ffa70320000 - 0x00007ffa70413000 	C:\windows\System32\SHCORE.dll
0x00007ffa6f470000 - 0x00007ffa6f4ce000 	C:\windows\System32\shlwapi.dll
0x00007ffa6e0f0000 - 0x00007ffa6e116000 	C:\windows\SYSTEM32\profapi.dll
0x00007ffa54a80000 - 0x00007ffa54a98000 	C:\Program Files\Microsoft\jdk-17.0.8.7-hotspot\bin\zip.dll
0x00007ffa63660000 - 0x00007ffa63679000 	C:\Program Files\Microsoft\jdk-17.0.8.7-hotspot\bin\net.dll
0x00007ffa68190000 - 0x00007ffa682c7000 	C:\windows\SYSTEM32\WINHTTP.dll
0x00007ffa6d630000 - 0x00007ffa6d699000 	C:\windows\system32\mswsock.dll
0x00007ffa54ba0000 - 0x00007ffa54bb6000 	C:\Program Files\Microsoft\jdk-17.0.8.7-hotspot\bin\nio.dll
0x00007ffa4fb20000 - 0x00007ffa4fb30000 	C:\Program Files\Microsoft\jdk-17.0.8.7-hotspot\bin\verify.dll
0x00007ffa637a0000 - 0x00007ffa637c7000 	C:\Users\Admin\.gradle\native\68d5fa5c4cc2d200863cafc0d521ce42e7d3e7ee720ec0a83991735586a16f82\windows-amd64\native-platform.dll
0x00007ffa1b660000 - 0x00007ffa1b7a4000 	C:\Users\Admin\.gradle\native\e376f236ea51e6404a007f0833ffe2c6e607c4080706a723a18a27aeea778392\windows-amd64\native-platform-file-events.dll
0x00007ffa54c90000 - 0x00007ffa54c99000 	C:\Program Files\Microsoft\jdk-17.0.8.7-hotspot\bin\management.dll
0x00007ffa54420000 - 0x00007ffa5442b000 	C:\Program Files\Microsoft\jdk-17.0.8.7-hotspot\bin\management_ext.dll
0x00007ffa6f720000 - 0x00007ffa6f728000 	C:\windows\System32\PSAPI.DLL
0x00007ffa6d980000 - 0x00007ffa6d99b000 	C:\windows\SYSTEM32\CRYPTSP.dll
0x00007ffa6d120000 - 0x00007ffa6d155000 	C:\windows\system32\rsaenh.dll
0x00007ffa6d6d0000 - 0x00007ffa6d6fc000 	C:\windows\SYSTEM32\USERENV.dll
0x00007ffa6d960000 - 0x00007ffa6d96c000 	C:\windows\SYSTEM32\CRYPTBASE.dll
0x00007ffa6cc30000 - 0x00007ffa6cc5d000 	C:\windows\SYSTEM32\IPHLPAPI.DLL
0x00007ffa70d80000 - 0x00007ffa70d89000 	C:\windows\System32\NSI.dll
0x00007ffa67ce0000 - 0x00007ffa67cf9000 	C:\windows\SYSTEM32\dhcpcsvc6.DLL
0x00007ffa67cc0000 - 0x00007ffa67cdf000 	C:\windows\SYSTEM32\dhcpcsvc.DLL
0x00007ffa6cc60000 - 0x00007ffa6cd59000 	C:\windows\SYSTEM32\DNSAPI.dll
0x00007ffa54140000 - 0x00007ffa5414e000 	C:\Program Files\Microsoft\jdk-17.0.8.7-hotspot\bin\sunmscapi.dll
0x00007ffa6e780000 - 0x00007ffa6e8e6000 	C:\windows\System32\CRYPT32.dll
0x00007ffa6da90000 - 0x00007ffa6dabe000 	C:\windows\SYSTEM32\ncrypt.dll
0x00007ffa6da50000 - 0x00007ffa6da87000 	C:\windows\SYSTEM32\NTASN1.dll
0x00007ffa4e6f0000 - 0x00007ffa4e6f8000 	C:\windows\system32\wshunix.dll
0x00007ffa44e00000 - 0x00007ffa44e17000 	C:\windows\system32\napinsp.dll
0x00007ffa44de0000 - 0x00007ffa44dfb000 	C:\windows\system32\pnrpnsp.dll
0x00007ffa44dc0000 - 0x00007ffa44dd1000 	C:\windows\System32\winrnr.dll
0x00007ffa4d2c0000 - 0x00007ffa4d2d5000 	C:\windows\system32\wshbth.dll
0x00007ff9f0680000 - 0x00007ff9f06a1000 	C:\windows\system32\nlansp_c.dll
0x00007ffa5f100000 - 0x00007ffa5f10a000 	C:\Windows\System32\rasadhlp.dll
0x00007ffa661a0000 - 0x00007ffa66223000 	C:\windows\System32\fwpuclnt.dll

dbghelp: loaded successfully - version: 4.0.5 - missing functions: none
symbol engine: initialized successfully - sym options: 0x614 - pdb path: .;C:\Program Files\Microsoft\jdk-17.0.8.7-hotspot\bin;C:\windows\SYSTEM32;C:\windows\WinSxS\amd64_microsoft.windows.common-controls_6595b64144ccf1df_6.0.22621.3235_none_270f74e173860f98;C:\Program Files\Microsoft\jdk-17.0.8.7-hotspot\bin\server;C:\Users\Admin\.gradle\native\68d5fa5c4cc2d200863cafc0d521ce42e7d3e7ee720ec0a83991735586a16f82\windows-amd64;C:\Users\Admin\.gradle\native\e376f236ea51e6404a007f0833ffe2c6e607c4080706a723a18a27aeea778392\windows-amd64

VM Arguments:
jvm_args: -XX:MaxMetaspaceSize=512m --add-opens=java.base/java.util=ALL-UNNAMED --add-opens=java.base/java.lang=ALL-UNNAMED --add-opens=java.base/java.lang.invoke=ALL-UNNAMED --add-opens=java.prefs/java.util.prefs=ALL-UNNAMED --add-opens=java.base/java.nio.charset=ALL-UNNAMED --add-opens=java.base/java.net=ALL-UNNAMED --add-opens=java.base/java.util.concurrent.atomic=ALL-UNNAMED -Xmx2048m -Dfile.encoding=windows-1252 -Duser.country=IN -Duser.language=en -Duser.variant -javaagent:C:\Users\Admin\.gradle\wrapper\dists\gradle-8.3-all\6en3ugtfdg5xnpx44z4qbwgas\gradle-8.3\lib\agents\gradle-instrumentation-agent-8.3.jar 
java_command: org.gradle.launcher.daemon.bootstrap.GradleDaemon 8.3
java_class_path (initial): C:\Users\Admin\.gradle\wrapper\dists\gradle-8.3-all\6en3ugtfdg5xnpx44z4qbwgas\gradle-8.3\lib\gradle-launcher-8.3.jar
Launcher Type: SUN_STANDARD

[Global flags]
     intx CICompilerCount                          = 4                                         {product} {ergonomic}
   size_t CompressedClassSpaceSize                 = 436207616                                 {product} {ergonomic}
     uint ConcGCThreads                            = 2                                         {product} {ergonomic}
     uint G1ConcRefinementThreads                  = 8                                         {product} {ergonomic}
   size_t G1HeapRegionSize                         = 1048576                                   {product} {ergonomic}
    uintx GCDrainStackTargetSize                   = 64                                        {product} {ergonomic}
   size_t InitialHeapSize                          = 264241152                                 {product} {ergonomic}
   size_t MarkStackSize                            = 4194304                                   {product} {ergonomic}
   size_t MaxHeapSize                              = 2147483648                                {product} {command line}
   size_t MaxMetaspaceSize                         = 536870912                                 {product} {command line}
   size_t MaxNewSize                               = 1287651328                                {product} {ergonomic}
   size_t MinHeapDeltaBytes                        = 1048576                                   {product} {ergonomic}
   size_t MinHeapSize                              = 8388608                                   {product} {ergonomic}
    uintx NonNMethodCodeHeapSize                   = 5839372                                {pd product} {ergonomic}
    uintx NonProfiledCodeHeapSize                  = 122909434                              {pd product} {ergonomic}
    uintx ProfiledCodeHeapSize                     = 122909434                              {pd product} {ergonomic}
    uintx ReservedCodeCacheSize                    = 251658240                              {pd product} {ergonomic}
     bool SegmentedCodeCache                       = true                                      {product} {ergonomic}
   size_t SoftMaxHeapSize                          = 2147483648                             {manageable} {ergonomic}
     bool UseCompressedClassPointers               = true                           {product lp64_product} {ergonomic}
     bool UseCompressedOops                        = true                           {product lp64_product} {ergonomic}
     bool UseG1GC                                  = true                                      {product} {ergonomic}
     bool UseLargePagesIndividualAllocation        = false                                  {pd product} {ergonomic}

Logging:
Log output configuration:
 #0: stdout all=warning uptime,level,tags
 #1: stderr all=off uptime,level,tags

Environment Variables:
JAVA_HOME=C:\Program Files\Microsoft\jdk-17.0.8.7-hotspot
CLASSPATH=D:\Main_Projects\React\patanjali_nutraceuticals_app\android\\gradle\wrapper\gradle-wrapper.jar
PATH=D:\Main_Projects\React\patanjali_nutraceuticals_app\node_modules\.bin;D:\Main_Projects\React\patanjali_nutraceuticals_app\node_modules\.bin;D:\Main_Projects\React\node_modules\.bin;D:\Main_Projects\node_modules\.bin;D:\node_modules\.bin;C:\Users\Admin\AppData\Roaming\nvm\v20.11.0\node_modules\npm\node_modules\@npmcli\run-script\lib\node-gyp-bin;C:\Program Files\Microsoft\jdk-17.0.8.7-hotspot\bin;C:\Program Files\Common Files\Oracle\Java\javapath;C:\windows\system32;C:\windows;C:\windows\System32\Wbem;C:\windows\System32\WindowsPowerShell\v1.0\;C:\windows\System32\OpenSSH\;C:\Program Files\Git\cmd;C:\ProgramData\chocolatey\bin;C:\Users\Admin\AppData\Roaming\nvm;C:\Program Files\nodejs;C:\Users\Admin\AppData\Local\Microsoft\WindowsApps;C:\flutter\bin;C:\Users\Admin\AppData\Local\Android\Sdk\platform-tools;C:\Users\Admin\AppData\Local\Programs\Microsoft VS Code\bin;C:\Users\Admin\AppData\Roaming\nvm;C:\Program Files\nodejs
USERNAME=Admin
LANG=en_US.UTF-8
OS=Windows_NT
PROCESSOR_IDENTIFIER=Intel64 Family 6 Model 140 Stepping 1, GenuineIntel
TMP=C:\Users\Admin\AppData\Local\Temp
TEMP=C:\Users\Admin\AppData\Local\Temp



---------------  S Y S T E M  ---------------

OS:
 Windows 11 , 64 bit Build 22621 (10.0.22621.3235)
OS uptime: 13 days 0:09 hours
Hyper-V role detected

CPU: total 8 (initial active 8) (4 cores per cpu, 2 threads per core) family 6 model 140 stepping 1 microcode 0xb6, cx8, cmov, fxsr, ht, mmx, 3dnowpref, sse, sse2, sse3, ssse3, sse4.1, sse4.2, popcnt, lzcnt, tsc, tscinvbit, avx, avx2, aes, erms, clmul, bmi1, bmi2, adx, avx512f, avx512dq, avx512cd, avx512bw, avx512vl, sha, fma, vzeroupper, avx512_vpopcntdq, avx512_vpclmulqdq, avx512_vaes, avx512_vnni, clflush, clflushopt, clwb, avx512_vbmi2, avx512_vbmi, hv
Processor Information for processor 0
  Max Mhz: 2419, Current Mhz: 2419, Mhz Limit: 2419
Processor Information for processor 1
  Max Mhz: 2419, Current Mhz: 2419, Mhz Limit: 2419
Processor Information for processor 2
  Max Mhz: 2419, Current Mhz: 2419, Mhz Limit: 2419
Processor Information for processor 3
  Max Mhz: 2419, Current Mhz: 1209, Mhz Limit: 2419
Processor Information for processor 4
  Max Mhz: 2419, Current Mhz: 2419, Mhz Limit: 2419
Processor Information for processor 5
  Max Mhz: 2419, Current Mhz: 2419, Mhz Limit: 2419
Processor Information for processor 6
  Max Mhz: 2419, Current Mhz: 2419, Mhz Limit: 2419
Processor Information for processor 7
  Max Mhz: 2419, Current Mhz: 2419, Mhz Limit: 2419

Memory: 4k page, system-wide physical 16064M (2947M free)
TotalPageFile size 35663M (AvailPageFile size 10432M)
current process WorkingSet (physical memory assigned to process): 938M, peak: 945M
current process commit charge ("private bytes"): 1068M, peak: 1076M

vm_info: OpenJDK 64-Bit Server VM (17.0.8+7-LTS) for windows-amd64 JRE (17.0.8+7-LTS), built on Jul  7 2023 17:21:55 by "MicrosoftCorporation" with MS VC++ 16.10 / 16.11 (VS2019)

END.
